
     0K .......... .......... .......... .......... ..........  0%  228K 25s
    50K .......... .......... .......... .......... ..........  1%  106K 39s
   100K .......... .......... .......... .......... ..........  2%  368K 31s
   150K .......... .......... .......... .......... ..........  3%  769K 25s
   200K .......... .......... .......... .......... ..........  4%  123K 29s
   250K .......... .......... .......... .......... ..........  5%  111K 32s
   300K .......... .......... .......... .......... ..........  6%  427K 29s
   350K .......... .......... .......... .......... ..........  6%  245K 28s
   400K .......... .......... .......... .......... ..........  7%  187K 28s
   450K .......... .......... .......... .......... ..........  8%  313K 26s
   500K .......... .......... .......... .......... ..........  9%  137K 27s
   550K .......... .......... .......... .......... .......... 10%  593K 26s
   600K .......... .......... .......... .......... .......... 11%  194K 25s
   650K .......... .......... .......... .......... .......... 12%  267K 25s
   700K .......... .......... .......... .......... .......... 12%  401K 24s
   750K .......... .......... .......... .......... .......... 13% 88.1K 26s
   800K .......... .......... .......... .......... .......... 14%  586K 24s
   850K .......... .......... .......... .......... .......... 15%  108K 25s
   900K .......... .......... .......... .......... .......... 16%  139K 25s
   950K .......... .......... .......... .......... .......... 17% 49.6K 29s
  1000K .......... .......... .......... .......... .......... 18% 95.6K 30s
  1050K .......... .......... .......... .......... .......... 18%  304K 29s
  1100K .......... .......... .......... .......... .......... 19% 61.1K 30s
  1150K .......... .......... .......... .......... .......... 20%  220K 30s
  1200K .......... .......... .......... .......... .......... 21%  300K 29s
  1250K .......... .......... .......... .......... .......... 22% 60.7K 30s
  1300K .......... .......... .......... .......... .......... 23%  342K 29s
  1350K .......... .......... .......... .......... .......... 24%  104K 29s
  1400K .......... .......... .......... .......... .......... 24%  458K 28s
  1450K .......... .......... .......... .......... .......... 25%  432K 27s
  1500K .......... .......... .......... .......... .......... 26%  152K 27s
  1550K .......... .......... .......... .......... .......... 27%  316K 26s
  1600K .......... .......... .......... .......... .......... 28%  126K 26s
  1650K .......... .......... .......... .......... .......... 29%  185K 26s
  1700K .......... .......... .......... .......... .......... 30% 86.6K 26s
  1750K .......... .......... .......... .......... .......... 31%  480K 25s
  1800K .......... .......... .......... .......... .......... 31% 87.7K 26s
  1850K .......... .......... .......... .......... .......... 32%  134K 25s
  1900K .......... .......... .......... .......... .......... 33%  109K 25s
  1950K .......... .......... .......... .......... .......... 34% 71.2K 26s
  2000K .......... .......... .......... .......... .......... 35% 88.6K 26s
  2050K .......... .......... .......... .......... .......... 36%  248K 25s
  2100K .......... .......... .......... .......... .......... 37% 87.0K 25s
  2150K .......... .......... .......... .......... .......... 37%  318K 25s
  2200K .......... .......... .......... .......... .......... 38%  647K 24s
  2250K .......... .......... .......... .......... .......... 39% 66.9K 24s
  2300K .......... .......... .......... .......... .......... 40% 85.9K 24s
  2350K .......... .......... .......... .......... .......... 41%  140K 24s
  2400K .......... .......... .......... .......... .......... 42% 85.3K 24s
  2450K .......... .......... .......... .......... .......... 43%  461K 23s
  2500K .......... .......... .......... .......... .......... 43%  438K 22s
  2550K .......... .......... .......... .......... .......... 44%  408K 22s
  2600K .......... .......... .......... .......... .......... 45%  235K 21s
  2650K .......... .......... .......... .......... .......... 46%  215K 21s
  2700K .......... .......... .......... .......... .......... 47%  101K 21s
  2750K .......... .......... .......... .......... .......... 48%  211K 20s
  2800K .......... .......... .......... .......... .......... 49%  120K 20s
  2850K .......... .......... .......... .......... .......... 49%  228K 20s
  2900K .......... .......... .......... .......... .......... 50%  214K 19s
  2950K .......... .......... .......... .......... .......... 51% 94.3K 19s
  3000K .......... .......... .......... .......... .......... 52%  239K 18s
  3050K .......... .......... .......... .......... .......... 53%  201K 18s
  3100K .......... .......... .......... .......... .......... 54%  127K 18s
  3150K .......... .......... .......... .......... .......... 55%  185K 17s
  3200K .......... .......... .......... .......... .......... 56%  191K 17s
  3250K .......... .......... .......... .......... .......... 56%  392K 17s
  3300K .......... .......... .......... .......... .......... 57%  394K 16s
  3350K .......... .......... .......... .......... .......... 58% 88.6K 16s
  3400K .......... .......... .......... .......... .......... 59%  272K 15s
  3450K .......... .......... .......... .......... .......... 60%  435K 15s
  3500K .......... .......... .......... .......... .......... 61%  290K 15s
  3550K .......... .......... .......... .......... .......... 62%  199K 14s
  3600K .......... .......... .......... .......... .......... 62%  291K 14s
  3650K .......... .......... .......... .......... .......... 63% 62.8K 14s
  3700K .......... .......... .......... .......... .......... 64%  192K 13s
  3750K .......... .......... .......... .......... .......... 65%  348K 13s
  3800K .......... .......... .......... .......... .......... 66%  143K 13s
  3850K .......... .......... .......... .......... .......... 67% 95.8K 12s
  3900K .......... .......... .......... .......... .......... 68%  645K 12s
  3950K .......... .......... .......... .......... .......... 68%  108K 12s
  4000K .......... .......... .......... .......... .......... 69%  215K 11s
  4050K .......... .......... .......... .......... .......... 70%  110K 11s
  4100K .......... .......... .......... .......... .......... 71%  102K 11s
  4150K .......... .......... .......... .......... .......... 72%  207K 10s
  4200K .......... .......... .......... .......... .......... 73%  171K 10s
  4250K .......... .......... .......... .......... .......... 74%  194K 10s
  4300K .......... .......... .......... .......... .......... 74%  422K 9s
  4350K .......... .......... .......... .......... .......... 75%  118K 9s
  4400K .......... .......... .......... .......... .......... 76%  262K 9s
  4450K .......... .......... .......... .......... .......... 77%  192K 8s
  4500K .......... .......... .......... .......... .......... 78% 65.3K 8s
  4550K .......... .......... .......... .......... .......... 79% 69.3K 8s
  4600K .......... .......... .......... .......... .......... 80% 88.3K 8s
  4650K .......... .......... .......... .......... .......... 80% 65.1K 7s
  4700K .......... .......... .......... .......... .......... 81% 65.1K 7s
  4750K .......... .......... .......... .......... .......... 82%  152K 7s
  4800K .......... .......... .......... .......... .......... 83% 98.9K 7s
  4850K .......... .......... .......... .......... .......... 84%  199K 6s
  4900K .......... .......... .......... .......... .......... 85%  271K 6s
  4950K .......... .......... .......... .......... .......... 86% 57.5K 6s
  5000K .......... .......... .......... .......... .......... 87%  107K 5s
  5050K .......... .......... .......... .......... .......... 87%  171K 5s
  5100K .......... .......... .......... .......... .......... 88% 63.0K 5s
  5150K .......... .......... .......... .......... .......... 89%  491K 4s
  5200K .......... .......... .......... .......... .......... 90%  121K 4s
  5250K .......... .......... .......... .......... .......... 91% 69.6K 4s
  5300K .......... .......... .......... .......... .......... 92% 95.0K 3s
  5350K .......... .......... .......... .......... .......... 93% 64.3K 3s
  5400K .......... .......... .......... .......... .......... 93%  439K 3s
  5450K .......... .......... .......... .......... .......... 94%  161K 2s
  5500K .......... .......... .......... .......... .......... 95%  190K 2s
  5550K .......... .......... .......... .......... .......... 96%  389K 1s
  5600K .......... .......... .......... .......... .......... 97%  137K 1s
  5650K .......... .......... .......... .......... .......... 98% 28.7K 1s
  5700K .......... .......... .......... .......... .......... 99% 51.2K 0s
  5750K .......... .......... .......... .......... .......... 99% 81.6K 0s
  5800K ...                                                   100% 5.94T=43s


     0K .......... .......... .......... .......... ..........  2% 93.6K 18s
    50K .......... .......... .......... .......... ..........  5%  368K 11s
   100K .......... .......... .......... .......... ..........  8%  149K 11s
   150K .......... .......... .......... .......... .......... 11%  285K 9s
   200K .......... .......... .......... .......... .......... 14% 97.4K 10s
   250K .......... .......... .......... .......... .......... 17%  170K 10s
   300K .......... .......... .......... .......... .......... 20%  222K 9s
   350K .......... .......... .......... .......... .......... 22% 56.3K 10s
   400K .......... .......... .......... .......... .......... 25%  189K 10s
   450K .......... .......... .......... .......... .......... 28% 62.6K 10s
   500K .......... .......... .......... .......... .......... 31%  412K 9s
   550K .......... .......... .......... .......... .......... 34% 93.9K 9s
   600K .......... .......... .......... .......... .......... 37% 95.9K 9s
   650K .......... .......... .......... .......... .......... 40% 90.3K 9s
   700K .......... .......... .......... .......... .......... 42%  166K 8s
   750K .......... .......... .......... .......... .......... 45%  316K 8s
   800K .......... .......... .......... .......... .......... 48% 85.2K 7s
   850K .......... .......... .......... .......... .......... 51%  105K 7s
   900K .......... .......... .......... .......... .......... 54%  307K 6s
   950K .......... .......... .......... .......... .......... 57%  209K 6s
  1000K .......... .......... .......... .......... .......... 60%  260K 5s
  1050K .......... .......... .......... .......... .......... 63%  317K 5s
  1100K .......... .......... .......... .......... .......... 65%  130K 4s
  1150K .......... .......... .......... .......... .......... 68%  168K 4s
  1200K .......... .......... .......... .......... .......... 71%  158K 4s
  1250K .......... .......... .......... .......... .......... 74%  162K 3s
  1300K .......... .......... .......... .......... .......... 77% 84.8K 3s
  1350K .......... .......... .......... .......... .......... 80%  209K 3s
  1400K .......... .......... .......... .......... .......... 83% 85.8K 2s
  1450K .......... .......... .......... .......... .......... 85%  388K 2s
  1500K .......... .......... .......... .......... .......... 88% 87.8K 1s
  1550K .......... .......... .......... .......... .......... 91%  144K 1s
  1600K .......... .......... .......... .......... .......... 94% 83.8K 1s
  1650K .......... .......... .......... .......... .......... 97%  213K 0s
  1700K .......... .......... .......... .......... .....     100%  116K=13s


     0K .......... .......... .......... .......... ..........  3%  591K 2s
    50K .......... .......... .......... .......... ..........  7%  456K 2s
   100K .......... .......... .......... .......... .......... 11%  234K 3s
   150K .......... .......... .......... .......... .......... 14%  182K 4s
   200K .......... .......... .......... .......... .......... 18%  198K 4s
   250K .......... .......... .......... .......... .......... 22% 52.1K 7s
   300K .......... .......... .......... .......... .......... 25%  245K 6s
   350K .......... .......... .......... .......... .......... 29%  327K 5s
   400K .......... .......... .......... .......... .......... 33%  331K 5s
   450K .......... .......... .......... .......... .......... 37%  246K 4s
   500K .......... .......... .......... .......... .......... 40%  274K 4s
   550K .......... .......... .......... .......... .......... 44%  312K 4s
   600K .......... .......... .......... .......... .......... 48%  188K 3s
   650K .......... .......... .......... .......... .......... 51%  225K 3s
   700K .......... .......... .......... .......... .......... 55%  123K 3s
   750K .......... .......... .......... .......... .......... 59%  287K 3s
   800K .......... .......... .......... .......... .......... 63%  388K 2s
   850K .......... .......... .......... .......... .......... 66%  277K 2s
   900K .......... .......... .......... .......... .......... 70%  243K 2s
   950K .......... .......... .......... .......... .......... 74%  313K 2s
  1000K .......... .......... .......... .......... .......... 77%  384K 1s
  1050K .......... .......... .......... .......... .......... 81%  389K 1s
  1100K .......... .......... .......... .......... .......... 85%  110K 1s
  1150K .......... .......... .......... .......... .......... 89%  241K 1s
  1200K .......... .......... .......... .......... .......... 92%  444K 0s
  1250K .......... .......... .......... .......... .......... 96%  254K 0s
  1300K .......... .......... .......... .......... .......   100% 96.8K=6.4s


     0K .......... .......... .......... .......... ..........  6%  207K 3s
    50K .......... .......... .......... .......... .......... 13%  104K 5s
   100K .......... .......... .......... .......... .......... 19%  217K 4s
   150K .......... .......... .......... .......... .......... 26%  289K 3s
   200K .......... .......... .......... .......... .......... 32% 87.6K 4s
   250K .......... .......... .......... .......... .......... 39%  487K 3s
   300K .......... .......... .......... .......... .......... 45%  327K 2s
   350K .......... .......... .......... .......... .......... 52%  153K 2s
   400K .......... .......... .......... .......... .......... 58%  108K 2s
   450K .......... .......... .......... .......... .......... 65%  193K 2s
   500K .......... .......... .......... .......... .......... 71%  148K 1s
   550K .......... .......... .......... .......... .......... 78%  192K 1s
   600K .......... .......... .......... .......... .......... 84%  241K 1s
   650K .......... .......... .......... .......... .......... 91%  239K 0s
   700K .......... .......... .......... .......... .......... 97%  402K 0s
   750K .......... ........                                   100%  364K=4.2s


     0K .......... .......... .......... .......... ..........  1%  149K 25s
    50K .......... .......... .......... .......... ..........  2%  206K 21s
   100K .......... .......... .......... .......... ..........  3%  216K 19s
   150K .......... .......... .......... .......... ..........  5%  285K 18s
   200K .......... .......... .......... .......... ..........  6% 99.4K 21s
   250K .......... .......... .......... .......... ..........  7%  195K 20s
   300K .......... .......... .......... .......... ..........  9%  139K 20s
   350K .......... .......... .......... .......... .......... 10%  207K 20s
   400K .......... .......... .......... .......... .......... 11%  130K 20s
   450K .......... .......... .......... .......... .......... 13%  327K 19s
   500K .......... .......... .......... .......... .......... 14%  204K 18s
   550K .......... .......... .......... .......... .......... 15%  106K 19s
   600K .......... .......... .......... .......... .......... 17%  497K 18s
   650K .......... .......... .......... .......... .......... 18%  135K 18s
   700K .......... .......... .......... .......... .......... 19%  110K 18s
   750K .......... .......... .......... .......... .......... 21%  148K 18s
   800K .......... .......... .......... .......... .......... 22% 84.2K 19s
   850K .......... .......... .......... .......... .......... 23%  198K 18s
   900K .......... .......... .......... .......... .......... 25%  169K 18s
   950K .......... .......... .......... .......... .......... 26% 98.7K 18s
  1000K .......... .......... .......... .......... .......... 27%  503K 17s
  1050K .......... .......... .......... .......... .......... 29%  120K 17s
  1100K .......... .......... .......... .......... .......... 30%  169K 17s
  1150K .......... .......... .......... .......... .......... 31%  385K 16s
  1200K .......... .......... .......... .......... .......... 33% 93.1K 16s
  1250K .......... .......... .......... .......... .......... 34%  172K 16s
  1300K .......... .......... .......... .......... .......... 35%  124K 15s
  1350K .......... .......... .......... .......... .......... 37%  331K 15s
  1400K .......... .......... .......... .......... .......... 38%  134K 15s
  1450K .......... .......... .......... .......... .......... 39%  122K 14s
  1500K .......... .......... .......... .......... .......... 41%  275K 14s
  1550K .......... .......... .......... .......... .......... 42%  508K 13s
  1600K .......... .......... .......... .......... .......... 43% 51.3K 14s
  1650K .......... .......... .......... .......... .......... 45%  124K 14s
  1700K .......... .......... .......... .......... .......... 46% 85.7K 14s
  1750K .......... .......... .......... .......... .......... 47% 89.0K 13s
  1800K .......... .......... .......... .......... .......... 49%  333K 13s
  1850K .......... .......... .......... .......... .......... 50%  137K 13s
  1900K .......... .......... .......... .......... .......... 51%  135K 12s
  1950K .......... .......... .......... .......... .......... 53%  229K 12s
  2000K .......... .......... .......... .......... .......... 54%  119K 12s
  2050K .......... .......... .......... .......... .......... 55%  278K 11s
  2100K .......... .......... .......... .......... .......... 57%  102K 11s
  2150K .......... .......... .......... .......... .......... 58%  424K 10s
  2200K .......... .......... .......... .......... .......... 59%  184K 10s
  2250K .......... .......... .......... .......... .......... 61%  155K 10s
  2300K .......... .......... .......... .......... .......... 62% 74.5K 10s
  2350K .......... .......... .......... .......... .......... 63%  132K 9s
  2400K .......... .......... .......... .......... .......... 65%  222K 9s
  2450K .......... .......... .......... .......... .......... 66% 68.6K 9s
  2500K .......... .......... .......... .......... .......... 67%  554K 8s
  2550K .......... .......... .......... .......... .......... 69%  490K 8s
  2600K .......... .......... .......... .......... .......... 70% 74.2K 8s
  2650K .......... .......... .......... .......... .......... 71%  124K 7s
  2700K .......... .......... .......... .......... .......... 73%  122K 7s
  2750K .......... .......... .......... .......... .......... 74%  216K 7s
  2800K .......... .......... .......... .......... .......... 75%  132K 6s
  2850K .......... .......... .......... .......... .......... 77%  159K 6s
  2900K .......... .......... .......... .......... .......... 78%  164K 6s
  2950K .......... .......... .......... .......... .......... 79%  149K 5s
  3000K .......... .......... .......... .......... .......... 81%  459K 5s
  3050K .......... .......... .......... .......... .......... 82%  128K 4s
  3100K .......... .......... .......... .......... .......... 83%  362K 4s
  3150K .......... .......... .......... .......... .......... 85%  179K 4s
  3200K .......... .......... .......... .......... .......... 86%  164K 3s
  3250K .......... .......... .......... .......... .......... 87% 80.2K 3s
  3300K .......... .......... .......... .......... .......... 89%  147K 3s
  3350K .......... .......... .......... .......... .......... 90%  360K 2s
  3400K .......... .......... .......... .......... .......... 91%  119K 2s
  3450K .......... .......... .......... .......... .......... 93%  267K 2s
  3500K .......... .......... .......... .......... .......... 94% 98.9K 1s
  3550K .......... .......... .......... .......... .......... 95%  132K 1s
  3600K .......... .......... .......... .......... .......... 97%  242K 1s
  3650K .......... .......... .......... .......... .......... 98%  107K 0s
  3700K .......... .......... .......... .......... .......... 99% 91.8K 0s
  3750K ...                                                   100% 6.29T=26s


     0K .......... .......... .......... .......... ..........  1% 90.0K 49s
    50K .......... .......... .......... .......... ..........  2% 57.4K 62s
   100K .......... .......... .......... .......... ..........  3%  420K 44s
   150K .......... .......... .......... .......... ..........  4%  145K 40s
   200K .......... .......... .......... .......... ..........  5%  143K 37s
   250K .......... .......... .......... .......... ..........  6%  338K 33s
   300K .......... .......... .......... .......... ..........  7%  395K 29s
   350K .......... .......... .......... .......... ..........  9%  135K 29s
   400K .......... .......... .......... .......... .......... 10%  253K 27s
   450K .......... .......... .......... .......... .......... 11% 72.8K 30s
   500K .......... .......... .......... .......... .......... 12%  186K 28s
   550K .......... .......... .......... .......... .......... 13%  185K 27s
   600K .......... .......... .......... .......... .......... 14%  157K 27s
   650K .......... .......... .......... .......... .......... 15%  232K 26s
   700K .......... .......... .......... .......... .......... 16% 34.9K 31s
   750K .......... .......... .......... .......... .......... 18%  147K 30s
   800K .......... .......... .......... .......... .......... 19%  351K 28s
   850K .......... .......... .......... .......... .......... 20%  133K 28s
   900K .......... .......... .......... .......... .......... 21%  153K 27s
   950K .......... .......... .......... .......... .......... 22%  207K 26s
  1000K .......... .......... .......... .......... .......... 23% 83.7K 27s
  1050K .......... .......... .......... .......... .......... 24%  478K 25s
  1100K .......... .......... .......... .......... .......... 25%  158K 25s
  1150K .......... .......... .......... .......... .......... 27%  663K 24s
  1200K .......... .......... .......... .......... .......... 28%  234K 23s
  1250K .......... .......... .......... .......... .......... 29% 98.0K 23s
  1300K .......... .......... .......... .......... .......... 30%  107K 23s
  1350K .......... .......... .......... .......... .......... 31% 78.0K 23s
  1400K .......... .......... .......... .......... .......... 32%  193K 22s
  1450K .......... .......... .......... .......... .......... 33% 99.6K 22s
  1500K .......... .......... .......... .......... .......... 35%  118K 22s
  1550K .......... .......... .......... .......... .......... 36%  134K 21s
  1600K .......... .......... .......... .......... .......... 37% 92.4K 21s
  1650K .......... .......... .......... .......... .......... 38%  110K 21s
  1700K .......... .......... .......... .......... .......... 39% 51.2K 22s
  1750K .......... .......... .......... .......... .......... 40% 43.7K 22s
  1800K .......... .......... .......... .......... .......... 41% 87.9K 22s
  1850K .......... .......... .......... .......... .......... 42%  163K 21s
  1900K .......... .......... .......... .......... .......... 44%  140K 21s
  1950K .......... .......... .......... .......... .......... 45% 49.8K 21s
  2000K .......... .......... .......... .......... .......... 46%  240K 21s
  2050K .......... .......... .......... .......... .......... 47% 92.6K 20s
  2100K .......... .......... .......... .......... .......... 48%  180K 20s
  2150K .......... .......... .......... .......... .......... 49%  262K 19s
  2200K .......... .......... .......... .......... .......... 50%  105K 19s
  2250K .......... .......... .......... .......... .......... 51%  374K 18s
  2300K .......... .......... .......... .......... .......... 53%  163K 17s
  2350K .......... .......... .......... .......... .......... 54% 51.8K 17s
  2400K .......... .......... .......... .......... .......... 55%  182K 17s
  2450K .......... .......... .......... .......... .......... 56%  105K 16s
  2500K .......... .......... .......... .......... .......... 57% 56.0K 16s
  2550K .......... .......... .......... .......... .......... 58%  251K 16s
  2600K .......... .......... .......... .......... .......... 59% 88.2K 15s
  2650K .......... .......... .......... .......... .......... 61%  422K 15s
  2700K .......... .......... .......... .......... .......... 62% 82.6K 14s
  2750K .......... .......... .......... .......... .......... 63% 74.3K 14s
  2800K .......... .......... .......... .......... .......... 64%  237K 14s
  2850K .......... .......... .......... .......... .......... 65%  115K 13s
  2900K .......... .......... .......... .......... .......... 66%  267K 13s
  2950K .......... .......... .......... .......... .......... 67%  173K 12s
  3000K .......... .......... .......... .......... .......... 68%  194K 12s
  3050K .......... .......... .......... .......... .......... 70%  257K 11s
  3100K .......... .......... .......... .......... .......... 71% 76.9K 11s
  3150K .......... .......... .......... .......... .......... 72%  185K 10s
  3200K .......... .......... .......... .......... .......... 73%  138K 10s
  3250K .......... .......... .......... .......... .......... 74%  119K 9s
  3300K .......... .......... .......... .......... .......... 75%  217K 9s
  3350K .......... .......... .......... .......... .......... 76%  309K 8s
  3400K .......... .......... .......... .......... .......... 77%  118K 8s
  3450K .......... .......... .......... .......... .......... 79%  197K 8s
  3500K .......... .......... .......... .......... .......... 80%  298K 7s
  3550K .......... .......... .......... .......... .......... 81%  123K 7s
  3600K .......... .......... .......... .......... .......... 82%  437K 6s
  3650K .......... .......... .......... .......... .......... 83%  106K 6s
  3700K .......... .......... .......... .......... .......... 84%  416K 5s
  3750K .......... .......... .......... .......... .......... 85% 99.2K 5s
  3800K .......... .......... .......... .......... .......... 87%  191K 5s
  3850K .......... .......... .......... .......... .......... 88%  138K 4s
  3900K .......... .......... .......... .......... .......... 89%  177K 4s
  3950K .......... .......... .......... .......... .......... 90% 93.3K 3s
  4000K .......... .......... .......... .......... .......... 91%  146K 3s
  4050K .......... .......... .......... .......... .......... 92%  168K 3s
  4100K .......... .......... .......... .......... .......... 93% 80.7K 2s
  4150K .......... .......... .......... .......... .......... 94%  137K 2s
  4200K .......... .......... .......... .......... .......... 96%  205K 1s
  4250K .......... .......... .......... .......... .......... 97%  498K 1s
  4300K .......... .......... .......... .......... .......... 98%  467K 1s
  4350K .......... .......... .......... .......... .......... 99%  370K 0s
  4400K .......... .......... ...                             100%  388K=34s


     0K .......... .......... .......... .......... ..........  6%  284K 3s
    50K .......... .......... .......... .......... .......... 12%  177K 3s
   100K .......... .......... .......... .......... .......... 18% 71.3K 5s
   150K .......... .......... .......... .......... .......... 24% 50.8K 6s
   200K .......... .......... .......... .......... .......... 31% 52.1K 7s
   250K .......... .......... .......... .......... .......... 37% 33.7K 8s
   300K .......... .......... .......... .......... .......... 43% 91.4K 7s
   350K .......... .......... .......... .......... .......... 49%  115K 6s
   400K .......... .......... .......... .......... .......... 56%  245K 5s
   450K .......... .......... .......... .......... .......... 62% 48.6K 4s
   500K .......... .......... .......... .......... .......... 68% 39.8K 4s
   550K .......... .......... .......... .......... .......... 74% 58.1K 3s
   600K .......... .......... .......... .......... .......... 81%  169K 2s
   650K .......... .......... .......... .......... .......... 87% 37.0K 2s
   700K .......... .......... .......... .......... .......... 93% 89.2K 1s
   750K .......... .......... .......... .......... .......... 99% 91.6K 0s
   800K .                                                     100% 2.68T=12s


     0K .......... .......... .......... .......... ..........  0%  114K 24m12s
    50K .......... .......... .......... .......... ..........  0%  140K 21m59s
   100K .......... .......... .......... .......... ..........  0% 39.6K 37m56s
   150K .......... .......... .......... .......... ..........  0%  131K 33m44s
   200K .......... .......... .......... .......... ..........  0% 93.1K 32m55s
   250K .......... .......... .......... .......... ..........  0% 45.8K 37m30s
   300K .......... .......... .......... .......... ..........  0%  271K 33m36s
   350K .......... .......... .......... .......... ..........  0%  352K 30m22s
   400K .......... .......... .......... .......... ..........  0% 71.2K 31m18s
   450K .......... .......... .......... .......... ..........  0% 64.3K 32m27s
   500K .......... .......... .......... .......... ..........  0%  351K 30m13s
   550K .......... .......... .......... .......... ..........  0% 57.3K 31m42s
   600K .......... .......... .......... .......... ..........  0% 35.2K 35m17s
   650K .......... .......... .......... .......... ..........  0% 72.5K 35m28s
   700K .......... .......... .......... .......... ..........  0% 80.4K 35m23s
   750K .......... .......... .......... .......... ..........  0% 41.7K 37m17s
   800K .......... .......... .......... .......... ..........  0% 80.9K 37m5s
   850K .......... .......... .......... .......... ..........  0% 57.2K 37m42s
   900K .......... .......... .......... .......... ..........  0%  121K 36m54s
   950K .......... .......... .......... .......... ..........  0%  252K 35m35s
  1000K .......... .......... .......... .......... ..........  0% 32.4K 37m55s
  1050K .......... .......... .......... .......... ..........  0%  442K 36m28s
  1100K .......... .......... .......... .......... ..........  0% 59.9K 36m52s
  1150K .......... .......... .......... .......... ..........  0%  195K 35m55s
  1200K .......... .......... .......... .......... ..........  0% 65.1K 36m9s
  1250K .......... .......... .......... .......... ..........  0% 65.2K 36m23s
  1300K .......... .......... .......... .......... ..........  0% 43.2K 37m22s
  1350K .......... .......... .......... .......... ..........  0% 77.5K 37m18s
  1400K .......... .......... .......... .......... ..........  0%  184K 36m31s
  1450K .......... .......... .......... .......... ..........  0% 45.7K 37m17s
  1500K .......... .......... .......... .......... ..........  0%  281K 36m23s
  1550K .......... .......... .......... .......... ..........  0%  386K 35m28s
  1600K .......... .......... .......... .......... ..........  0% 23.1K 37m58s
  1650K .......... .......... .......... .......... ..........  1% 42.5K 38m44s
  1700K .......... .......... .......... .......... ..........  1% 53.4K 39m5s
  1750K .......... .......... .......... .......... ..........  1%  117K 38m39s
  1800K .......... .......... .......... .......... ..........  1% 37.5K 39m34s
  1850K .......... .......... .......... .......... ..........  1% 95.5K 39m16s
  1900K .......... .......... .......... .......... ..........  1%  137K 38m45s
  1950K .......... .......... .......... .......... ..........  1%  300K 38m0s
  2000K .......... .......... .......... .......... ..........  1% 82.7K 37m52s
  2050K .......... .......... .......... .......... ..........  1% 73.8K 37m51s
  2100K .......... .......... .......... .......... ..........  1% 43.2K 38m26s
  2150K .......... .......... .......... .......... ..........  1%  144K 37m58s
  2200K .......... .......... .......... .......... ..........  1%  228K 37m23s
  2250K .......... .......... .......... .......... ..........  1%  288K 36m46s
  2300K .......... .......... .......... .......... ..........  1% 61.6K 36m55s
  2350K .......... .......... .......... .......... ..........  1%  173K 36m28s
  2400K .......... .......... .......... .......... ..........  1%  282K 35m54s
  2450K .......... .......... .......... .......... ..........  1% 49.7K 36m17s
  2500K .......... .......... .......... .......... ..........  1%  118K 36m0s
  2550K .......... .......... .......... .......... ..........  1% 85.4K 35m55s
  2600K .......... .......... .......... .......... ..........  1%  121K 35m39s
  2650K .......... .......... .......... .......... ..........  1% 59.6K 35m50s
  2700K .......... .......... .......... .......... ..........  1% 26.2K 37m3s
  2750K .......... .......... .......... .......... ..........  1%  102K 36m52s
  2800K .......... .......... .......... .......... ..........  1% 31.6K 37m43s
  2850K .......... .......... .......... .......... ..........  1%  145K 37m23s
  2900K .......... .......... .......... .......... ..........  1%  110K 37m9s
  2950K .......... .......... .......... .......... ..........  1% 44.9K 37m32s
  3000K .......... .......... .......... .......... ..........  1%  120K 37m17s
  3050K .......... .......... .......... .......... ..........  1%  447K 36m46s
  3100K .......... .......... .......... .......... ..........  1%  316K 36m18s
  3150K .......... .......... .......... .......... ..........  1%  214K 35m56s
  3200K .......... .......... .......... .......... ..........  1% 47.8K 36m14s
  3250K .......... .......... .......... .......... ..........  1%  233K 35m51s
  3300K .......... .......... .......... .......... ..........  2% 56.2K 36m2s
  3350K .......... .......... .......... .......... ..........  2% 36.3K 36m35s
  3400K .......... .......... .......... .......... ..........  2%  272K 36m11s
  3450K .......... .......... .......... .......... ..........  2% 48.9K 36m27s
  3500K .......... .......... .......... .......... ..........  2%  235K 36m6s
  3550K .......... .......... .......... .......... ..........  2% 92.1K 35m59s
  3600K .......... .......... .......... .......... ..........  2% 71.5K 36m0s
  3650K .......... .......... .......... .......... ..........  2% 50.5K 36m14s
  3700K .......... .......... .......... .......... ..........  2% 34.9K 36m47s
  3750K .......... .......... .......... .......... ..........  2% 71.7K 36m47s
  3800K .......... .......... .......... .......... ..........  2% 98.7K 36m39s
  3850K .......... .......... .......... .......... ..........  2% 68.8K 36m40s
  3900K .......... .......... .......... .......... ..........  2%  297K 36m18s
  3950K .......... .......... .......... .......... ..........  2% 96.7K 36m12s
  4000K .......... .......... .......... .......... ..........  2%  109K 36m3s
  4050K .......... .......... .......... .......... ..........  2% 44.5K 36m20s
  4100K .......... .......... .......... .......... ..........  2%  526K 35m57s
  4150K .......... .......... .......... .......... ..........  2%  153K 35m43s
  4200K .......... .......... .......... .......... ..........  2% 80.8K 35m41s
  4250K .......... .......... .......... .......... ..........  2%  566K 35m18s
  4300K .......... .......... .......... .......... ..........  2%  106K 35m11s
  4350K .......... .......... .......... .......... ..........  2%  233K 34m54s
  4400K .......... .......... .......... .......... ..........  2%  140K 34m43s
  4450K .......... .......... .......... .......... ..........  2%  343K 34m25s
  4500K .......... .......... .......... .......... ..........  2%  441K 34m5s
  4550K .......... .......... .......... .......... ..........  2%  543K 33m46s
  4600K .......... .......... .......... .......... ..........  2%  204K 33m32s
  4650K .......... .......... .......... .......... ..........  2%  143K 33m22s
  4700K .......... .......... .......... .......... ..........  2%  155K 33m11s
  4750K .......... .......... .......... .......... ..........  2%  122K 33m3s
  4800K .......... .......... .......... .......... ..........  2% 61.3K 33m10s
  4850K .......... .......... .......... .......... ..........  2% 73.0K 33m11s
  4900K .......... .......... .......... .......... ..........  2%  230K 32m58s
  4950K .......... .......... .......... .......... ..........  3%  215K 32m45s
  5000K .......... .......... .......... .......... ..........  3%  237K 32m31s
  5050K .......... .......... .......... .......... ..........  3%  366K 32m16s
  5100K .......... .......... .......... .......... ..........  3% 95.0K 32m13s
  5150K .......... .......... .......... .......... ..........  3%  193K 32m2s
  5200K .......... .......... .......... .......... ..........  3% 81.8K 32m2s
  5250K .......... .......... .......... .......... ..........  3%  590K 31m46s
  5300K .......... .......... .......... .......... ..........  3% 89.2K 31m44s
  5350K .......... .......... .......... .......... ..........  3%  510K 31m29s
  5400K .......... .......... .......... .......... ..........  3%  120K 31m23s
  5450K .......... .......... .......... .......... ..........  3% 52.3K 31m33s
  5500K .......... .......... .......... .......... ..........  3% 76.8K 31m35s
  5550K .......... .......... .......... .......... ..........  3%  217K 31m24s
  5600K .......... .......... .......... .......... ..........  3%  163K 31m15s
  5650K .......... .......... .......... .......... ..........  3%  288K 31m3s
  5700K .......... .......... .......... .......... ..........  3%  175K 30m54s
  5750K .......... .......... .......... .......... ..........  3%  281K 30m43s
  5800K .......... .......... .......... .......... ..........  3%  273K 30m31s
  5850K .......... .......... .......... .......... ..........  3%  536K 30m18s
  5900K .......... .......... .......... .......... ..........  3% 95.7K 30m16s
  5950K .......... .......... .......... .......... ..........  3%  118K 30m12s
  6000K .......... .......... .......... .......... ..........  3%  240K 30m2s
  6050K .......... .......... .......... .......... ..........  3%  325K 29m50s
  6100K .......... .......... .......... .......... ..........  3% 95.6K 29m49s
  6150K .......... .......... .......... .......... ..........  3%  192K 29m41s
  6200K .......... .......... .......... .......... ..........  3%  283K 29m30s
  6250K .......... .......... .......... .......... ..........  3%  108K 29m28s
  6300K .......... .......... .......... .......... ..........  3%  120K 29m24s
  6350K .......... .......... .......... .......... ..........  3%  176K 29m16s
  6400K .......... .......... .......... .......... ..........  3%  334K 29m6s
  6450K .......... .......... .......... .......... ..........  3% 82.5K 29m7s
  6500K .......... .......... .......... .......... ..........  3% 69.1K 29m11s
  6550K .......... .......... .......... .......... ..........  3% 75.6K 29m13s
  6600K .......... .......... .......... .......... ..........  3%  363K 29m2s
  6650K .......... .......... .......... .......... ..........  4%  266K 28m53s
  6700K .......... .......... .......... .......... ..........  4% 73.1K 28m56s
  6750K .......... .......... .......... .......... ..........  4%  149K 28m51s
  6800K .......... .......... .......... .......... ..........  4% 50.8K 29m0s
  6850K .......... .......... .......... .......... ..........  4% 73.6K 29m3s
  6900K .......... .......... .......... .......... ..........  4%  130K 28m59s
  6950K .......... .......... .......... .......... ..........  4%  295K 28m50s
  7000K .......... .......... .......... .......... ..........  4%  123K 28m46s
  7050K .......... .......... .......... .......... ..........  4% 92.6K 28m45s
  7100K .......... .......... .......... .......... ..........  4%  228K 28m38s
  7150K .......... .......... .......... .......... ..........  4%  367K 28m28s
  7200K .......... .......... .......... .......... ..........  4%  117K 28m25s
  7250K .......... .......... .......... .......... ..........  4%  178K 28m19s
  7300K .......... .......... .......... .......... ..........  4%  462K 28m9s
  7350K .......... .......... .......... .......... ..........  4%  189K 28m3s
  7400K .......... .......... .......... .......... ..........  4%  178K 27m57s
  7450K .......... .......... .......... .......... ..........  4% 77.9K 27m59s
  7500K .......... .......... .......... .......... ..........  4%  162K 27m54s
  7550K .......... .......... .......... .......... ..........  4%  401K 27m45s
  7600K .......... .......... .......... .......... ..........  4%  133K 27m41s
  7650K .......... .......... .......... .......... ..........  4% 85.3K 27m42s
  7700K .......... .......... .......... .......... ..........  4% 87.6K 27m43s
  7750K .......... .......... .......... .......... ..........  4%  235K 27m36s
  7800K .......... .......... .......... .......... ..........  4%  300K 27m28s
  7850K .......... .......... .......... .......... ..........  4% 88.9K 27m28s
  7900K .......... .......... .......... .......... ..........  4%  276K 27m21s
  7950K .......... .......... .......... .......... ..........  4%  162K 27m17s
  8000K .......... .......... .......... .......... ..........  4% 94.0K 27m16s
  8050K .......... .......... .......... .......... ..........  4%  295K 27m9s
  8100K .......... .......... .......... .......... ..........  4%  154K 27m5s
  8150K .......... .......... .......... .......... ..........  4%  509K 26m56s
  8200K .......... .......... .......... .......... ..........  4%  307K 26m49s
  8250K .......... .......... .......... .......... ..........  4%  408K 26m41s
  8300K .......... .......... .......... .......... ..........  5%  199K 26m36s
  8350K .......... .......... .......... .......... ..........  5%  334K 26m29s
  8400K .......... .......... .......... .......... ..........  5%  182K 26m24s
  8450K .......... .......... .......... .......... ..........  5%  316K 26m17s
  8500K .......... .......... .......... .......... ..........  5% 79.4K 26m19s
  8550K .......... .......... .......... .......... ..........  5%  178K 26m14s
  8600K .......... .......... .......... .......... ..........  5%  128K 26m12s
  8650K .......... .......... .......... .......... ..........  5%  131K 26m9s
  8700K .......... .......... .......... .......... ..........  5%  104K 26m8s
  8750K .......... .......... .......... .......... ..........  5%  587K 26m1s
  8800K .......... .......... .......... .......... ..........  5%  159K 25m57s
  8850K .......... .......... .......... .......... ..........  5%  129K 25m55s
  8900K .......... .......... .......... .......... ..........  5%  347K 25m48s
  8950K .......... .......... .......... .......... ..........  5%  354K 25m41s
  9000K .......... .......... .......... .......... ..........  5%  133K 25m39s
  9050K .......... .......... .......... .......... ..........  5%  324K 25m33s
  9100K .......... .......... .......... .......... ..........  5%  169K 25m29s
  9150K .......... .......... .......... .......... ..........  5%  351K 25m22s
  9200K .......... .......... .......... .......... ..........  5%  290K 25m17s
  9250K .......... .......... .......... .......... ..........  5%  139K 25m14s
  9300K .......... .......... .......... .......... ..........  5%  501K 25m7s
  9350K .......... .......... .......... .......... ..........  5%  215K 25m3s
  9400K .......... .......... .......... .......... ..........  5%  234K 24m58s
  9450K .......... .......... .......... .......... ..........  5%  390K 24m51s
  9500K .......... .......... .......... .......... ..........  5%  574K 24m45s
  9550K .......... .......... .......... .......... ..........  5%  313K 24m39s
  9600K .......... .......... .......... .......... ..........  5% 87.7K 24m40s
  9650K .......... .......... .......... .......... ..........  5%  144K 24m38s
  9700K .......... .......... .......... .......... ..........  5%  395K 24m32s
  9750K .......... .......... .......... .......... ..........  5% 56.3K 24m38s
  9800K .......... .......... .......... .......... ..........  5%  155K 24m35s
  9850K .......... .......... .......... .......... ..........  5%  554K 24m28s
  9900K .......... .......... .......... .......... ..........  5%  120K 24m27s
  9950K .......... .......... .......... .......... ..........  6%  541K 24m21s
 10000K .......... .......... .......... .......... ..........  6%  201K 24m17s
 10050K .......... .......... .......... .......... ..........  6%  116K 24m16s
 10100K .......... .......... .......... .......... ..........  6%  350K 24m10s
 10150K .......... .......... .......... .......... ..........  6% 97.4K 24m11s
 10200K .......... .......... .......... .......... ..........  6%  237K 24m6s
 10250K .......... .......... .......... .......... ..........  6%  315K 24m1s
 10300K .......... .......... .......... .......... ..........  6%  122K 24m0s
 10350K .......... .......... .......... .......... ..........  6%  171K 23m57s
 10400K .......... .......... .......... .......... ..........  6%  386K 23m52s
 10450K .......... .......... .......... .......... ..........  6%  381K 23m46s
 10500K .......... .......... .......... .......... ..........  6% 63.8K 23m51s
 10550K .......... .......... .......... .......... ..........  6%  289K 23m46s
 10600K .......... .......... .......... .......... ..........  6%  221K 23m42s
 10650K .......... .......... .......... .......... ..........  6%  544K 23m36s
 10700K .......... .......... .......... .......... ..........  6%  265K 23m32s
 10750K .......... .......... .......... .......... ..........  6%  597K 23m26s
 10800K .......... .......... .......... .......... ..........  6%  300K 23m22s
 10850K .......... .......... .......... .......... ..........  6%  295K 23m17s
 10900K .......... .......... .......... .......... ..........  6%  719K 23m11s
 10950K .......... .......... .......... .......... ..........  6%  163K 23m9s
 11000K .......... .......... .......... .......... ..........  6%  180K 23m6s
 11050K .......... .......... .......... .......... ..........  6%  244K 23m2s
 11100K .......... .......... .......... .......... ..........  6% 89.6K 23m4s
 11150K .......... .......... .......... .......... ..........  6%  113K 23m3s
 11200K .......... .......... .......... .......... ..........  6%  385K 22m58s
 11250K .......... .......... .......... .......... ..........  6%  364K 22m54s
 11300K .......... .......... .......... .......... ..........  6%  226K 22m50s
 11350K .......... .......... .......... .......... ..........  6%  350K 22m46s
 11400K .......... .......... .......... .......... ..........  6%  300K 22m41s
 11450K .......... .......... .......... .......... ..........  6%  230K 22m38s
 11500K .......... .......... .......... .......... ..........  6%  337K 22m34s
 11550K .......... .......... .......... .......... ..........  6%  108K 22m34s
 11600K .......... .......... .......... .......... ..........  7%  182K 22m31s
 11650K .......... .......... .......... .......... ..........  7%  309K 22m27s
 11700K .......... .......... .......... .......... ..........  7%  102K 22m27s
 11750K .......... .......... .......... .......... ..........  7%  119K 22m27s
 11800K .......... .......... .......... .......... ..........  7%  166K 22m24s
 11850K .......... .......... .......... .......... ..........  7%  141K 22m23s
 11900K .......... .......... .......... .......... ..........  7%  190K 22m20s
 11950K .......... .......... .......... .......... ..........  7%  246K 22m17s
 12000K .......... .......... .......... .......... ..........  7%  442K 22m12s
 12050K .......... .......... .......... .......... ..........  7% 61.2K 22m17s
 12100K .......... .......... .......... .......... ..........  7% 58.0K 22m22s
 12150K .......... .......... .......... .......... ..........  7%  111K 22m22s
 12200K .......... .......... .......... .......... ..........  7%  137K 22m20s
 12250K .......... .......... .......... .......... ..........  7%  486K 22m16s
 12300K .......... .......... .......... .......... ..........  7%  559K 22m11s
 12350K .......... .......... .......... .......... ..........  7%  691K 22m6s
 12400K .......... .......... .......... .......... ..........  7%  119K 22m5s
 12450K .......... .......... .......... .......... ..........  7%  274K 22m2s
 12500K .......... .......... .......... .......... ..........  7%  162K 22m0s
 12550K .......... .......... .......... .......... ..........  7%  423K 21m56s
 12600K .......... .......... .......... .......... ..........  7%  245K 21m53s
 12650K .......... .......... .......... .......... ..........  7%  148K 21m51s
 12700K .......... .......... .......... .......... ..........  7%  156K 21m49s
 12750K .......... .......... .......... .......... ..........  7%  435K 21m45s
 12800K .......... .......... .......... .......... ..........  7%  133K 21m44s
 12850K .......... .......... .......... .......... ..........  7%  270K 21m41s
 12900K .......... .......... .......... .......... ..........  7%  206K 21m38s
 12950K .......... .......... .......... .......... ..........  7%  397K 21m34s
 13000K .......... .......... .......... .......... ..........  7%  155K 21m33s
 13050K .......... .......... .......... .......... ..........  7%  390K 21m29s
 13100K .......... .......... .......... .......... ..........  7% 83.5K 21m31s
 13150K .......... .......... .......... .......... ..........  7%  204K 21m28s
 13200K .......... .......... .......... .......... ..........  7%  175K 21m26s
 13250K .......... .......... .......... .......... ..........  7%  111K 21m26s
 13300K .......... .......... .......... .......... ..........  8%  402K 21m22s
 13350K .......... .......... .......... .......... ..........  8%  219K 21m20s
 13400K .......... .......... .......... .......... ..........  8%  140K 21m19s
 13450K .......... .......... .......... .......... ..........  8%  127K 21m18s
 13500K .......... .......... .......... .......... ..........  8%  309K 21m15s
 13550K .......... .......... .......... .......... ..........  8%  462K 21m11s
 13600K .......... .......... .......... .......... ..........  8%  347K 21m7s
 13650K .......... .......... .......... .......... ..........  8%  322K 21m4s
 13700K .......... .......... .......... .......... ..........  8%  271K 21m1s
 13750K .......... .......... .......... .......... ..........  8%  540K 20m57s
 13800K .......... .......... .......... .......... ..........  8%  388K 20m54s
 13850K .......... .......... .......... .......... ..........  8%  213K 20m51s
 13900K .......... .......... .......... .......... ..........  8%  236K 20m49s
 13950K .......... .......... .......... .......... ..........  8%  442K 20m45s
 14000K .......... .......... .......... .......... ..........  8%  170K 20m43s
 14050K .......... .......... .......... .......... ..........  8%  620K 20m39s
 14100K .......... .......... .......... .......... ..........  8%  147K 20m38s
 14150K .......... .......... .......... .......... ..........  8%  113K 20m38s
 14200K .......... .......... .......... .......... ..........  8%  246K 20m36s
 14250K .......... .......... .......... .......... ..........  8%  327K 20m33s
 14300K .......... .......... .......... .......... ..........  8%  392K 20m29s
 14350K .......... .......... .......... .......... ..........  8% 94.1K 20m30s
 14400K .......... .......... .......... .......... ..........  8%  336K 20m27s
 14450K .......... .......... .......... .......... ..........  8%  354K 20m24s
 14500K .......... .......... .......... .......... ..........  8%  248K 20m21s
 14550K .......... .......... .......... .......... ..........  8%  266K 20m19s
 14600K .......... .......... .......... .......... ..........  8%  129K 20m18s
 14650K .......... .......... .......... .......... ..........  8%  662K 20m14s
 14700K .......... .......... .......... .......... ..........  8%  268K 20m12s
 14750K .......... .......... .......... .......... ..........  8%  378K 20m9s
 14800K .......... .......... .......... .......... ..........  8%  454K 20m5s
 14850K .......... .......... .......... .......... ..........  8%  193K 20m4s
 14900K .......... .......... .......... .......... ..........  8%  203K 20m2s
 14950K .......... .......... .......... .......... ..........  9%  269K 19m59s
 15000K .......... .......... .......... .......... ..........  9%  294K 19m56s
 15050K .......... .......... .......... .......... ..........  9%  279K 19m54s
 15100K .......... .......... .......... .......... ..........  9%  132K 19m53s
 15150K .......... .......... .......... .......... ..........  9%  134K 19m53s
 15200K .......... .......... .......... .......... ..........  9%  345K 19m50s
 15250K .......... .......... .......... .......... ..........  9%  133K 19m49s
 15300K .......... .......... .......... .......... ..........  9%  174K 19m48s
 15350K .......... .......... .......... .......... ..........  9%  245K 19m46s
 15400K .......... .......... .......... .......... ..........  9%  246K 19m43s
 15450K .......... .......... .......... .......... ..........  9%  186K 19m42s
 15500K .......... .......... .......... .......... ..........  9%  421K 19m39s
 15550K .......... .......... .......... .......... ..........  9%  271K 19m36s
 15600K .......... .......... .......... .......... ..........  9%  110K 19m37s
 15650K .......... .......... .......... .......... ..........  9%  147K 19m36s
 15700K .......... .......... .......... .......... ..........  9%  216K 19m34s
 15750K .......... .......... .......... .......... ..........  9%  207K 19m32s
 15800K .......... .......... .......... .......... ..........  9%  602K 19m29s
 15850K .......... .......... .......... .......... ..........  9%  281K 19m26s
 15900K .......... .......... .......... .......... ..........  9%  344K 19m24s
 15950K .......... .......... .......... .......... ..........  9%  380K 19m21s
 16000K .......... .......... .......... .......... ..........  9%  149K 19m20s
 16050K .......... .......... .......... .......... ..........  9%  296K 19m18s
 16100K .......... .......... .......... .......... ..........  9%  118K 19m17s
 16150K .......... .......... .......... .......... ..........  9%  277K 19m15s
 16200K .......... .......... .......... .......... ..........  9%  117K 19m15s
 16250K .......... .......... .......... .......... ..........  9%  583K 19m12s
 16300K .......... .......... .......... .......... ..........  9%  282K 19m10s
 16350K .......... .......... .......... .......... ..........  9%  130K 19m9s
 16400K .......... .......... .......... .......... ..........  9%  160K 19m8s
 16450K .......... .......... .......... .......... ..........  9% 87.6K 19m10s
 16500K .......... .......... .......... .......... ..........  9%  202K 19m8s
 16550K .......... .......... .......... .......... ..........  9%  216K 19m6s
 16600K .......... .......... .......... .......... .......... 10% 48.1K 19m12s
 16650K .......... .......... .......... .......... .......... 10%  417K 19m9s
 16700K .......... .......... .......... .......... .......... 10%  306K 19m7s
 16750K .......... .......... .......... .......... .......... 10%  102K 19m7s
 16800K .......... .......... .......... .......... .......... 10%  318K 19m5s
 16850K .......... .......... .......... .......... .......... 10%  186K 19m3s
 16900K .......... .......... .......... .......... .......... 10%  198K 19m2s
 16950K .......... .......... .......... .......... .......... 10%  158K 19m1s
 17000K .......... .......... .......... .......... .......... 10%  112K 19m1s
 17050K .......... .......... .......... .......... .......... 10%  123K 19m1s
 17100K .......... .......... .......... .......... .......... 10%  137K 19m0s
 17150K .......... .......... .......... .......... .......... 10% 81.7K 19m2s
 17200K .......... .......... .......... .......... .......... 10% 91.2K 19m3s
 17250K .......... .......... .......... .......... .......... 10%  156K 19m2s
 17300K .......... .......... .......... .......... .......... 10% 76.8K 19m4s
 17350K .......... .......... .......... .......... .......... 10% 92.3K 19m5s
 17400K .......... .......... .......... .......... .......... 10%  234K 19m3s
 17450K .......... .......... .......... .......... .......... 10% 82.0K 19m5s
 17500K .......... .......... .......... .......... .......... 10%  108K 19m5s
 17550K .......... .......... .......... .......... .......... 10%  118K 19m5s
 17600K .......... .......... .......... .......... .......... 10%  133K 19m5s
 17650K .......... .......... .......... .......... .......... 10%  331K 19m2s
 17700K .......... .......... .......... .......... .......... 10% 93.2K 19m3s
 17750K .......... .......... .......... .......... .......... 10%  113K 19m3s
 17800K .......... .......... .......... .......... .......... 10% 82.2K 19m5s
 17850K .......... .......... .......... .......... .......... 10%  114K 19m5s
 17900K .......... .......... .......... .......... .......... 10% 80.5K 19m6s
 17950K .......... .......... .......... .......... .......... 10%  164K 19m5s
 18000K .......... .......... .......... .......... .......... 10%  112K 19m5s
 18050K .......... .......... .......... .......... .......... 10% 71.9K 19m7s
 18100K .......... .......... .......... .......... .......... 10% 69.4K 19m10s
 18150K .......... .......... .......... .......... .......... 10%  127K 19m9s
 18200K .......... .......... .......... .......... .......... 10% 89.8K 19m10s
 18250K .......... .......... .......... .......... .......... 11% 83.1K 19m12s
 18300K .......... .......... .......... .......... .......... 11%  132K 19m11s
 18350K .......... .......... .......... .......... .......... 11% 65.0K 19m14s
 18400K .......... .......... .......... .......... .......... 11% 96.2K 19m15s
 18450K .......... .......... .......... .......... .......... 11%  188K 19m13s
 18500K .......... .......... .......... .......... .......... 11%  183K 19m12s
 18550K .......... .......... .......... .......... .......... 11% 52.7K 19m16s
 18600K .......... .......... .......... .......... .......... 11%  271K 19m14s
 18650K .......... .......... .......... .......... .......... 11%  101K 19m14s
 18700K .......... .......... .......... .......... .......... 11%  200K 19m13s
 18750K .......... .......... .......... .......... .......... 11%  230K 19m11s
 18800K .......... .......... .......... .......... .......... 11%  113K 19m11s
 18850K .......... .......... .......... .......... .......... 11%  133K 19m11s
 18900K .......... .......... .......... .......... .......... 11%  251K 19m9s
 18950K .......... .......... .......... .......... .......... 11% 80.6K 19m10s
 19000K .......... .......... .......... .......... .......... 11% 92.5K 19m11s
 19050K .......... .......... .......... .......... .......... 11% 74.2K 19m13s
 19100K .......... .......... .......... .......... .......... 11%  133K 19m12s
 19150K .......... .......... .......... .......... .......... 11% 91.9K 19m13s
 19200K .......... .......... .......... .......... .......... 11% 43.8K 19m18s
 19250K .......... .......... .......... .......... .......... 11%  200K 19m17s
 19300K .......... .......... .......... .......... .......... 11% 94.9K 19m17s
 19350K .......... .......... .......... .......... .......... 11%  108K 19m17s
 19400K .......... .......... .......... .......... .......... 11%  276K 19m15s
 19450K .......... .......... .......... .......... .......... 11%  219K 19m14s
 19500K .......... .......... .......... .......... .......... 11% 61.2K 19m17s
 19550K .......... .......... .......... .......... .......... 11%  183K 19m15s
 19600K .......... .......... .......... .......... .......... 11% 81.2K 19m17s
 19650K .......... .......... .......... .......... .......... 11% 49.7K 19m21s
 19700K .......... .......... .......... .......... .......... 11% 49.3K 19m25s
 19750K .......... .......... .......... .......... .......... 11% 70.8K 19m27s
 19800K .......... .......... .......... .......... .......... 11% 62.8K 19m29s
 19850K .......... .......... .......... .......... .......... 11%  115K 19m29s
 19900K .......... .......... .......... .......... .......... 11%  317K 19m27s
 19950K .......... .......... .......... .......... .......... 12%  135K 19m26s
 20000K .......... .......... .......... .......... .......... 12%  147K 19m26s
 20050K .......... .......... .......... .......... .......... 12%  282K 19m24s
 20100K .......... .......... .......... .......... .......... 12% 43.2K 19m29s
 20150K .......... .......... .......... .......... .......... 12% 43.7K 19m34s
 20200K .......... .......... .......... .......... .......... 12% 95.4K 19m34s
 20250K .......... .......... .......... .......... .......... 12% 64.6K 19m36s
 20300K .......... .......... .......... .......... .......... 12%  101K 19m37s
 20350K .......... .......... .......... .......... .......... 12%  142K 19m36s
 20400K .......... .......... .......... .......... .......... 12%  265K 19m34s
 20450K .......... .......... .......... .......... .......... 12%  540K 19m31s
 20500K .......... .......... .......... .......... .......... 12%  851K 19m29s
 20550K .......... .......... .......... .......... .......... 12%  679K 19m26s
 20600K .......... .......... .......... .......... .......... 12%  389K 19m23s
 20650K .......... .......... .......... .......... .......... 12%  241K 19m22s
 20700K .......... .......... .......... .......... .......... 12%  476K 19m19s
 20750K .......... .......... .......... .......... .......... 12%  354K 19m17s
 20800K .......... .......... .......... .......... .......... 12%  590K 19m14s
 20850K .......... .......... .......... .......... .......... 12%  343K 19m12s
 20900K .......... .......... .......... .......... .......... 12%  423K 19m10s
 20950K .......... .......... .......... .......... .......... 12%  638K 19m7s
 21000K .......... .......... .......... .......... .......... 12%  235K 19m6s
 21050K .......... .......... .......... .......... .......... 12%  324K 19m4s
 21100K .......... .......... .......... .......... .......... 12%  436K 19m1s
 21150K .......... .......... .......... .......... .......... 12%  361K 18m59s
 21200K .......... .......... .......... .......... .......... 12%  427K 18m57s
 21250K .......... .......... .......... .......... .......... 12%  301K 18m55s
 21300K .......... .......... .......... .......... .......... 12%  359K 18m53s
 21350K .......... .......... .......... .......... .......... 12%  290K 18m51s
 21400K .......... .......... .......... .......... .......... 12%  366K 18m49s
 21450K .......... .......... .......... .......... .......... 12%  249K 18m47s
 21500K .......... .......... .......... .......... .......... 12%  398K 18m45s
 21550K .......... .......... .......... .......... .......... 12%  274K 18m43s
 21600K .......... .......... .......... .......... .......... 13%  493K 18m41s
 21650K .......... .......... .......... .......... .......... 13%  278K 18m39s
 21700K .......... .......... .......... .......... .......... 13%  182K 18m38s
 21750K .......... .......... .......... .......... .......... 13%  438K 18m36s
 21800K .......... .......... .......... .......... .......... 13%  388K 18m34s
 21850K .......... .......... .......... .......... .......... 13%  187K 18m33s
 21900K .......... .......... .......... .......... .......... 13%  215K 18m31s
 21950K .......... .......... .......... .......... .......... 13%  333K 18m29s
 22000K .......... .......... .......... .......... .......... 13%  263K 18m28s
 22050K .......... .......... .......... .......... .......... 13%  154K 18m27s
 22100K .......... .......... .......... .......... .......... 13%  517K 18m25s
 22150K .......... .......... .......... .......... .......... 13%  276K 18m23s
 22200K .......... .......... .......... .......... .......... 13%  264K 18m21s
 22250K .......... .......... .......... .......... .......... 13%  327K 18m20s
 22300K .......... .......... .......... .......... .......... 13%  142K 18m19s
 22350K .......... .......... .......... .......... .......... 13%  305K 18m17s
 22400K .......... .......... .......... .......... .......... 13%  496K 18m15s
 22450K .......... .......... .......... .......... .......... 13%  260K 18m13s
 22500K .......... .......... .......... .......... .......... 13%  159K 18m13s
 22550K .......... .......... .......... .......... .......... 13%  370K 18m11s
 22600K .......... .......... .......... .......... .......... 13%  315K 18m9s
 22650K .......... .......... .......... .......... .......... 13%  143K 18m8s
 22700K .......... .......... .......... .......... .......... 13%  408K 18m6s
 22750K .......... .......... .......... .......... .......... 13%  736K 18m4s
 22800K .......... .......... .......... .......... .......... 13%  427K 18m2s
 22850K .......... .......... .......... .......... .......... 13%  355K 18m0s
 22900K .......... .......... .......... .......... .......... 13%  542K 17m58s
 22950K .......... .......... .......... .......... .......... 13%  312K 17m56s
 23000K .......... .......... .......... .......... .......... 13%  476K 17m54s
 23050K .......... .......... .......... .......... .......... 13%  643K 17m52s
 23100K .......... .......... .......... .......... .......... 13%  268K 17m50s
 23150K .......... .......... .......... .......... .......... 13%  248K 17m49s
 23200K .......... .......... .......... .......... .......... 13%  276K 17m47s
 23250K .......... .......... .......... .......... .......... 14%  496K 17m45s
 23300K .......... .......... .......... .......... .......... 14%  261K 17m44s
 23350K .......... .......... .......... .......... .......... 14%  361K 17m42s
 23400K .......... .......... .......... .......... .......... 14%  180K 17m41s
 23450K .......... .......... .......... .......... .......... 14%  387K 17m39s
 23500K .......... .......... .......... .......... .......... 14%  317K 17m38s
 23550K .......... .......... .......... .......... .......... 14%  431K 17m36s
 23600K .......... .......... .......... .......... .......... 14%  317K 17m34s
 23650K .......... .......... .......... .......... .......... 14%  405K 17m32s
 23700K .......... .......... .......... .......... .......... 14%  172K 17m31s
 23750K .......... .......... .......... .......... .......... 14%  146K 17m31s
 23800K .......... .......... .......... .......... .......... 14%  448K 17m29s
 23850K .......... .......... .......... .......... .......... 14%  296K 17m27s
 23900K .......... .......... .......... .......... .......... 14%  346K 17m26s
 23950K .......... .......... .......... .......... .......... 14%  254K 17m24s
 24000K .......... .......... .......... .......... .......... 14%  469K 17m22s
 24050K .......... .......... .......... .......... .......... 14%  358K 17m21s
 24100K .......... .......... .......... .......... .......... 14%  264K 17m19s
 24150K .......... .......... .......... .......... .......... 14%  463K 17m18s
 24200K .......... .......... .......... .......... .......... 14%  265K 17m16s
 24250K .......... .......... .......... .......... .......... 14%  548K 17m14s
 24300K .......... .......... .......... .......... .......... 14%  137K 17m14s
 24350K .......... .......... .......... .......... .......... 14% 96.3K 17m14s
 24400K .......... .......... .......... .......... .......... 14%  507K 17m12s
 24450K .......... .......... .......... .......... .......... 14%  122K 17m12s
 24500K .......... .......... .......... .......... .......... 14%  685K 17m10s
 24550K .......... .......... .......... .......... .......... 14%  389K 17m9s
 24600K .......... .......... .......... .......... .......... 14%  146K 17m8s
 24650K .......... .......... .......... .......... .......... 14%  360K 17m6s
 24700K .......... .......... .......... .......... .......... 14%  275K 17m5s
 24750K .......... .......... .......... .......... .......... 14%  350K 17m3s
 24800K .......... .......... .......... .......... .......... 14% 93.0K 17m4s
 24850K .......... .......... .......... .......... .......... 14% 82.2K 17m5s
 24900K .......... .......... .......... .......... .......... 15%  105K 17m5s
 24950K .......... .......... .......... .......... .......... 15%  133K 17m5s
 25000K .......... .......... .......... .......... .......... 15%  379K 17m3s
 25050K .......... .......... .......... .......... .......... 15%  443K 17m2s
 25100K .......... .......... .......... .......... .......... 15%  323K 17m0s
 25150K .......... .......... .......... .......... .......... 15%  109K 17m0s
 25200K .......... .......... .......... .......... .......... 15% 47.1K 17m4s
 25250K .......... .......... .......... .......... .......... 15% 54.0K 17m7s
 25300K .......... .......... .......... .......... .......... 15%  360K 17m5s
 25350K .......... .......... .......... .......... .......... 15%  132K 17m5s
 25400K .......... .......... .......... .......... .......... 15%  101K 17m5s
 25450K .......... .......... .......... .......... .......... 15%  119K 17m5s
 25500K .......... .......... .......... .......... .......... 15%  289K 17m4s
 25550K .......... .......... .......... .......... .......... 15% 59.0K 17m6s
 25600K .......... .......... .......... .......... .......... 15%  128K 17m6s
 25650K .......... .......... .......... .......... .......... 15%  491K 17m4s
 25700K .......... .......... .......... .......... .......... 15%  188K 17m3s
 25750K .......... .......... .......... .......... .......... 15%  352K 17m1s
 25800K .......... .......... .......... .......... .......... 15%  365K 17m0s
 25850K .......... .......... .......... .......... .......... 15%  190K 16m59s
 25900K .......... .......... .......... .......... .......... 15%  173K 16m58s
 25950K .......... .......... .......... .......... .......... 15%  244K 16m57s
 26000K .......... .......... .......... .......... .......... 15%  162K 16m56s
 26050K .......... .......... .......... .......... .......... 15%  102K 16m57s
 26100K .......... .......... .......... .......... .......... 15%  459K 16m55s
 26150K .......... .......... .......... .......... .......... 15% 65.8K 16m57s
 26200K .......... .......... .......... .......... .......... 15%  568K 16m55s
 26250K .......... .......... .......... .......... .......... 15% 45.5K 16m58s
 26300K .......... .......... .......... .......... .......... 15%  176K 16m58s
 26350K .......... .......... .......... .......... .......... 15%  138K 16m57s
 26400K .......... .......... .......... .......... .......... 15% 74.5K 16m59s
 26450K .......... .......... .......... .......... .......... 15%  107K 16m59s
 26500K .......... .......... .......... .......... .......... 15%  442K 16m57s
 26550K .......... .......... .......... .......... .......... 15% 87.0K 16m58s
 26600K .......... .......... .......... .......... .......... 16% 35.9K 17m3s
 26650K .......... .......... .......... .......... .......... 16%  293K 17m1s
 26700K .......... .......... .......... .......... .......... 16% 53.4K 17m4s
 26750K .......... .......... .......... .......... .......... 16%  217K 17m3s
 26800K .......... .......... .......... .......... .......... 16% 74.8K 17m4s
 26850K .......... .......... .......... .......... .......... 16%  232K 17m3s
 26900K .......... .......... .......... .......... .......... 16%  200K 17m2s
 26950K .......... .......... .......... .......... .......... 16% 57.1K 17m4s
 27000K .......... .......... .......... .......... .......... 16%  154K 17m4s
 27050K .......... .......... .......... .......... .......... 16% 85.8K 17m4s
 27100K .......... .......... .......... .......... .......... 16% 61.9K 17m6s
 27150K .......... .......... .......... .......... .......... 16%  205K 17m5s
 27200K .......... .......... .......... .......... .......... 16%  188K 17m4s
 27250K .......... .......... .......... .......... .......... 16%  114K 17m4s
 27300K .......... .......... .......... .......... .......... 16%  124K 17m4s
 27350K .......... .......... .......... .......... .......... 16% 61.2K 17m6s
 27400K .......... .......... .......... .......... .......... 16%  109K 17m6s
 27450K .......... .......... .......... .......... .......... 16%  113K 17m6s
 27500K .......... .......... .......... .......... .......... 16%  174K 17m5s
 27550K .......... .......... .......... .......... .......... 16%  144K 17m5s
 27600K .......... .......... .......... .......... .......... 16%  129K 17m5s
 27650K .......... .......... .......... .......... .......... 16%  110K 17m5s
 27700K .......... .......... .......... .......... .......... 16%  204K 17m4s
 27750K .......... .......... .......... .......... .......... 16%  246K 17m2s
 27800K .......... .......... .......... .......... .......... 16%  357K 17m1s
 27850K .......... .......... .......... .......... .......... 16%  208K 17m0s
 27900K .......... .......... .......... .......... .......... 16%  385K 16m58s
 27950K .......... .......... .......... .......... .......... 16%  112K 16m58s
 28000K .......... .......... .......... .......... .......... 16% 99.7K 16m59s
 28050K .......... .......... .......... .......... .......... 16%  123K 16m59s
 28100K .......... .......... .......... .......... .......... 16% 21.0K 17m8s
 28150K .......... .......... .......... .......... .......... 16%  436K 17m6s
 28200K .......... .......... .......... .......... .......... 16% 70.9K 17m8s
 28250K .......... .......... .......... .......... .......... 17%  289K 17m6s
 28300K .......... .......... .......... .......... .......... 17% 94.9K 17m7s
 28350K .......... .......... .......... .......... .......... 17% 46.5K 17m10s
 28400K .......... .......... .......... .......... .......... 17%  100K 17m10s
 28450K .......... .......... .......... .......... .......... 17% 67.5K 17m11s
 28500K .......... .......... .......... .......... .......... 17%  558K 17m10s
 28550K .......... .......... .......... .......... .......... 17%  185K 17m9s
 28600K .......... .......... .......... .......... .......... 17%  138K 17m8s
 28650K .......... .......... .......... .......... .......... 17%  111K 17m8s
 28700K .......... .......... .......... .......... .......... 17%  129K 17m8s
 28750K .......... .......... .......... .......... .......... 17%  152K 17m7s
 28800K .......... .......... .......... .......... .......... 17%  262K 17m6s
 28850K .......... .......... .......... .......... .......... 17%  485K 17m4s
 28900K .......... .......... .......... .......... .......... 17%  315K 17m3s
 28950K .......... .......... .......... .......... .......... 17%  625K 17m1s
 29000K .......... .......... .......... .......... .......... 17%  497K 17m0s
 29050K .......... .......... .......... .......... .......... 17%  267K 16m58s
 29100K .......... .......... .......... .......... .......... 17%  181K 16m58s
 29150K .......... .......... .......... .......... .......... 17%  203K 16m57s
 29200K .......... .......... .......... .......... .......... 17%  423K 16m55s
 29250K .......... .......... .......... .......... .......... 17%  374K 16m54s
 29300K .......... .......... .......... .......... .......... 17%  167K 16m53s
 29350K .......... .......... .......... .......... .......... 17%  140K 16m52s
 29400K .......... .......... .......... .......... .......... 17%  362K 16m51s
 29450K .......... .......... .......... .......... .......... 17%  225K 16m50s
 29500K .......... .......... .......... .......... .......... 17%  259K 16m49s
 29550K .......... .......... .......... .......... .......... 17%  416K 16m47s
 29600K .......... .......... .......... .......... .......... 17%  103K 16m47s
 29650K .......... .......... .......... .......... .......... 17%  104K 16m48s
 29700K .......... .......... .......... .......... .......... 17%  107K 16m48s
 29750K .......... .......... .......... .......... .......... 17%  195K 16m47s
 29800K .......... .......... .......... .......... .......... 17%  363K 16m45s
 29850K .......... .......... .......... .......... .......... 17%  308K 16m44s
 29900K .......... .......... .......... .......... .......... 18%  282K 16m43s
 29950K .......... .......... .......... .......... .......... 18%  382K 16m41s
 30000K .......... .......... .......... .......... .......... 18%  365K 16m40s
 30050K .......... .......... .......... .......... .......... 18%  270K 16m39s
 30100K .......... .......... .......... .......... .......... 18%  189K 16m38s
 30150K .......... .......... .......... .......... .......... 18%  207K 16m37s
 30200K .......... .......... .......... .......... .......... 18%  112K 16m37s
 30250K .......... .......... .......... .......... .......... 18%  363K 16m36s
 30300K .......... .......... .......... .......... .......... 18%  207K 16m35s
 30350K .......... .......... .......... .......... .......... 18%  292K 16m33s
 30400K .......... .......... .......... .......... .......... 18%  279K 16m32s
 30450K .......... .......... .......... .......... .......... 18%  341K 16m31s
 30500K .......... .......... .......... .......... .......... 18%  333K 16m30s
 30550K .......... .......... .......... .......... .......... 18%  323K 16m28s
 30600K .......... .......... .......... .......... .......... 18%  319K 16m27s
 30650K .......... .......... .......... .......... .......... 18%  194K 16m26s
 30700K .......... .......... .......... .......... .......... 18%  232K 16m25s
 30750K .......... .......... .......... .......... .......... 18%  115K 16m25s
 30800K .......... .......... .......... .......... .......... 18%  398K 16m24s
 30850K .......... .......... .......... .......... .......... 18% 75.6K 16m25s
 30900K .......... .......... .......... .......... .......... 18% 71.7K 16m26s
 30950K .......... .......... .......... .......... .......... 18%  382K 16m24s
 31000K .......... .......... .......... .......... .......... 18%  265K 16m23s
 31050K .......... .......... .......... .......... .......... 18%  341K 16m22s
 31100K .......... .......... .......... .......... .......... 18%  407K 16m21s
 31150K .......... .......... .......... .......... .......... 18%  440K 16m19s
 31200K .......... .......... .......... .......... .......... 18%  321K 16m18s
 31250K .......... .......... .......... .......... .......... 18% 96.9K 16m18s
 31300K .......... .......... .......... .......... .......... 18%  387K 16m17s
 31350K .......... .......... .......... .......... .......... 18%  268K 16m16s
 31400K .......... .......... .......... .......... .......... 18%  139K 16m15s
 31450K .......... .......... .......... .......... .......... 18%  253K 16m14s
 31500K .......... .......... .......... .......... .......... 18% 80.2K 16m15s
 31550K .......... .......... .......... .......... .......... 19%  182K 16m14s
 31600K .......... .......... .......... .......... .......... 19% 97.5K 16m15s
 31650K .......... .......... .......... .......... .......... 19%  341K 16m13s
 31700K .......... .......... .......... .......... .......... 19%  226K 16m12s
 31750K .......... .......... .......... .......... .......... 19%  611K 16m11s
 31800K .......... .......... .......... .......... .......... 19%  183K 16m10s
 31850K .......... .......... .......... .......... .......... 19%  564K 16m9s
 31900K .......... .......... .......... .......... .......... 19% 99.9K 16m9s
 31950K .......... .......... .......... .......... .......... 19%  425K 16m7s
 32000K .......... .......... .......... .......... .......... 19%  199K 16m7s
 32050K .......... .......... .......... .......... .......... 19%  577K 16m5s
 32100K .......... .......... .......... .......... .......... 19%  137K 16m5s
 32150K .......... .......... .......... .......... .......... 19%  224K 16m4s
 32200K .......... .......... .......... .......... .......... 19%  129K 16m4s
 32250K .......... .......... .......... .......... .......... 19%  124K 16m3s
 32300K .......... .......... .......... .......... .......... 19%  361K 16m2s
 32350K .......... .......... .......... .......... .......... 19%  238K 16m1s
 32400K .......... .......... .......... .......... .......... 19%  338K 16m0s
 32450K .......... .......... .......... .......... .......... 19%  547K 15m58s
 32500K .......... .......... .......... .......... .......... 19%  151K 15m58s
 32550K .......... .......... .......... .......... .......... 19%  373K 15m57s
 32600K .......... .......... .......... .......... .......... 19%  443K 15m55s
 32650K .......... .......... .......... .......... .......... 19%  230K 15m54s
 32700K .......... .......... .......... .......... .......... 19%  296K 15m53s
 32750K .......... .......... .......... .......... .......... 19%  336K 15m52s
 32800K .......... .......... .......... .......... .......... 19%  293K 15m51s
 32850K .......... .......... .......... .......... .......... 19%  377K 15m50s
 32900K .......... .......... .......... .......... .......... 19%  235K 15m49s
 32950K .......... .......... .......... .......... .......... 19%  534K 15m47s
 33000K .......... .......... .......... .......... .......... 19%  457K 15m46s
 33050K .......... .......... .......... .......... .......... 19%  253K 15m45s
 33100K .......... .......... .......... .......... .......... 19%  494K 15m44s
 33150K .......... .......... .......... .......... .......... 19%  264K 15m43s
 33200K .......... .......... .......... .......... .......... 19%  327K 15m41s
 33250K .......... .......... .......... .......... .......... 20%  403K 15m40s
 33300K .......... .......... .......... .......... .......... 20%  423K 15m39s
 33350K .......... .......... .......... .......... .......... 20%  206K 15m38s
 33400K .......... .......... .......... .......... .......... 20%  523K 15m37s
 33450K .......... .......... .......... .......... .......... 20%  133K 15m36s
 33500K .......... .......... .......... .......... .......... 20%  189K 15m36s
 33550K .......... .......... .......... .......... .......... 20%  320K 15m35s
 33600K .......... .......... .......... .......... .......... 20%  204K 15m34s
 33650K .......... .......... .......... .......... .......... 20%  300K 15m33s
 33700K .......... .......... .......... .......... .......... 20% 87.5K 15m33s
 33750K .......... .......... .......... .......... .......... 20%  396K 15m32s
 33800K .......... .......... .......... .......... .......... 20%  252K 15m31s
 33850K .......... .......... .......... .......... .......... 20%  262K 15m30s
 33900K .......... .......... .......... .......... .......... 20%  478K 15m29s
 33950K .......... .......... .......... .......... .......... 20%  414K 15m28s
 34000K .......... .......... .......... .......... .......... 20%  370K 15m26s
 34050K .......... .......... .......... .......... .......... 20%  558K 15m25s
 34100K .......... .......... .......... .......... .......... 20%  272K 15m24s
 34150K .......... .......... .......... .......... .......... 20%  264K 15m23s
 34200K .......... .......... .......... .......... .......... 20%  362K 15m22s
 34250K .......... .......... .......... .......... .......... 20%  253K 15m21s
 34300K .......... .......... .......... .......... .......... 20%  580K 15m20s
 34350K .......... .......... .......... .......... .......... 20%  191K 15m19s
 34400K .......... .......... .......... .......... .......... 20%  293K 15m18s
 34450K .......... .......... .......... .......... .......... 20%  173K 15m17s
 34500K .......... .......... .......... .......... .......... 20%  239K 15m16s
 34550K .......... .......... .......... .......... .......... 20%  530K 15m15s
 34600K .......... .......... .......... .......... .......... 20%  151K 15m15s
 34650K .......... .......... .......... .......... .......... 20%  312K 15m14s
 34700K .......... .......... .......... .......... .......... 20%  249K 15m13s
 34750K .......... .......... .......... .......... .......... 20%  263K 15m12s
 34800K .......... .......... .......... .......... .......... 20%  172K 15m11s
 34850K .......... .......... .......... .......... .......... 20%  175K 15m11s
 34900K .......... .......... .......... .......... .......... 21%  308K 15m10s
 34950K .......... .......... .......... .......... .......... 21%  403K 15m8s
 35000K .......... .......... .......... .......... .......... 21%  290K 15m7s
 35050K .......... .......... .......... .......... .......... 21%  302K 15m6s
 35100K .......... .......... .......... .......... .......... 21%  337K 15m5s
 35150K .......... .......... .......... .......... .......... 21%  120K 15m5s
 35200K .......... .......... .......... .......... .......... 21%  366K 15m4s
 35250K .......... .......... .......... .......... .......... 21%  448K 15m3s
 35300K .......... .......... .......... .......... .......... 21%  353K 15m2s
 35350K .......... .......... .......... .......... .......... 21%  459K 15m1s
 35400K .......... .......... .......... .......... .......... 21%  268K 15m0s
 35450K .......... .......... .......... .......... .......... 21%  472K 14m59s
 35500K .......... .......... .......... .......... .......... 21%  188K 14m58s
 35550K .......... .......... .......... .......... .......... 21%  403K 14m57s
 35600K .......... .......... .......... .......... .......... 21%  552K 14m55s
 35650K .......... .......... .......... .......... .......... 21%  156K 14m55s
 35700K .......... .......... .......... .......... .......... 21%  241K 14m54s
 35750K .......... .......... .......... .......... .......... 21%  205K 14m53s
 35800K .......... .......... .......... .......... .......... 21%  145K 14m53s
 35850K .......... .......... .......... .......... .......... 21%  279K 14m52s
 35900K .......... .......... .......... .......... .......... 21%  502K 14m51s
 35950K .......... .......... .......... .......... .......... 21%  305K 14m50s
 36000K .......... .......... .......... .......... .......... 21%  127K 14m50s
 36050K .......... .......... .......... .......... .......... 21%  413K 14m49s
 36100K .......... .......... .......... .......... .......... 21%  328K 14m48s
 36150K .......... .......... .......... .......... .......... 21%  286K 14m47s
 36200K .......... .......... .......... .......... .......... 21%  208K 14m46s
 36250K .......... .......... .......... .......... .......... 21%  374K 14m45s
 36300K .......... .......... .......... .......... .......... 21%  335K 14m44s
 36350K .......... .......... .......... .......... .......... 21%  170K 14m43s
 36400K .......... .......... .......... .......... .......... 21%  234K 14m43s
 36450K .......... .......... .......... .......... .......... 21%  318K 14m42s
 36500K .......... .......... .......... .......... .......... 21%  292K 14m41s
 36550K .......... .......... .......... .......... .......... 22%  124K 14m41s
 36600K .......... .......... .......... .......... .......... 22%  113K 14m41s
 36650K .......... .......... .......... .......... .......... 22%  345K 14m40s
 36700K .......... .......... .......... .......... .......... 22%  442K 14m38s
 36750K .......... .......... .......... .......... .......... 22%  382K 14m37s
 36800K .......... .......... .......... .......... .......... 22%  253K 14m37s
 36850K .......... .......... .......... .......... .......... 22%  440K 14m35s
 36900K .......... .......... .......... .......... .......... 22%  178K 14m35s
 36950K .......... .......... .......... .......... .......... 22% 54.9K 14m37s
 37000K .......... .......... .......... .......... .......... 22%  137K 14m36s
 37050K .......... .......... .......... .......... .......... 22% 64.1K 14m38s
 37100K .......... .......... .......... .......... .......... 22% 67.5K 14m39s
 37150K .......... .......... .......... .......... .......... 22%  105K 14m39s
 37200K .......... .......... .......... .......... .......... 22% 96.4K 14m39s
 37250K .......... .......... .......... .......... .......... 22% 79.3K 14m40s
 37300K .......... .......... .......... .......... .......... 22% 92.7K 14m40s
 37350K .......... .......... .......... .......... .......... 22% 90.5K 14m40s
 37400K .......... .......... .......... .......... .......... 22% 73.1K 14m41s
 37450K .......... .......... .......... .......... .......... 22%  150K 14m41s
 37500K .......... .......... .......... .......... .......... 22% 66.7K 14m42s
 37550K .......... .......... .......... .......... .......... 22%  108K 14m42s
 37600K .......... .......... .......... .......... .......... 22% 49.0K 14m44s
 37650K .......... .......... .......... .......... .......... 22%  103K 14m44s
 37700K .......... .......... .......... .......... .......... 22% 50.7K 14m46s
 37750K .......... .......... .......... .......... .......... 22% 33.5K 14m49s
 37800K .......... .......... .......... .......... .......... 22% 89.1K 14m50s
 37850K .......... .......... .......... .......... .......... 22%  152K 14m49s
 37900K .......... .......... .......... .......... .......... 22% 50.3K 14m51s
 37950K .......... .......... .......... .......... .......... 22% 64.0K 14m52s
 38000K .......... .......... .......... .......... .......... 22% 92.1K 14m53s
 38050K .......... .......... .......... .......... .......... 22% 37.2K 14m56s
 38100K .......... .......... .......... .......... .......... 22% 62.7K 14m57s
 38150K .......... .......... .......... .......... .......... 22% 94.3K 14m57s
 38200K .......... .......... .......... .......... .......... 23% 88.0K 14m57s
 38250K .......... .......... .......... .......... .......... 23%  408K 14m56s
 38300K .......... .......... .......... .......... .......... 23% 79.3K 14m57s
 38350K .......... .......... .......... .......... .......... 23% 95.9K 14m57s
 38400K .......... .......... .......... .......... .......... 23% 95.9K 14m57s
 38450K .......... .......... .......... .......... .......... 23%  104K 14m57s
 38500K .......... .......... .......... .......... .......... 23% 55.0K 14m59s
 38550K .......... .......... .......... .......... .......... 23%  200K 14m58s
 38600K .......... .......... .......... .......... .......... 23% 44.7K 15m0s
 38650K .......... .......... .......... .......... .......... 23% 49.1K 15m2s
 38700K .......... .......... .......... .......... .......... 23% 53.4K 15m4s
 38750K .......... .......... .......... .......... .......... 23% 51.6K 15m6s
 38800K .......... .......... .......... .......... .......... 23%  106K 15m6s
 38850K .......... .......... .......... .......... .......... 23% 63.4K 15m7s
 38900K .......... .......... .......... .......... .......... 23% 86.2K 15m7s
 38950K .......... .......... .......... .......... .......... 23%  107K 15m7s
 39000K .......... .......... .......... .......... .......... 23% 45.0K 15m9s
 39050K .......... .......... .......... .......... .......... 23%  271K 15m8s
 39100K .......... .......... .......... .......... .......... 23% 61.5K 15m9s
 39150K .......... .......... .......... .......... .......... 23%  109K 15m9s
 39200K .......... .......... .......... .......... .......... 23% 47.3K 15m11s
 39250K .......... .......... .......... .......... .......... 23%  121K 15m11s
 39300K .......... .......... .......... .......... .......... 23%  116K 15m11s
 39350K .......... .......... .......... .......... .......... 23% 89.3K 15m11s
 39400K .......... .......... .......... .......... .......... 23% 37.2K 15m14s
 39450K .......... .......... .......... .......... .......... 23% 78.6K 15m15s
 39500K .......... .......... .......... .......... .......... 23% 50.2K 15m16s
 39550K .......... .......... .......... .......... .......... 23%  151K 15m16s
 39600K .......... .......... .......... .......... .......... 23% 49.8K 15m17s
 39650K .......... .......... .......... .......... .......... 23% 47.6K 15m19s
 39700K .......... .......... .......... .......... .......... 23% 35.8K 15m22s
 39750K .......... .......... .......... .......... .......... 23%  134K 15m22s
 39800K .......... .......... .......... .......... .......... 23% 61.7K 15m23s
 39850K .......... .......... .......... .......... .......... 23% 61.9K 15m24s
 39900K .......... .......... .......... .......... .......... 24% 55.3K 15m25s
 39950K .......... .......... .......... .......... .......... 24%  113K 15m25s
 40000K .......... .......... .......... .......... .......... 24% 97.7K 15m25s
 40050K .......... .......... .......... .......... .......... 24%  303K 15m24s
 40100K .......... .......... .......... .......... .......... 24%  263K 15m23s
 40150K .......... .......... .......... .......... .......... 24%  400K 15m22s
 40200K .......... .......... .......... .......... .......... 24%  136K 15m22s
 40250K .......... .......... .......... .......... .......... 24%  107K 15m22s
 40300K .......... .......... .......... .......... .......... 24%  140K 15m21s
 40350K .......... .......... .......... .......... .......... 24%  180K 15m21s
 40400K .......... .......... .......... .......... .......... 24% 60.0K 15m22s
 40450K .......... .......... .......... .......... .......... 24% 30.7K 15m25s
 40500K .......... .......... .......... .......... .......... 24% 55.3K 15m27s
 40550K .......... .......... .......... .......... .......... 24% 75.8K 15m27s
 40600K .......... .......... .......... .......... .......... 24% 57.7K 15m28s
 40650K .......... .......... .......... .......... .......... 24% 45.5K 15m30s
 40700K .......... .......... .......... .......... .......... 24%  482K 15m29s
 40750K .......... .......... .......... .......... .......... 24%  188K 15m28s
 40800K .......... .......... .......... .......... .......... 24% 65.3K 15m29s
 40850K .......... .......... .......... .......... .......... 24% 75.4K 15m30s
 40900K .......... .......... .......... .......... .......... 24%  154K 15m29s
 40950K .......... .......... .......... .......... .......... 24%  392K 15m28s
 41000K .......... .......... .......... .......... .......... 24%  430K 15m27s
 41050K .......... .......... .......... .......... .......... 24%  513K 15m26s
 41100K .......... .......... .......... .......... .......... 24%  245K 15m25s
 41150K .......... .......... .......... .......... .......... 24%  182K 15m24s
 41200K .......... .......... .......... .......... .......... 24%  484K 15m23s
 41250K .......... .......... .......... .......... .......... 24%  120K 15m23s
 41300K .......... .......... .......... .......... .......... 24%  323K 15m22s
 41350K .......... .......... .......... .......... .......... 24%  346K 15m21s
 41400K .......... .......... .......... .......... .......... 24%  541K 15m20s
 41450K .......... .......... .......... .......... .......... 24%  137K 15m19s
 41500K .......... .......... .......... .......... .......... 24%  466K 15m18s
 41550K .......... .......... .......... .......... .......... 25%  284K 15m17s
 41600K .......... .......... .......... .......... .......... 25%  262K 15m16s
 41650K .......... .......... .......... .......... .......... 25%  164K 15m16s
 41700K .......... .......... .......... .......... .......... 25%  132K 15m15s
 41750K .......... .......... .......... .......... .......... 25%  433K 15m14s
 41800K .......... .......... .......... .......... .......... 25%  355K 15m13s
 41850K .......... .......... .......... .......... .......... 25%  388K 15m12s
 41900K .......... .......... .......... .......... .......... 25%  286K 15m11s
 41950K .......... .......... .......... .......... .......... 25%  112K 15m11s
 42000K .......... .......... .......... .......... .......... 25%  504K 15m10s
 42050K .......... .......... .......... .......... .......... 25%  266K 15m9s
 42100K .......... .......... .......... .......... .......... 25%  303K 15m8s
 42150K .......... .......... .......... .......... .......... 25%  218K 15m7s
 42200K .......... .......... .......... .......... .......... 25%  480K 15m6s
 42250K .......... .......... .......... .......... .......... 25%  218K 15m5s
 42300K .......... .......... .......... .......... .......... 25%  413K 15m4s
 42350K .......... .......... .......... .......... .......... 25%  405K 15m3s
 42400K .......... .......... .......... .......... .......... 25%  241K 15m2s
 42450K .......... .......... .......... .......... .......... 25%  376K 15m1s
 42500K .......... .......... .......... .......... .......... 25%  327K 15m0s
 42550K .......... .......... .......... .......... .......... 25%  244K 15m0s
 42600K .......... .......... .......... .......... .......... 25%  333K 14m59s
 42650K .......... .......... .......... .......... .......... 25%  350K 14m58s
 42700K .......... .......... .......... .......... .......... 25%  168K 14m57s
 42750K .......... .......... .......... .......... .......... 25%  660K 14m56s
 42800K .......... .......... .......... .......... .......... 25% 69.8K 14m56s
 42850K .......... .......... .......... .......... .......... 25%  209K 14m56s
 42900K .......... .......... .......... .......... .......... 25%  257K 14m55s
 42950K .......... .......... .......... .......... .......... 25%  100K 14m55s
 43000K .......... .......... .......... .......... .......... 25%  369K 14m54s
 43050K .......... .......... .......... .......... .......... 25%  191K 14m53s
 43100K .......... .......... .......... .......... .......... 25%  617K 14m52s
 43150K .......... .......... .......... .......... .......... 25%  175K 14m51s
 43200K .......... .......... .......... .......... .......... 26%  331K 14m51s
 43250K .......... .......... .......... .......... .......... 26%  663K 14m49s
 43300K .......... .......... .......... .......... .......... 26%  739K 14m48s
 43350K .......... .......... .......... .......... .......... 26% 83.1K 14m48s
 43400K .......... .......... .......... .......... .......... 26%  870K 14m47s
 43450K .......... .......... .......... .......... .......... 26%  201K 14m47s
 43500K .......... .......... .......... .......... .......... 26%  373K 14m46s
 43550K .......... .......... .......... .......... .......... 26%  320K 14m45s
 43600K .......... .......... .......... .......... .......... 26%  355K 14m44s
 43650K .......... .......... .......... .......... .......... 26%  258K 14m43s
 43700K .......... .......... .......... .......... .......... 26%  237K 14m42s
 43750K .......... .......... .......... .......... .......... 26%  229K 14m41s
 43800K .......... .......... .......... .......... .......... 26%  223K 14m41s
 43850K .......... .......... .......... .......... .......... 26%  119K 14m40s
 43900K .......... .......... .......... .......... .......... 26%  223K 14m40s
 43950K .......... .......... .......... .......... .......... 26%  108K 14m40s
 44000K .......... .......... .......... .......... .......... 26%  279K 14m39s
 44050K .......... .......... .......... .......... .......... 26%  193K 14m38s
 44100K .......... .......... .......... .......... .......... 26%  144K 14m38s
 44150K .......... .......... .......... .......... .......... 26%  119K 14m37s
 44200K .......... .......... .......... .......... .......... 26%  505K 14m36s
 44250K .......... .......... .......... .......... .......... 26%  366K 14m35s
 44300K .......... .......... .......... .......... .......... 26%  537K 14m34s
 44350K .......... .......... .......... .......... .......... 26%  593K 14m33s
 44400K .......... .......... .......... .......... .......... 26%  427K 14m32s
 44450K .......... .......... .......... .......... .......... 26%  250K 14m31s
 44500K .......... .......... .......... .......... .......... 26%  177K 14m31s
 44550K .......... .......... .......... .......... .......... 26% 94.1K 14m31s
 44600K .......... .......... .......... .......... .......... 26%  376K 14m30s
 44650K .......... .......... .......... .......... .......... 26%  183K 14m29s
 44700K .......... .......... .......... .......... .......... 26% 80.8K 14m30s
 44750K .......... .......... .......... .......... .......... 26%  305K 14m29s
 44800K .......... .......... .......... .......... .......... 26%  240K 14m28s
 44850K .......... .......... .......... .......... .......... 27%  329K 14m27s
 44900K .......... .......... .......... .......... .......... 27%  258K 14m26s
 44950K .......... .......... .......... .......... .......... 27%  351K 14m25s
 45000K .......... .......... .......... .......... .......... 27%  393K 14m24s
 45050K .......... .......... .......... .......... .......... 27%  124K 14m24s
 45100K .......... .......... .......... .......... .......... 27%  227K 14m24s
 45150K .......... .......... .......... .......... .......... 27%  322K 14m23s
 45200K .......... .......... .......... .......... .......... 27%  140K 14m22s
 45250K .......... .......... .......... .......... .......... 27%  196K 14m22s
 45300K .......... .......... .......... .......... .......... 27% 84.6K 14m22s
 45350K .......... .......... .......... .......... .......... 27%  146K 14m22s
 45400K .......... .......... .......... .......... .......... 27% 87.1K 14m22s
 45450K .......... .......... .......... .......... .......... 27%  145K 14m21s
 45500K .......... .......... .......... .......... .......... 27%  241K 14m21s
 45550K .......... .......... .......... .......... .......... 27%  206K 14m20s
 45600K .......... .......... .......... .......... .......... 27% 86.8K 14m20s
 45650K .......... .......... .......... .......... .......... 27%  261K 14m19s
 45700K .......... .......... .......... .......... .......... 27%  222K 14m19s
 45750K .......... .......... .......... .......... .......... 27%  344K 14m18s
 45800K .......... .......... .......... .......... .......... 27%  129K 14m18s
 45850K .......... .......... .......... .......... .......... 27%  149K 14m17s
 45900K .......... .......... .......... .......... .......... 27%  307K 14m16s
 45950K .......... .......... .......... .......... .......... 27%  125K 14m16s
 46000K .......... .......... .......... .......... .......... 27%  233K 14m15s
 46050K .......... .......... .......... .......... .......... 27%  131K 14m15s
 46100K .......... .......... .......... .......... .......... 27%  156K 14m15s
 46150K .......... .......... .......... .......... .......... 27%  627K 14m13s
 46200K .......... .......... .......... .......... .......... 27%  281K 14m13s
 46250K .......... .......... .......... .......... .......... 27%  305K 14m12s
 46300K .......... .......... .......... .......... .......... 27%  258K 14m11s
 46350K .......... .......... .......... .......... .......... 27%  183K 14m10s
 46400K .......... .......... .......... .......... .......... 27%  167K 14m10s
 46450K .......... .......... .......... .......... .......... 27%  198K 14m9s
 46500K .......... .......... .......... .......... .......... 27%  299K 14m9s
 46550K .......... .......... .......... .......... .......... 28%  360K 14m8s
 46600K .......... .......... .......... .......... .......... 28% 64.0K 14m8s
 46650K .......... .......... .......... .......... .......... 28%  105K 14m8s
 46700K .......... .......... .......... .......... .......... 28%  161K 14m8s
 46750K .......... .......... .......... .......... .......... 28%  130K 14m8s
 46800K .......... .......... .......... .......... .......... 28%  113K 14m7s
 46850K .......... .......... .......... .......... .......... 28%  179K 14m7s
 46900K .......... .......... .......... .......... .......... 28%  536K 14m6s
 46950K .......... .......... .......... .......... .......... 28%  161K 14m5s
 47000K .......... .......... .......... .......... .......... 28%  237K 14m5s
 47050K .......... .......... .......... .......... .......... 28%  179K 14m4s
 47100K .......... .......... .......... .......... .......... 28%  160K 14m4s
 47150K .......... .......... .......... .......... .......... 28%  167K 14m3s
 47200K .......... .......... .......... .......... .......... 28%  285K 14m2s
 47250K .......... .......... .......... .......... .......... 28%  224K 14m2s
 47300K .......... .......... .......... .......... .......... 28%  209K 14m1s
 47350K .......... .......... .......... .......... .......... 28%  130K 14m1s
 47400K .......... .......... .......... .......... .......... 28%  222K 14m0s
 47450K .......... .......... .......... .......... .......... 28%  236K 13m59s
 47500K .......... .......... .......... .......... .......... 28%  138K 13m59s
 47550K .......... .......... .......... .......... .......... 28%  175K 13m59s
 47600K .......... .......... .......... .......... .......... 28%  107K 13m58s
 47650K .......... .......... .......... .......... .......... 28%  130K 13m58s
 47700K .......... .......... .......... .......... .......... 28%  106K 13m58s
 47750K .......... .......... .......... .......... .......... 28%  104K 13m58s
 47800K .......... .......... .......... .......... .......... 28%  191K 13m57s
 47850K .......... .......... .......... .......... .......... 28% 81.2K 13m58s
 47900K .......... .......... .......... .......... .......... 28%  170K 13m57s
 47950K .......... .......... .......... .......... .......... 28% 61.4K 13m58s
 48000K .......... .......... .......... .......... .......... 28%  462K 13m57s
 48050K .......... .......... .......... .......... .......... 28%  182K 13m57s
 48100K .......... .......... .......... .......... .......... 28%  145K 13m56s
 48150K .......... .......... .......... .......... .......... 28%  280K 13m55s
 48200K .......... .......... .......... .......... .......... 29%  146K 13m55s
 48250K .......... .......... .......... .......... .......... 29%  121K 13m55s
 48300K .......... .......... .......... .......... .......... 29%  101K 13m55s
 48350K .......... .......... .......... .......... .......... 29% 92.6K 13m55s
 48400K .......... .......... .......... .......... .......... 29%  223K 13m54s
 48450K .......... .......... .......... .......... .......... 29%  407K 13m53s
 48500K .......... .......... .......... .......... .......... 29%  509K 13m52s
 48550K .......... .......... .......... .......... .......... 29%  179K 13m52s
 48600K .......... .......... .......... .......... .......... 29% 70.0K 13m52s
 48650K .......... .......... .......... .......... .......... 29% 97.4K 13m52s
 48700K .......... .......... .......... .......... .......... 29%  198K 13m52s
 48750K .......... .......... .......... .......... .......... 29%  275K 13m51s
 48800K .......... .......... .......... .......... .......... 29%  137K 13m51s
 48850K .......... .......... .......... .......... .......... 29%  183K 13m50s
 48900K .......... .......... .......... .......... .......... 29%  313K 13m49s
 48950K .......... .......... .......... .......... .......... 29%  118K 13m49s
 49000K .......... .......... .......... .......... .......... 29%  221K 13m48s
 49050K .......... .......... .......... .......... .......... 29%  582K 13m47s
 49100K .......... .......... .......... .......... .......... 29%  128K 13m47s
 49150K .......... .......... .......... .......... .......... 29%  418K 13m46s
 49200K .......... .......... .......... .......... .......... 29%  287K 13m46s
 49250K .......... .......... .......... .......... .......... 29%  301K 13m45s
 49300K .......... .......... .......... .......... .......... 29%  523K 13m44s
 49350K .......... .......... .......... .......... .......... 29%  453K 13m43s
 49400K .......... .......... .......... .......... .......... 29%  167K 13m42s
 49450K .......... .......... .......... .......... .......... 29%  430K 13m41s
 49500K .......... .......... .......... .......... .......... 29%  740K 13m40s
 49550K .......... .......... .......... .......... .......... 29%  253K 13m40s
 49600K .......... .......... .......... .......... .......... 29%  476K 13m39s
 49650K .......... .......... .......... .......... .......... 29%  342K 13m38s
 49700K .......... .......... .......... .......... .......... 29%  150K 13m38s
 49750K .......... .......... .......... .......... .......... 29% 92.6K 13m38s
 49800K .......... .......... .......... .......... .......... 29%  169K 13m37s
 49850K .......... .......... .......... .......... .......... 30%  465K 13m36s
 49900K .......... .......... .......... .......... .......... 30%  476K 13m35s
 49950K .......... .......... .......... .......... .......... 30%  376K 13m34s
 50000K .......... .......... .......... .......... .......... 30%  521K 13m34s
 50050K .......... .......... .......... .......... .......... 30%  636K 13m33s
 50100K .......... .......... .......... .......... .......... 30%  132K 13m32s
 50150K .......... .......... .......... .......... .......... 30%  692K 13m31s
 50200K .......... .......... .......... .......... .......... 30%  229K 13m31s
 50250K .......... .......... .......... .......... .......... 30%  673K 13m30s
 50300K .......... .......... .......... .......... .......... 30%  132K 13m29s
 50350K .......... .......... .......... .......... .......... 30%  413K 13m28s
 50400K .......... .......... .......... .......... .......... 30%  845K 13m27s
 50450K .......... .......... .......... .......... .......... 30%  367K 13m27s
 50500K .......... .......... .......... .......... .......... 30%  603K 13m26s
 50550K .......... .......... .......... .......... .......... 30%  160K 13m25s
 50600K .......... .......... .......... .......... .......... 30%  128K 13m25s
 50650K .......... .......... .......... .......... .......... 30%  430K 13m24s
 50700K .......... .......... .......... .......... .......... 30%  307K 13m23s
 50750K .......... .......... .......... .......... .......... 30%  163K 13m23s
 50800K .......... .......... .......... .......... .......... 30%  640K 13m22s
 50850K .......... .......... .......... .......... .......... 30%  215K 13m21s
 50900K .......... .......... .......... .......... .......... 30%  506K 13m20s
 50950K .......... .......... .......... .......... .......... 30%  330K 13m20s
 51000K .......... .......... .......... .......... .......... 30%  455K 13m19s
 51050K .......... .......... .......... .......... .......... 30%  343K 13m18s
 51100K .......... .......... .......... .......... .......... 30%  212K 13m17s
 51150K .......... .......... .......... .......... .......... 30%  388K 13m17s
 51200K .......... .......... .......... .......... .......... 30%  378K 13m16s
 51250K .......... .......... .......... .......... .......... 30%  553K 13m15s
 51300K .......... .......... .......... .......... .......... 30%  119K 13m15s
 51350K .......... .......... .......... .......... .......... 30%  335K 13m14s
 51400K .......... .......... .......... .......... .......... 30%  402K 13m13s
 51450K .......... .......... .......... .......... .......... 30%  374K 13m12s
 51500K .......... .......... .......... .......... .......... 31%  321K 13m11s
 51550K .......... .......... .......... .......... .......... 31%  234K 13m11s
 51600K .......... .......... .......... .......... .......... 31%  587K 13m10s
 51650K .......... .......... .......... .......... .......... 31%  114K 13m10s
 51700K .......... .......... .......... .......... .......... 31%  192K 13m9s
 51750K .......... .......... .......... .......... .......... 31%  150K 13m9s
 51800K .......... .......... .......... .......... .......... 31%  403K 13m8s
 51850K .......... .......... .......... .......... .......... 31%  410K 13m7s
 51900K .......... .......... .......... .......... .......... 31%  407K 13m6s
 51950K .......... .......... .......... .......... .......... 31%  150K 13m6s
 52000K .......... .......... .......... .......... .......... 31%  384K 13m5s
 52050K .......... .......... .......... .......... .......... 31%  279K 13m4s
 52100K .......... .......... .......... .......... .......... 31%  320K 13m4s
 52150K .......... .......... .......... .......... .......... 31%  495K 13m3s
 52200K .......... .......... .......... .......... .......... 31%  230K 13m2s
 52250K .......... .......... .......... .......... .......... 31%  239K 13m2s
 52300K .......... .......... .......... .......... .......... 31%  265K 13m1s
 52350K .......... .......... .......... .......... .......... 31%  331K 13m0s
 52400K .......... .......... .......... .......... .......... 31%  152K 13m0s
 52450K .......... .......... .......... .......... .......... 31%  392K 12m59s
 52500K .......... .......... .......... .......... .......... 31%  465K 12m58s
 52550K .......... .......... .......... .......... .......... 31%  194K 12m58s
 52600K .......... .......... .......... .......... .......... 31%  399K 12m57s
 52650K .......... .......... .......... .......... .......... 31%  264K 12m56s
 52700K .......... .......... .......... .......... .......... 31%  125K 12m56s
 52750K .......... .......... .......... .......... .......... 31%  381K 12m55s
 52800K .......... .......... .......... .......... .......... 31%  264K 12m54s
 52850K .......... .......... .......... .......... .......... 31%  255K 12m54s
 52900K .......... .......... .......... .......... .......... 31%  316K 12m53s
 52950K .......... .......... .......... .......... .......... 31%  166K 12m53s
 53000K .......... .......... .......... .......... .......... 31%  257K 12m52s
 53050K .......... .......... .......... .......... .......... 31%  555K 12m51s
 53100K .......... .......... .......... .......... .......... 31%  232K 12m50s
 53150K .......... .......... .......... .......... .......... 31%  214K 12m50s
 53200K .......... .......... .......... .......... .......... 32%  432K 12m49s
 53250K .......... .......... .......... .......... .......... 32%  382K 12m48s
 53300K .......... .......... .......... .......... .......... 32%  103K 12m48s
 53350K .......... .......... .......... .......... .......... 32% 75.8K 12m49s
 53400K .......... .......... .......... .......... .......... 32%  461K 12m48s
 53450K .......... .......... .......... .......... .......... 32%  140K 12m47s
 53500K .......... .......... .......... .......... .......... 32%  343K 12m47s
 53550K .......... .......... .......... .......... .......... 32%  396K 12m46s
 53600K .......... .......... .......... .......... .......... 32%  353K 12m45s
 53650K .......... .......... .......... .......... .......... 32%  223K 12m45s
 53700K .......... .......... .......... .......... .......... 32%  230K 12m44s
 53750K .......... .......... .......... .......... .......... 32%  241K 12m43s
 53800K .......... .......... .......... .......... .......... 32%  253K 12m43s
 53850K .......... .......... .......... .......... .......... 32%  155K 12m42s
 53900K .......... .......... .......... .......... .......... 32%  395K 12m42s
 53950K .......... .......... .......... .......... .......... 32%  161K 12m41s
 54000K .......... .......... .......... .......... .......... 32%  361K 12m40s
 54050K .......... .......... .......... .......... .......... 32%  242K 12m40s
 54100K .......... .......... .......... .......... .......... 32%  192K 12m39s
 54150K .......... .......... .......... .......... .......... 32%  362K 12m39s
 54200K .......... .......... .......... .......... .......... 32%  299K 12m38s
 54250K .......... .......... .......... .......... .......... 32%  171K 12m37s
 54300K .......... .......... .......... .......... .......... 32%  250K 12m37s
 54350K .......... .......... .......... .......... .......... 32%  182K 12m36s
 54400K .......... .......... .......... .......... .......... 32%  301K 12m36s
 54450K .......... .......... .......... .......... .......... 32%  159K 12m35s
 54500K .......... .......... .......... .......... .......... 32%  337K 12m35s
 54550K .......... .......... .......... .......... .......... 32%  182K 12m34s
 54600K .......... .......... .......... .......... .......... 32%  342K 12m33s
 54650K .......... .......... .......... .......... .......... 32%  311K 12m33s
 54700K .......... .......... .......... .......... .......... 32%  433K 12m32s
 54750K .......... .......... .......... .......... .......... 32%  461K 12m31s
 54800K .......... .......... .......... .......... .......... 32%  274K 12m30s
 54850K .......... .......... .......... .......... .......... 33% 60.3K 12m31s
 54900K .......... .......... .......... .......... .......... 33%  178K 12m31s
 54950K .......... .......... .......... .......... .......... 33%  609K 12m30s
 55000K .......... .......... .......... .......... .......... 33%  297K 12m29s
 55050K .......... .......... .......... .......... .......... 33% 92.8K 12m29s
 55100K .......... .......... .......... .......... .......... 33%  176K 12m29s
 55150K .......... .......... .......... .......... .......... 33% 77.9K 12m29s
 55200K .......... .......... .......... .......... .......... 33%  263K 12m28s
 55250K .......... .......... .......... .......... .......... 33%  788K 12m27s
 55300K .......... .......... .......... .......... .......... 33%  484K 12m27s
 55350K .......... .......... .......... .......... .......... 33%  434K 12m26s
 55400K .......... .......... .......... .......... .......... 33%  423K 12m25s
 55450K .......... .......... .......... .......... .......... 33%  451K 12m24s
 55500K .......... .......... .......... .......... .......... 33%  546K 12m23s
 55550K .......... .......... .......... .......... .......... 33%  500K 12m23s
 55600K .......... .......... .......... .......... .......... 33%  119K 12m23s
 55650K .......... .......... .......... .......... .......... 33%  476K 12m22s
 55700K .......... .......... .......... .......... .......... 33% 81.4K 12m22s
 55750K .......... .......... .......... .......... .......... 33%  222K 12m21s
 55800K .......... .......... .......... .......... .......... 33%  387K 12m21s
 55850K .......... .......... .......... .......... .......... 33%  290K 12m20s
 55900K .......... .......... .......... .......... .......... 33%  470K 12m19s
 55950K .......... .......... .......... .......... .......... 33%  196K 12m19s
 56000K .......... .......... .......... .......... .......... 33%  179K 12m18s
 56050K .......... .......... .......... .......... .......... 33%  240K 12m18s
 56100K .......... .......... .......... .......... .......... 33%  189K 12m17s
 56150K .......... .......... .......... .......... .......... 33%  129K 12m17s
 56200K .......... .......... .......... .......... .......... 33% 94.7K 12m17s
 56250K .......... .......... .......... .......... .......... 33%  127K 12m17s
 56300K .......... .......... .......... .......... .......... 33%  139K 12m17s
 56350K .......... .......... .......... .......... .......... 33%  130K 12m16s
 56400K .......... .......... .......... .......... .......... 33%  124K 12m16s
 56450K .......... .......... .......... .......... .......... 33%  231K 12m15s
 56500K .......... .......... .......... .......... .......... 34%  435K 12m15s
 56550K .......... .......... .......... .......... .......... 34%  180K 12m14s
 56600K .......... .......... .......... .......... .......... 34%  430K 12m14s
 56650K .......... .......... .......... .......... .......... 34%  380K 12m13s
 56700K .......... .......... .......... .......... .......... 34%  371K 12m12s
 56750K .......... .......... .......... .......... .......... 34%  135K 12m12s
 56800K .......... .......... .......... .......... .......... 34%  140K 12m12s
 56850K .......... .......... .......... .......... .......... 34%  272K 12m11s
 56900K .......... .......... .......... .......... .......... 34%  225K 12m10s
 56950K .......... .......... .......... .......... .......... 34% 98.8K 12m10s
 57000K .......... .......... .......... .......... .......... 34%  182K 12m10s
 57050K .......... .......... .......... .......... .......... 34%  324K 12m9s
 57100K .......... .......... .......... .......... .......... 34%  118K 12m9s
 57150K .......... .......... .......... .......... .......... 34%  188K 12m9s
 57200K .......... .......... .......... .......... .......... 34%  212K 12m8s
 57250K .......... .......... .......... .......... .......... 34%  187K 12m8s
 57300K .......... .......... .......... .......... .......... 34%  215K 12m7s
 57350K .......... .......... .......... .......... .......... 34%  358K 12m6s
 57400K .......... .......... .......... .......... .......... 34%  515K 12m6s
 57450K .......... .......... .......... .......... .......... 34%  402K 12m5s
 57500K .......... .......... .......... .......... .......... 34%  346K 12m4s
 57550K .......... .......... .......... .......... .......... 34%  382K 12m3s
 57600K .......... .......... .......... .......... .......... 34%  119K 12m3s
 57650K .......... .......... .......... .......... .......... 34%  514K 12m3s
 57700K .......... .......... .......... .......... .......... 34%  247K 12m2s
 57750K .......... .......... .......... .......... .......... 34%  164K 12m2s
 57800K .......... .......... .......... .......... .......... 34%  396K 12m1s
 57850K .......... .......... .......... .......... .......... 34%  379K 12m0s
 57900K .......... .......... .......... .......... .......... 34%  137K 12m0s
 57950K .......... .......... .......... .......... .......... 34%  140K 12m0s
 58000K .......... .......... .......... .......... .......... 34% 91.0K 12m0s
 58050K .......... .......... .......... .......... .......... 34% 69.1K 12m0s
 58100K .......... .......... .......... .......... .......... 34%  316K 11m59s
 58150K .......... .......... .......... .......... .......... 35% 92.5K 11m59s
 58200K .......... .......... .......... .......... .......... 35% 97.2K 11m59s
 58250K .......... .......... .......... .......... .......... 35%  267K 11m59s
 58300K .......... .......... .......... .......... .......... 35%  209K 11m58s
 58350K .......... .......... .......... .......... .......... 35%  165K 11m58s
 58400K .......... .......... .......... .......... .......... 35%  166K 11m58s
 58450K .......... .......... .......... .......... .......... 35%  361K 11m57s
 58500K .......... .......... .......... .......... .......... 35%  296K 11m56s
 58550K .......... .......... .......... .......... .......... 35%  514K 11m55s
 58600K .......... .......... .......... .......... .......... 35%  167K 11m55s
 58650K .......... .......... .......... .......... .......... 35%  276K 11m54s
 58700K .......... .......... .......... .......... .......... 35%  285K 11m54s
 58750K .......... .......... .......... .......... .......... 35%  211K 11m53s
 58800K .......... .......... .......... .......... .......... 35%  483K 11m53s
 58850K .......... .......... .......... .......... .......... 35%  378K 11m52s
 58900K .......... .......... .......... .......... .......... 35%  133K 11m52s
 58950K .......... .......... .......... .......... .......... 35% 97.0K 11m52s
 59000K .......... .......... .......... .......... .......... 35%  199K 11m51s
 59050K .......... .......... .......... .......... .......... 35%  285K 11m51s
 59100K .......... .......... .......... .......... .......... 35%  207K 11m50s
 59150K .......... .......... .......... .......... .......... 35%  271K 11m49s
 59200K .......... .......... .......... .......... .......... 35%  200K 11m49s
 59250K .......... .......... .......... .......... .......... 35%  290K 11m48s
 59300K .......... .......... .......... .......... .......... 35% 84.3K 11m49s
 59350K .......... .......... .......... .......... .......... 35%  142K 11m48s
 59400K .......... .......... .......... .......... .......... 35%  128K 11m48s
 59450K .......... .......... .......... .......... .......... 35%  166K 11m48s
 59500K .......... .......... .......... .......... .......... 35% 73.7K 11m48s
 59550K .......... .......... .......... .......... .......... 35%  368K 11m47s
 59600K .......... .......... .......... .......... .......... 35%  640K 11m46s
 59650K .......... .......... .......... .......... .......... 35% 75.3K 11m47s
 59700K .......... .......... .......... .......... .......... 35%  208K 11m46s
 59750K .......... .......... .......... .......... .......... 35% 83.2K 11m46s
 59800K .......... .......... .......... .......... .......... 35%  447K 11m46s
 59850K .......... .......... .......... .......... .......... 36%  120K 11m45s
 59900K .......... .......... .......... .......... .......... 36%  276K 11m45s
 59950K .......... .......... .......... .......... .......... 36%  113K 11m45s
 60000K .......... .......... .......... .......... .......... 36% 70.2K 11m45s
 60050K .......... .......... .......... .......... .......... 36%  229K 11m45s
 60100K .......... .......... .......... .......... .......... 36%  170K 11m44s
 60150K .......... .......... .......... .......... .......... 36%  104K 11m44s
 60200K .......... .......... .......... .......... .......... 36%  170K 11m44s
 60250K .......... .......... .......... .......... .......... 36%  130K 11m43s
 60300K .......... .......... .......... .......... .......... 36%  434K 11m43s
 60350K .......... .......... .......... .......... .......... 36%  192K 11m42s
 60400K .......... .......... .......... .......... .......... 36%  261K 11m42s
 60450K .......... .......... .......... .......... .......... 36%  160K 11m41s
 60500K .......... .......... .......... .......... .......... 36%  467K 11m41s
 60550K .......... .......... .......... .......... .......... 36%  207K 11m40s
 60600K .......... .......... .......... .......... .......... 36%  199K 11m40s
 60650K .......... .......... .......... .......... .......... 36% 75.5K 11m40s
 60700K .......... .......... .......... .......... .......... 36%  124K 11m40s
 60750K .......... .......... .......... .......... .......... 36%  427K 11m39s
 60800K .......... .......... .......... .......... .......... 36% 94.8K 11m39s
 60850K .......... .......... .......... .......... .......... 36%  262K 11m38s
 60900K .......... .......... .......... .......... .......... 36%  276K 11m38s
 60950K .......... .......... .......... .......... .......... 36%  253K 11m37s
 61000K .......... .......... .......... .......... .......... 36%  195K 11m37s
 61050K .......... .......... .......... .......... .......... 36%  179K 11m36s
 61100K .......... .......... .......... .......... .......... 36% 43.1K 11m37s
 61150K .......... .......... .......... .......... .......... 36%  196K 11m37s
 61200K .......... .......... .......... .......... .......... 36%  108K 11m37s
 61250K .......... .......... .......... .......... .......... 36%  295K 11m36s
 61300K .......... .......... .......... .......... .......... 36%  312K 11m36s
 61350K .......... .......... .......... .......... .......... 36%  170K 11m35s
 61400K .......... .......... .......... .......... .......... 36%  469K 11m35s
 61450K .......... .......... .......... .......... .......... 36%  234K 11m34s
 61500K .......... .......... .......... .......... .......... 37%  658K 11m33s
 61550K .......... .......... .......... .......... .......... 37%  229K 11m33s
 61600K .......... .......... .......... .......... .......... 37%  264K 11m32s
 61650K .......... .......... .......... .......... .......... 37%  575K 11m31s
 61700K .......... .......... .......... .......... .......... 37%  104K 11m31s
 61750K .......... .......... .......... .......... .......... 37%  837K 11m31s
 61800K .......... .......... .......... .......... .......... 37%  276K 11m30s
 61850K .......... .......... .......... .......... .......... 37%  201K 11m29s
 61900K .......... .......... .......... .......... .......... 37%  406K 11m29s
 61950K .......... .......... .......... .......... .......... 37%  301K 11m28s
 62000K .......... .......... .......... .......... .......... 37%  179K 11m28s
 62050K .......... .......... .......... .......... .......... 37%  163K 11m27s
 62100K .......... .......... .......... .......... .......... 37%  365K 11m27s
 62150K .......... .......... .......... .......... .......... 37%  470K 11m26s
 62200K .......... .......... .......... .......... .......... 37%  181K 11m26s
 62250K .......... .......... .......... .......... .......... 37%  208K 11m25s
 62300K .......... .......... .......... .......... .......... 37%  213K 11m25s
 62350K .......... .......... .......... .......... .......... 37%  290K 11m24s
 62400K .......... .......... .......... .......... .......... 37%  257K 11m24s
 62450K .......... .......... .......... .......... .......... 37%  541K 11m23s
 62500K .......... .......... .......... .......... .......... 37%  163K 11m22s
 62550K .......... .......... .......... .......... .......... 37%  412K 11m22s
 62600K .......... .......... .......... .......... .......... 37%  260K 11m21s
 62650K .......... .......... .......... .......... .......... 37%  638K 11m20s
 62700K .......... .......... .......... .......... .......... 37%  469K 11m20s
 62750K .......... .......... .......... .......... .......... 37%  407K 11m19s
 62800K .......... .......... .......... .......... .......... 37%  434K 11m18s
 62850K .......... .......... .......... .......... .......... 37%  135K 11m18s
 62900K .......... .......... .......... .......... .......... 37%  338K 11m18s
 62950K .......... .......... .......... .......... .......... 37%  429K 11m17s
 63000K .......... .......... .......... .......... .......... 37%  424K 11m16s
 63050K .......... .......... .......... .......... .......... 37%  480K 11m16s
 63100K .......... .......... .......... .......... .......... 37%  303K 11m15s
 63150K .......... .......... .......... .......... .......... 38%  317K 11m14s
 63200K .......... .......... .......... .......... .......... 38%  504K 11m14s
 63250K .......... .......... .......... .......... .......... 38%  219K 11m13s
 63300K .......... .......... .......... .......... .......... 38%  228K 11m13s
 63350K .......... .......... .......... .......... .......... 38%  239K 11m12s
 63400K .......... .......... .......... .......... .......... 38%  199K 11m12s
 63450K .......... .......... .......... .......... .......... 38%  393K 11m11s
 63500K .......... .......... .......... .......... .......... 38%  282K 11m10s
 63550K .......... .......... .......... .......... .......... 38%  233K 11m10s
 63600K .......... .......... .......... .......... .......... 38%  447K 11m9s
 63650K .......... .......... .......... .......... .......... 38%  294K 11m9s
 63700K .......... .......... .......... .......... .......... 38%  385K 11m8s
 63750K .......... .......... .......... .......... .......... 38%  316K 11m7s
 63800K .......... .......... .......... .......... .......... 38%  440K 11m7s
 63850K .......... .......... .......... .......... .......... 38%  194K 11m6s
 63900K .......... .......... .......... .......... .......... 38%  413K 11m6s
 63950K .......... .......... .......... .......... .......... 38%  119K 11m6s
 64000K .......... .......... .......... .......... .......... 38%  409K 11m5s
 64050K .......... .......... .......... .......... .......... 38%  306K 11m4s
 64100K .......... .......... .......... .......... .......... 38%  274K 11m4s
 64150K .......... .......... .......... .......... .......... 38%  306K 11m3s
 64200K .......... .......... .......... .......... .......... 38%  148K 11m3s
 64250K .......... .......... .......... .......... .......... 38%  266K 11m2s
 64300K .......... .......... .......... .......... .......... 38%  254K 11m2s
 64350K .......... .......... .......... .......... .......... 38%  289K 11m1s
 64400K .......... .......... .......... .......... .......... 38%  390K 11m1s
 64450K .......... .......... .......... .......... .......... 38%  404K 11m0s
 64500K .......... .......... .......... .......... .......... 38%  384K 10m59s
 64550K .......... .......... .......... .......... .......... 38%  231K 10m59s
 64600K .......... .......... .......... .......... .......... 38%  325K 10m58s
 64650K .......... .......... .......... .......... .......... 38%  394K 10m58s
 64700K .......... .......... .......... .......... .......... 38%  140K 10m57s
 64750K .......... .......... .......... .......... .......... 38%  295K 10m57s
 64800K .......... .......... .......... .......... .......... 39%  262K 10m56s
 64850K .......... .......... .......... .......... .......... 39%  213K 10m56s
 64900K .......... .......... .......... .......... .......... 39%  150K 10m55s
 64950K .......... .......... .......... .......... .......... 39%  175K 10m55s
 65000K .......... .......... .......... .......... .......... 39%  461K 10m54s
 65050K .......... .......... .......... .......... .......... 39%  318K 10m54s
 65100K .......... .......... .......... .......... .......... 39%  438K 10m53s
 65150K .......... .......... .......... .......... .......... 39%  342K 10m53s
 65200K .......... .......... .......... .......... .......... 39%  304K 10m52s
 65250K .......... .......... .......... .......... .......... 39%  170K 10m52s
 65300K .......... .......... .......... .......... .......... 39%  238K 10m51s
 65350K .......... .......... .......... .......... .......... 39%  376K 10m51s
 65400K .......... .......... .......... .......... .......... 39%  320K 10m50s
 65450K .......... .......... .......... .......... .......... 39%  128K 10m50s
 65500K .......... .......... .......... .......... .......... 39%  248K 10m49s
 65550K .......... .......... .......... .......... .......... 39%  610K 10m49s
 65600K .......... .......... .......... .......... .......... 39%  109K 10m48s
 65650K .......... .......... .......... .......... .......... 39% 77.2K 10m49s
 65700K .......... .......... .......... .......... .......... 39%  372K 10m48s
 65750K .......... .......... .......... .......... .......... 39%  119K 10m48s
 65800K .......... .......... .......... .......... .......... 39%  374K 10m47s
 65850K .......... .......... .......... .......... .......... 39% 85.0K 10m47s
 65900K .......... .......... .......... .......... .......... 39%  199K 10m47s
 65950K .......... .......... .......... .......... .......... 39%  340K 10m46s
 66000K .......... .......... .......... .......... .......... 39%  222K 10m46s
 66050K .......... .......... .......... .......... .......... 39%  444K 10m45s
 66100K .......... .......... .......... .......... .......... 39% 84.4K 10m45s
 66150K .......... .......... .......... .......... .......... 39%  153K 10m45s
 66200K .......... .......... .......... .......... .......... 39%  348K 10m44s
 66250K .......... .......... .......... .......... .......... 39%  114K 10m44s
 66300K .......... .......... .......... .......... .......... 39%  258K 10m44s
 66350K .......... .......... .......... .......... .......... 39% 95.8K 10m44s
 66400K .......... .......... .......... .......... .......... 39%  559K 10m43s
 66450K .......... .......... .......... .......... .......... 39% 70.4K 10m43s
 66500K .......... .......... .......... .......... .......... 40% 94.2K 10m43s
 66550K .......... .......... .......... .......... .......... 40%  570K 10m43s
 66600K .......... .......... .......... .......... .......... 40%  148K 10m42s
 66650K .......... .......... .......... .......... .......... 40%  232K 10m42s
 66700K .......... .......... .......... .......... .......... 40%  124K 10m42s
 66750K .......... .......... .......... .......... .......... 40%  112K 10m41s
 66800K .......... .......... .......... .......... .......... 40%  486K 10m41s
 66850K .......... .......... .......... .......... .......... 40%  175K 10m40s
 66900K .......... .......... .......... .......... .......... 40%  314K 10m40s
 66950K .......... .......... .......... .......... .......... 40%  118K 10m40s
 67000K .......... .......... .......... .......... .......... 40%  163K 10m39s
 67050K .......... .......... .......... .......... .......... 40% 77.6K 10m39s
 67100K .......... .......... .......... .......... .......... 40%  194K 10m39s
 67150K .......... .......... .......... .......... .......... 40%  149K 10m39s
 67200K .......... .......... .......... .......... .......... 40%  136K 10m39s
 67250K .......... .......... .......... .......... .......... 40%  101K 10m38s
 67300K .......... .......... .......... .......... .......... 40% 98.5K 10m38s
 67350K .......... .......... .......... .......... .......... 40%  137K 10m38s
 67400K .......... .......... .......... .......... .......... 40%  326K 10m38s
 67450K .......... .......... .......... .......... .......... 40%  123K 10m37s
 67500K .......... .......... .......... .......... .......... 40%  183K 10m37s
 67550K .......... .......... .......... .......... .......... 40%  317K 10m36s
 67600K .......... .......... .......... .......... .......... 40%  268K 10m36s
 67650K .......... .......... .......... .......... .......... 40%  126K 10m36s
 67700K .......... .......... .......... .......... .......... 40%  175K 10m35s
 67750K .......... .......... .......... .......... .......... 40%  240K 10m35s
 67800K .......... .......... .......... .......... .......... 40% 60.3K 10m35s
 67850K .......... .......... .......... .......... .......... 40%  594K 10m35s
 67900K .......... .......... .......... .......... .......... 40%  223K 10m34s
 67950K .......... .......... .......... .......... .......... 40%  289K 10m34s
 68000K .......... .......... .......... .......... .......... 40%  686K 10m33s
 68050K .......... .......... .......... .......... .......... 40%  156K 10m33s
 68100K .......... .......... .......... .......... .......... 40%  314K 10m32s
 68150K .......... .......... .......... .......... .......... 41%  298K 10m31s
 68200K .......... .......... .......... .......... .......... 41% 50.7K 10m32s
 68250K .......... .......... .......... .......... .......... 41% 94.2K 10m32s
 68300K .......... .......... .......... .......... .......... 41%  206K 10m32s
 68350K .......... .......... .......... .......... .......... 41%  111K 10m31s
 68400K .......... .......... .......... .......... .......... 41%  250K 10m31s
 68450K .......... .......... .......... .......... .......... 41%  101K 10m31s
 68500K .......... .......... .......... .......... .......... 41% 98.6K 10m31s
 68550K .......... .......... .......... .......... .......... 41%  152K 10m31s
 68600K .......... .......... .......... .......... .......... 41% 67.9K 10m31s
 68650K .......... .......... .......... .......... .......... 41%  216K 10m30s
 68700K .......... .......... .......... .......... .......... 41%  156K 10m30s
 68750K .......... .......... .......... .......... .......... 41%  136K 10m30s
 68800K .......... .......... .......... .......... .......... 41%  740K 10m29s
 68850K .......... .......... .......... .......... .......... 41%  153K 10m29s
 68900K .......... .......... .......... .......... .......... 41%  343K 10m28s
 68950K .......... .......... .......... .......... .......... 41%  179K 10m28s
 69000K .......... .......... .......... .......... .......... 41% 96.4K 10m28s
 69050K .......... .......... .......... .......... .......... 41%  463K 10m27s
 69100K .......... .......... .......... .......... .......... 41%  108K 10m27s
 69150K .......... .......... .......... .......... .......... 41%  345K 10m26s
 69200K .......... .......... .......... .......... .......... 41%  158K 10m26s
 69250K .......... .......... .......... .......... .......... 41%  132K 10m26s
 69300K .......... .......... .......... .......... .......... 41%  194K 10m25s
 69350K .......... .......... .......... .......... .......... 41%  124K 10m25s
 69400K .......... .......... .......... .......... .......... 41%  208K 10m25s
 69450K .......... .......... .......... .......... .......... 41%  115K 10m25s
 69500K .......... .......... .......... .......... .......... 41%  161K 10m24s
 69550K .......... .......... .......... .......... .......... 41%  234K 10m24s
 69600K .......... .......... .......... .......... .......... 41%  191K 10m23s
 69650K .......... .......... .......... .......... .......... 41% 43.7K 10m24s
 69700K .......... .......... .......... .......... .......... 41%  520K 10m24s
 69750K .......... .......... .......... .......... .......... 41%  143K 10m23s
 69800K .......... .......... .......... .......... .......... 42% 88.6K 10m23s
 69850K .......... .......... .......... .......... .......... 42%  537K 10m23s
 69900K .......... .......... .......... .......... .......... 42%  623K 10m22s
 69950K .......... .......... .......... .......... .......... 42%  335K 10m21s
 70000K .......... .......... .......... .......... .......... 42%  159K 10m21s
 70050K .......... .......... .......... .......... .......... 42%  113K 10m21s
 70100K .......... .......... .......... .......... .......... 42% 33.5K 10m22s
 70150K .......... .......... .......... .......... .......... 42%  108K 10m22s
 70200K .......... .......... .......... .......... .......... 42% 67.9K 10m22s
 70250K .......... .......... .......... .......... .......... 42%  126K 10m22s
 70300K .......... .......... .......... .......... .......... 42%  150K 10m22s
 70350K .......... .......... .......... .......... .......... 42% 98.0K 10m22s
 70400K .......... .......... .......... .......... .......... 42%  410K 10m21s
 70450K .......... .......... .......... .......... .......... 42%  115K 10m21s
 70500K .......... .......... .......... .......... .......... 42%  371K 10m20s
 70550K .......... .......... .......... .......... .......... 42%  312K 10m20s
 70600K .......... .......... .......... .......... .......... 42%  173K 10m19s
 70650K .......... .......... .......... .......... .......... 42%  425K 10m19s
 70700K .......... .......... .......... .......... .......... 42% 53.9K 10m19s
 70750K .......... .......... .......... .......... .......... 42%  128K 10m19s
 70800K .......... .......... .......... .......... .......... 42%  154K 10m19s
 70850K .......... .......... .......... .......... .......... 42%  106K 10m19s
 70900K .......... .......... .......... .......... .......... 42% 67.9K 10m19s
 70950K .......... .......... .......... .......... .......... 42% 68.1K 10m19s
 71000K .......... .......... .......... .......... .......... 42%  678K 10m18s
 71050K .......... .......... .......... .......... .......... 42%  339K 10m18s
 71100K .......... .......... .......... .......... .......... 42% 41.2K 10m19s
 71150K .......... .......... .......... .......... .......... 42%  141K 10m18s
 71200K .......... .......... .......... .......... .......... 42% 94.1K 10m18s
 71250K .......... .......... .......... .......... .......... 42%  304K 10m18s
 71300K .......... .......... .......... .......... .......... 42%  767K 10m17s
 71350K .......... .......... .......... .......... .......... 42% 74.1K 10m17s
 71400K .......... .......... .......... .......... .......... 42%  156K 10m17s
 71450K .......... .......... .......... .......... .......... 43%  114K 10m17s
 71500K .......... .......... .......... .......... .......... 43%  102K 10m17s
 71550K .......... .......... .......... .......... .......... 43%  154K 10m16s
 71600K .......... .......... .......... .......... .......... 43% 45.7K 10m17s
 71650K .......... .......... .......... .......... .......... 43% 50.2K 10m18s
 71700K .......... .......... .......... .......... .......... 43%  240K 10m17s
 71750K .......... .......... .......... .......... .......... 43% 69.1K 10m17s
 71800K .......... .......... .......... .......... .......... 43%  469K 10m17s
 71850K .......... .......... .......... .......... .......... 43%  223K 10m16s
 71900K .......... .......... .......... .......... .......... 43% 27.7K 10m18s
 71950K .......... .......... .......... .......... .......... 43%  357K 10m17s
 72000K .......... .......... .......... .......... .......... 43% 53.7K 10m18s
 72050K .......... .......... .......... .......... .......... 43%  120K 10m18s
 72100K .......... .......... .......... .......... .......... 43%  165K 10m17s
 72150K .......... .......... .......... .......... .......... 43%  584K 10m17s
 72200K .......... .......... .......... .......... .......... 43% 54.1K 10m17s
 72250K .......... .......... .......... .......... .......... 43%  433K 10m16s
 72300K .......... .......... .......... .......... .......... 43%  112K 10m16s
 72350K .......... .......... .......... .......... .......... 43%  154K 10m16s
 72400K .......... .......... .......... .......... .......... 43% 60.7K 10m16s
 72450K .......... .......... .......... .......... .......... 43%  541K 10m16s
 72500K .......... .......... .......... .......... .......... 43%  442K 10m15s
 72550K .......... .......... .......... .......... .......... 43%  106K 10m15s
 72600K .......... .......... .......... .......... .......... 43% 92.5K 10m15s
 72650K .......... .......... .......... .......... .......... 43%  170K 10m14s
 72700K .......... .......... .......... .......... .......... 43% 48.8K 10m15s
 72750K .......... .......... .......... .......... .......... 43%  452K 10m14s
 72800K .......... .......... .......... .......... .......... 43% 59.1K 10m15s
 72850K .......... .......... .......... .......... .......... 43% 89.3K 10m15s
 72900K .......... .......... .......... .......... .......... 43%  330K 10m14s
 72950K .......... .......... .......... .......... .......... 43%  550K 10m13s
 73000K .......... .......... .......... .......... .......... 43%  102K 10m13s
 73050K .......... .......... .......... .......... .......... 43%  442K 10m13s
 73100K .......... .......... .......... .......... .......... 43%  256K 10m12s
 73150K .......... .......... .......... .......... .......... 44%  120K 10m12s
 73200K .......... .......... .......... .......... .......... 44%  391K 10m11s
 73250K .......... .......... .......... .......... .......... 44% 37.6K 10m12s
 73300K .......... .......... .......... .......... .......... 44% 76.6K 10m12s
 73350K .......... .......... .......... .......... .......... 44% 37.1K 10m13s
 73400K .......... .......... .......... .......... .......... 44%  123K 10m13s
 73450K .......... .......... .......... .......... .......... 44%  178K 10m13s
 73500K .......... .......... .......... .......... .......... 44%  229K 10m12s
 73550K .......... .......... .......... .......... .......... 44%  153K 10m12s
 73600K .......... .......... .......... .......... .......... 44%  312K 10m11s
 73650K .......... .......... .......... .......... .......... 44% 66.0K 10m12s
 73700K .......... .......... .......... .......... .......... 44%  116K 10m11s
 73750K .......... .......... .......... .......... .......... 44%  366K 10m11s
 73800K .......... .......... .......... .......... .......... 44%  612K 10m10s
 73850K .......... .......... .......... .......... .......... 44% 69.5K 10m10s
 73900K .......... .......... .......... .......... .......... 44%  165K 10m10s
 73950K .......... .......... .......... .......... .......... 44%  181K 10m10s
 74000K .......... .......... .......... .......... .......... 44%  483K 10m9s
 74050K .......... .......... .......... .......... .......... 44%  585K 10m8s
 74100K .......... .......... .......... .......... .......... 44% 34.9K 10m9s
 74150K .......... .......... .......... .......... .......... 44%  142K 10m9s
 74200K .......... .......... .......... .......... .......... 44% 83.2K 10m9s
 74250K .......... .......... .......... .......... .......... 44%  766K 10m8s
 74300K .......... .......... .......... .......... .......... 44% 45.3K 10m9s
 74350K .......... .......... .......... .......... .......... 44% 94.1K 10m9s
 74400K .......... .......... .......... .......... .......... 44% 46.3K 10m10s
 74450K .......... .......... .......... .......... .......... 44%  114K 10m9s
 74500K .......... .......... .......... .......... .......... 44%  116K 10m9s
 74550K .......... .......... .......... .......... .......... 44%  125K 10m9s
 74600K .......... .......... .......... .......... .......... 44%  114K 10m9s
 74650K .......... .......... .......... .......... .......... 44%  193K 10m8s
 74700K .......... .......... .......... .......... .......... 44%  281K 10m8s
 74750K .......... .......... .......... .......... .......... 44% 70.5K 10m8s
 74800K .......... .......... .......... .......... .......... 45% 42.8K 10m9s
 74850K .......... .......... .......... .......... .......... 45%  374K 10m8s
 74900K .......... .......... .......... .......... .......... 45%  669K 10m7s
 74950K .......... .......... .......... .......... .......... 45% 93.4K 10m7s
 75000K .......... .......... .......... .......... .......... 45% 74.6K 10m7s
 75050K .......... .......... .......... .......... .......... 45%  671K 10m7s
 75100K .......... .......... .......... .......... .......... 45%  287K 10m6s
 75150K .......... .......... .......... .......... .......... 45% 94.8K 10m6s
 75200K .......... .......... .......... .......... .......... 45%  337K 10m6s
 75250K .......... .......... .......... .......... .......... 45% 71.5K 10m6s
 75300K .......... .......... .......... .......... .......... 45%  211K 10m5s
 75350K .......... .......... .......... .......... .......... 45% 42.7K 10m6s
 75400K .......... .......... .......... .......... .......... 45% 53.9K 10m6s
 75450K .......... .......... .......... .......... .......... 45% 82.6K 10m6s
 75500K .......... .......... .......... .......... .......... 45% 94.7K 10m6s
 75550K .......... .......... .......... .......... .......... 45%  339K 10m6s
 75600K .......... .......... .......... .......... .......... 45%  320K 10m5s
 75650K .......... .......... .......... .......... .......... 45%  386K 10m4s
 75700K .......... .......... .......... .......... .......... 45% 34.2K 10m5s
 75750K .......... .......... .......... .......... .......... 45% 54.4K 10m6s
 75800K .......... .......... .......... .......... .......... 45%  187K 10m5s
 75850K .......... .......... .......... .......... .......... 45%  257K 10m5s
 75900K .......... .......... .......... .......... .......... 45%  154K 10m5s
 75950K .......... .......... .......... .......... .......... 45% 77.1K 10m5s
 76000K .......... .......... .......... .......... .......... 45%  287K 10m4s
 76050K .......... .......... .......... .......... .......... 45%  102K 10m4s
 76100K .......... .......... .......... .......... .......... 45%  258K 10m3s
 76150K .......... .......... .......... .......... .......... 45% 50.1K 10m4s
 76200K .......... .......... .......... .......... .......... 45%  127K 10m4s
 76250K .......... .......... .......... .......... .......... 45%  835K 10m3s
 76300K .......... .......... .......... .......... .......... 45% 80.6K 10m3s
 76350K .......... .......... .......... .......... .......... 45% 95.5K 10m3s
 76400K .......... .......... .......... .......... .......... 45% 58.1K 10m3s
 76450K .......... .......... .......... .......... .......... 46% 59.8K 10m3s
 76500K .......... .......... .......... .......... .......... 46%  257K 10m3s
 76550K .......... .......... .......... .......... .......... 46%  222K 10m2s
 76600K .......... .......... .......... .......... .......... 46%  191K 10m2s
 76650K .......... .......... .......... .......... .......... 46% 91.2K 10m2s
 76700K .......... .......... .......... .......... .......... 46%  110K 10m2s
 76750K .......... .......... .......... .......... .......... 46% 90.8K 10m2s
 76800K .......... .......... .......... .......... .......... 46%  117K 10m1s
 76850K .......... .......... .......... .......... .......... 46% 29.3K 10m3s
 76900K .......... .......... .......... .......... .......... 46%  306K 10m2s
 76950K .......... .......... .......... .......... .......... 46%  130K 10m2s
 77000K .......... .......... .......... .......... .......... 46%  342K 10m1s
 77050K .......... .......... .......... .......... .......... 46%  372K 10m1s
 77100K .......... .......... .......... .......... .......... 46%  309K 10m0s
 77150K .......... .......... .......... .......... .......... 46% 89.9K 10m0s
 77200K .......... .......... .......... .......... .......... 46%  211K 10m0s
 77250K .......... .......... .......... .......... .......... 46%  104K 9m59s
 77300K .......... .......... .......... .......... .......... 46%  121K 9m59s
 77350K .......... .......... .......... .......... .......... 46%  130K 9m59s
 77400K .......... .......... .......... .......... .......... 46%  294K 9m58s
 77450K .......... .......... .......... .......... .......... 46% 90.4K 9m58s
 77500K .......... .......... .......... .......... .......... 46%  503K 9m58s
 77550K .......... .......... .......... .......... .......... 46%  342K 9m57s
 77600K .......... .......... .......... .......... .......... 46% 72.5K 9m57s
 77650K .......... .......... .......... .......... .......... 46% 78.9K 9m57s
 77700K .......... .......... .......... .......... .......... 46%  526K 9m57s
 77750K .......... .......... .......... .......... .......... 46%  311K 9m56s
 77800K .......... .......... .......... .......... .......... 46%  460K 9m55s
 77850K .......... .......... .......... .......... .......... 46%  221K 9m55s
 77900K .......... .......... .......... .......... .......... 46%  104K 9m55s
 77950K .......... .......... .......... .......... .......... 46% 67.2K 9m55s
 78000K .......... .......... .......... .......... .......... 46%  159K 9m55s
 78050K .......... .......... .......... .......... .......... 46%  261K 9m54s
 78100K .......... .......... .......... .......... .......... 47%  114K 9m54s
 78150K .......... .......... .......... .......... .......... 47%  106K 9m54s
 78200K .......... .......... .......... .......... .......... 47%  107K 9m53s
 78250K .......... .......... .......... .......... .......... 47%  217K 9m53s
 78300K .......... .......... .......... .......... .......... 47%  400K 9m52s
 78350K .......... .......... .......... .......... .......... 47%  164K 9m52s
 78400K .......... .......... .......... .......... .......... 47% 52.8K 9m52s
 78450K .......... .......... .......... .......... .......... 47%  193K 9m52s
 78500K .......... .......... .......... .......... .......... 47%  108K 9m52s
 78550K .......... .......... .......... .......... .......... 47%  154K 9m51s
 78600K .......... .......... .......... .......... .......... 47% 91.7K 9m51s
 78650K .......... .......... .......... .......... .......... 47%  168K 9m51s
 78700K .......... .......... .......... .......... .......... 47%  107K 9m51s
 78750K .......... .......... .......... .......... .......... 47%  151K 9m50s
 78800K .......... .......... .......... .......... .......... 47%  329K 9m50s
 78850K .......... .......... .......... .......... .......... 47%  219K 9m49s
 78900K .......... .......... .......... .......... .......... 47%  265K 9m49s
 78950K .......... .......... .......... .......... .......... 47%  104K 9m49s
 79000K .......... .......... .......... .......... .......... 47%  115K 9m49s
 79050K .......... .......... .......... .......... .......... 47% 49.4K 9m49s
 79100K .......... .......... .......... .......... .......... 47%  176K 9m49s
 79150K .......... .......... .......... .......... .......... 47%  358K 9m48s
 79200K .......... .......... .......... .......... .......... 47% 66.2K 9m48s
 79250K .......... .......... .......... .......... .......... 47% 59.5K 9m48s
 79300K .......... .......... .......... .......... .......... 47%  228K 9m48s
 79350K .......... .......... .......... .......... .......... 47% 93.5K 9m48s
 79400K .......... .......... .......... .......... .......... 47%  194K 9m47s
 79450K .......... .......... .......... .......... .......... 47% 83.2K 9m47s
 79500K .......... .......... .......... .......... .......... 47%  115K 9m47s
 79550K .......... .......... .......... .......... .......... 47%  312K 9m46s
 79600K .......... .......... .......... .......... .......... 47%  112K 9m46s
 79650K .......... .......... .......... .......... .......... 47%  145K 9m46s
 79700K .......... .......... .......... .......... .......... 47%  144K 9m46s
 79750K .......... .......... .......... .......... .......... 47%  106K 9m45s
 79800K .......... .......... .......... .......... .......... 48%  192K 9m45s
 79850K .......... .......... .......... .......... .......... 48% 75.9K 9m45s
 79900K .......... .......... .......... .......... .......... 48%  211K 9m45s
 79950K .......... .......... .......... .......... .......... 48%  349K 9m44s
 80000K .......... .......... .......... .......... .......... 48% 62.5K 9m44s
 80050K .......... .......... .......... .......... .......... 48%  146K 9m44s
 80100K .......... .......... .......... .......... .......... 48%  104K 9m44s
 80150K .......... .......... .......... .......... .......... 48%  154K 9m43s
 80200K .......... .......... .......... .......... .......... 48% 98.0K 9m43s
 80250K .......... .......... .......... .......... .......... 48%  347K 9m43s
 80300K .......... .......... .......... .......... .......... 48%  343K 9m42s
 80350K .......... .......... .......... .......... .......... 48% 90.3K 9m42s
 80400K .......... .......... .......... .......... .......... 48%  123K 9m42s
 80450K .......... .......... .......... .......... .......... 48% 41.2K 9m42s
 80500K .......... .......... .......... .......... .......... 48%  205K 9m42s
 80550K .......... .......... .......... .......... .......... 48% 79.6K 9m42s
 80600K .......... .......... .......... .......... .......... 48%  193K 9m41s
 80650K .......... .......... .......... .......... .......... 48%  154K 9m41s
 80700K .......... .......... .......... .......... .......... 48% 50.5K 9m41s
 80750K .......... .......... .......... .......... .......... 48%  163K 9m41s
 80800K .......... .......... .......... .......... .......... 48%  170K 9m41s
 80850K .......... .......... .......... .......... .......... 48%  185K 9m40s
 80900K .......... .......... .......... .......... .......... 48%  110K 9m40s
 80950K .......... .......... .......... .......... .......... 48%  401K 9m39s
 81000K .......... .......... .......... .......... .......... 48%  111K 9m39s
 81050K .......... .......... .......... .......... .......... 48%  491K 9m39s
 81100K .......... .......... .......... .......... .......... 48% 97.1K 9m38s
 81150K .......... .......... .......... .......... .......... 48%  303K 9m38s
 81200K .......... .......... .......... .......... .......... 48%  132K 9m38s
 81250K .......... .......... .......... .......... .......... 48%  180K 9m37s
 81300K .......... .......... .......... .......... .......... 48%  151K 9m37s
 81350K .......... .......... .......... .......... .......... 48%  109K 9m37s
 81400K .......... .......... .......... .......... .......... 48%  483K 9m36s
 81450K .......... .......... .......... .......... .......... 49%  207K 9m36s
 81500K .......... .......... .......... .......... .......... 49%  110K 9m35s
 81550K .......... .......... .......... .......... .......... 49%  136K 9m35s
 81600K .......... .......... .......... .......... .......... 49%  106K 9m35s
 81650K .......... .......... .......... .......... .......... 49%  173K 9m34s
 81700K .......... .......... .......... .......... .......... 49% 98.3K 9m34s
 81750K .......... .......... .......... .......... .......... 49%  103K 9m34s
 81800K .......... .......... .......... .......... .......... 49% 72.4K 9m34s
 81850K .......... .......... .......... .......... .......... 49%  436K 9m34s
 81900K .......... .......... .......... .......... .......... 49%  335K 9m33s
 81950K .......... .......... .......... .......... .......... 49%  267K 9m33s
 82000K .......... .......... .......... .......... .......... 49%  704K 9m32s
 82050K .......... .......... .......... .......... .......... 49%  496K 9m31s
 82100K .......... .......... .......... .......... .......... 49%  370K 9m31s
 82150K .......... .......... .......... .......... .......... 49%  152K 9m30s
 82200K .......... .......... .......... .......... .......... 49%  311K 9m30s
 82250K .......... .......... .......... .......... .......... 49%  458K 9m29s
 82300K .......... .......... .......... .......... .......... 49%  593K 9m29s
 82350K .......... .......... .......... .......... .......... 49% 89.0K 9m29s
 82400K .......... .......... .......... .......... .......... 49%  429K 9m28s
 82450K .......... .......... .......... .......... .......... 49%  264K 9m28s
 82500K .......... .......... .......... .......... .......... 49%  535K 9m27s
 82550K .......... .......... .......... .......... .......... 49%  101K 9m27s
 82600K .......... .......... .......... .......... .......... 49%  286K 9m26s
 82650K .......... .......... .......... .......... .......... 49%  381K 9m26s
 82700K .......... .......... .......... .......... .......... 49%  177K 9m25s
 82750K .......... .......... .......... .......... .......... 49%  338K 9m25s
 82800K .......... .......... .......... .......... .......... 49%  317K 9m24s
 82850K .......... .......... .......... .......... .......... 49%  344K 9m24s
 82900K .......... .......... .......... .......... .......... 49%  187K 9m23s
 82950K .......... .......... .......... .......... .......... 49%  189K 9m23s
 83000K .......... .......... .......... .......... .......... 49%  233K 9m22s
 83050K .......... .......... .......... .......... .......... 49%  422K 9m22s
 83100K .......... .......... .......... .......... .......... 50%  218K 9m21s
 83150K .......... .......... .......... .......... .......... 50%  158K 9m21s
 83200K .......... .......... .......... .......... .......... 50%  430K 9m21s
 83250K .......... .......... .......... .......... .......... 50%  516K 9m20s
 83300K .......... .......... .......... .......... .......... 50%  271K 9m19s
 83350K .......... .......... .......... .......... .......... 50%  346K 9m19s
 83400K .......... .......... .......... .......... .......... 50%  166K 9m19s
 83450K .......... .......... .......... .......... .......... 50%  299K 9m18s
 83500K .......... .......... .......... .......... .......... 50%  146K 9m18s
 83550K .......... .......... .......... .......... .......... 50%  504K 9m17s
 83600K .......... .......... .......... .......... .......... 50%  205K 9m17s
 83650K .......... .......... .......... .......... .......... 50%  194K 9m16s
 83700K .......... .......... .......... .......... .......... 50%  257K 9m16s
 83750K .......... .......... .......... .......... .......... 50%  255K 9m15s
 83800K .......... .......... .......... .......... .......... 50%  359K 9m15s
 83850K .......... .......... .......... .......... .......... 50%  315K 9m14s
 83900K .......... .......... .......... .......... .......... 50%  395K 9m14s
 83950K .......... .......... .......... .......... .......... 50%  197K 9m13s
 84000K .......... .......... .......... .......... .......... 50%  420K 9m13s
 84050K .......... .......... .......... .......... .......... 50%  455K 9m12s
 84100K .......... .......... .......... .......... .......... 50%  364K 9m12s
 84150K .......... .......... .......... .......... .......... 50%  676K 9m11s
 84200K .......... .......... .......... .......... .......... 50%  441K 9m11s
 84250K .......... .......... .......... .......... .......... 50%  138K 9m10s
 84300K .......... .......... .......... .......... .......... 50%  510K 9m10s
 84350K .......... .......... .......... .......... .......... 50%  554K 9m9s
 84400K .......... .......... .......... .......... .......... 50%  165K 9m9s
 84450K .......... .......... .......... .......... .......... 50% 65.4K 9m9s
 84500K .......... .......... .......... .......... .......... 50% 83.9K 9m9s
 84550K .......... .......... .......... .......... .......... 50%  131K 9m8s
 84600K .......... .......... .......... .......... .......... 50% 53.8K 9m9s
 84650K .......... .......... .......... .......... .......... 50% 49.1K 9m9s
 84700K .......... .......... .......... .......... .......... 50% 84.1K 9m9s
 84750K .......... .......... .......... .......... .......... 51% 94.1K 9m9s
 84800K .......... .......... .......... .......... .......... 51%  116K 9m9s
 84850K .......... .......... .......... .......... .......... 51% 83.9K 9m8s
 84900K .......... .......... .......... .......... .......... 51%  116K 9m8s
 84950K .......... .......... .......... .......... .......... 51%  155K 9m8s
 85000K .......... .......... .......... .......... .......... 51%  127K 9m8s
 85050K .......... .......... .......... .......... .......... 51% 52.9K 9m8s
 85100K .......... .......... .......... .......... .......... 51% 78.9K 9m8s
 85150K .......... .......... .......... .......... .......... 51%  116K 9m8s
 85200K .......... .......... .......... .......... .......... 51% 82.9K 9m7s
 85250K .......... .......... .......... .......... .......... 51% 63.4K 9m8s
 85300K .......... .......... .......... .......... .......... 51%  134K 9m7s
 85350K .......... .......... .......... .......... .......... 51%  106K 9m7s
 85400K .......... .......... .......... .......... .......... 51% 93.3K 9m7s
 85450K .......... .......... .......... .......... .......... 51% 58.2K 9m7s
 85500K .......... .......... .......... .......... .......... 51% 72.5K 9m7s
 85550K .......... .......... .......... .......... .......... 51%  186K 9m7s
 85600K .......... .......... .......... .......... .......... 51% 66.5K 9m7s
 85650K .......... .......... .......... .......... .......... 51%  115K 9m6s
 85700K .......... .......... .......... .......... .......... 51%  112K 9m6s
 85750K .......... .......... .......... .......... .......... 51%  108K 9m6s
 85800K .......... .......... .......... .......... .......... 51% 50.0K 9m6s
 85850K .......... .......... .......... .......... .......... 51% 55.9K 9m6s
 85900K .......... .......... .......... .......... .......... 51% 40.9K 9m7s
 85950K .......... .......... .......... .......... .......... 51% 77.2K 9m7s
 86000K .......... .......... .......... .......... .......... 51% 41.9K 9m7s
 86050K .......... .......... .......... .......... .......... 51%  287K 9m7s
 86100K .......... .......... .......... .......... .......... 51%  244K 9m6s
 86150K .......... .......... .......... .......... .......... 51%  251K 9m6s
 86200K .......... .......... .......... .......... .......... 51%  221K 9m5s
 86250K .......... .......... .......... .......... .......... 51%  320K 9m5s
 86300K .......... .......... .......... .......... .......... 51%  361K 9m4s
 86350K .......... .......... .......... .......... .......... 51%  488K 9m4s
 86400K .......... .......... .......... .......... .......... 51%  313K 9m3s
 86450K .......... .......... .......... .......... .......... 52%  160K 9m3s
 86500K .......... .......... .......... .......... .......... 52%  102K 9m3s
 86550K .......... .......... .......... .......... .......... 52% 41.1K 9m3s
 86600K .......... .......... .......... .......... .......... 52%  179K 9m3s
 86650K .......... .......... .......... .......... .......... 52%  511K 9m2s
 86700K .......... .......... .......... .......... .......... 52% 72.3K 9m2s
 86750K .......... .......... .......... .......... .......... 52%  349K 9m2s
 86800K .......... .......... .......... .......... .......... 52%  364K 9m1s
 86850K .......... .......... .......... .......... .......... 52%  372K 9m1s
 86900K .......... .......... .......... .......... .......... 52%  217K 9m0s
 86950K .......... .......... .......... .......... .......... 52%  107K 9m0s
 87000K .......... .......... .......... .......... .......... 52% 93.8K 9m0s
 87050K .......... .......... .......... .......... .......... 52% 63.9K 9m0s
 87100K .......... .......... .......... .......... .......... 52%  167K 8m59s
 87150K .......... .......... .......... .......... .......... 52%  440K 8m59s
 87200K .......... .......... .......... .......... .......... 52% 85.1K 8m59s
 87250K .......... .......... .......... .......... .......... 52%  156K 8m58s
 87300K .......... .......... .......... .......... .......... 52%  316K 8m58s
 87350K .......... .......... .......... .......... .......... 52%  273K 8m57s
 87400K .......... .......... .......... .......... .......... 52% 57.3K 8m58s
 87450K .......... .......... .......... .......... .......... 52%  374K 8m57s
 87500K .......... .......... .......... .......... .......... 52%  471K 8m57s
 87550K .......... .......... .......... .......... .......... 52%  159K 8m56s
 87600K .......... .......... .......... .......... .......... 52%  237K 8m56s
 87650K .......... .......... .......... .......... .......... 52%  116K 8m55s
 87700K .......... .......... .......... .......... .......... 52% 62.6K 8m55s
 87750K .......... .......... .......... .......... .......... 52% 87.1K 8m55s
 87800K .......... .......... .......... .......... .......... 52%  640K 8m55s
 87850K .......... .......... .......... .......... .......... 52%  296K 8m54s
 87900K .......... .......... .......... .......... .......... 52% 69.3K 8m54s
 87950K .......... .......... .......... .......... .......... 52%  177K 8m54s
 88000K .......... .......... .......... .......... .......... 52%  307K 8m53s
 88050K .......... .......... .......... .......... .......... 52%  533K 8m53s
 88100K .......... .......... .......... .......... .......... 53%  125K 8m53s
 88150K .......... .......... .......... .......... .......... 53%  144K 8m52s
 88200K .......... .......... .......... .......... .......... 53%  291K 8m52s
 88250K .......... .......... .......... .......... .......... 53%  457K 8m51s
 88300K .......... .......... .......... .......... .......... 53%  230K 8m51s
 88350K .......... .......... .......... .......... .......... 53%  153K 8m50s
 88400K .......... .......... .......... .......... .......... 53%  164K 8m50s
 88450K .......... .......... .......... .......... .......... 53%  130K 8m50s
 88500K .......... .......... .......... .......... .......... 53%  206K 8m49s
 88550K .......... .......... .......... .......... .......... 53%  323K 8m49s
 88600K .......... .......... .......... .......... .......... 53% 93.2K 8m49s
 88650K .......... .......... .......... .......... .......... 53%  253K 8m48s
 88700K .......... .......... .......... .......... .......... 53%  138K 8m48s
 88750K .......... .......... .......... .......... .......... 53%  416K 8m47s
 88800K .......... .......... .......... .......... .......... 53%  115K 8m47s
 88850K .......... .......... .......... .......... .......... 53% 79.1K 8m47s
 88900K .......... .......... .......... .......... .......... 53%  238K 8m46s
 88950K .......... .......... .......... .......... .......... 53% 56.9K 8m47s
 89000K .......... .......... .......... .......... .......... 53%  261K 8m46s
 89050K .......... .......... .......... .......... .......... 53%  324K 8m46s
 89100K .......... .......... .......... .......... .......... 53% 65.5K 8m46s
 89150K .......... .......... .......... .......... .......... 53%  283K 8m45s
 89200K .......... .......... .......... .......... .......... 53%  113K 8m45s
 89250K .......... .......... .......... .......... .......... 53%  508K 8m44s
 89300K .......... .......... .......... .......... .......... 53%  122K 8m44s
 89350K .......... .......... .......... .......... .......... 53%  105K 8m44s
 89400K .......... .......... .......... .......... .......... 53%  120K 8m44s
 89450K .......... .......... .......... .......... .......... 53%  128K 8m43s
 89500K .......... .......... .......... .......... .......... 53%  455K 8m43s
 89550K .......... .......... .......... .......... .......... 53%  203K 8m42s
 89600K .......... .......... .......... .......... .......... 53%  294K 8m42s
 89650K .......... .......... .......... .......... .......... 53%  184K 8m41s
 89700K .......... .......... .......... .......... .......... 53%  249K 8m41s
 89750K .......... .......... .......... .......... .......... 54% 42.2K 8m41s
 89800K .......... .......... .......... .......... .......... 54%  324K 8m41s
 89850K .......... .......... .......... .......... .......... 54%  150K 8m41s
 89900K .......... .......... .......... .......... .......... 54% 87.0K 8m40s
 89950K .......... .......... .......... .......... .......... 54%  291K 8m40s
 90000K .......... .......... .......... .......... .......... 54% 82.3K 8m40s
 90050K .......... .......... .......... .......... .......... 54%  379K 8m39s
 90100K .......... .......... .......... .......... .......... 54% 72.0K 8m39s
 90150K .......... .......... .......... .......... .......... 54%  239K 8m39s
 90200K .......... .......... .......... .......... .......... 54% 27.2K 8m40s
 90250K .......... .......... .......... .......... .......... 54%  113K 8m39s
 90300K .......... .......... .......... .......... .......... 54%  278K 8m39s
 90350K .......... .......... .......... .......... .......... 54%  140K 8m39s
 90400K .......... .......... .......... .......... .......... 54%  236K 8m38s
 90450K .......... .......... .......... .......... .......... 54% 37.1K 8m39s
 90500K .......... .......... .......... .......... .......... 54% 69.0K 8m39s
 90550K .......... .......... .......... .......... .......... 54% 29.0K 8m39s
 90600K .......... .......... .......... .......... .......... 54%  262K 8m39s
 90650K .......... .......... .......... .......... .......... 54%  492K 8m38s
 90700K .......... .......... .......... .......... .......... 54% 52.2K 8m39s
 90750K .......... .......... .......... .......... .......... 54%  201K 8m38s
 90800K .......... .......... .......... .......... .......... 54% 47.2K 8m38s
 90850K .......... .......... .......... .......... .......... 54%  196K 8m38s
 90900K .......... .......... .......... .......... .......... 54% 45.8K 8m38s
 90950K .......... .......... .......... .......... .......... 54% 83.6K 8m38s
 91000K .......... .......... .......... .......... .......... 54%  169K 8m38s
 91050K .......... .......... .......... .......... .......... 54% 57.1K 8m38s
 91100K .......... .......... .......... .......... .......... 54% 87.2K 8m38s
 91150K .......... .......... .......... .......... .......... 54%  105K 8m37s
 91200K .......... .......... .......... .......... .......... 54% 48.0K 8m38s
 91250K .......... .......... .......... .......... .......... 54%  105K 8m37s
 91300K .......... .......... .......... .......... .......... 54% 86.0K 8m37s
 91350K .......... .......... .......... .......... .......... 54%  223K 8m37s
 91400K .......... .......... .......... .......... .......... 55%  301K 8m36s
 91450K .......... .......... .......... .......... .......... 55% 53.1K 8m37s
 91500K .......... .......... .......... .......... .......... 55% 40.7K 8m37s
 91550K .......... .......... .......... .......... .......... 55% 50.7K 8m37s
 91600K .......... .......... .......... .......... .......... 55% 64.5K 8m37s
 91650K .......... .......... .......... .......... .......... 55% 55.4K 8m37s
 91700K .......... .......... .......... .......... .......... 55% 69.8K 8m37s
 91750K .......... .......... .......... .......... .......... 55% 49.5K 8m37s
 91800K .......... .......... .......... .......... .......... 55% 80.5K 8m37s
 91850K .......... .......... .......... .......... .......... 55%  132K 8m37s
 91900K .......... .......... .......... .......... .......... 55% 52.3K 8m37s
 91950K .......... .......... .......... .......... .......... 55% 43.7K 8m37s
 92000K .......... .......... .......... .......... .......... 55% 84.8K 8m37s
 92050K .......... .......... .......... .......... .......... 55% 78.4K 8m37s
 92100K .......... .......... .......... .......... .......... 55% 50.4K 8m37s
 92150K .......... .......... .......... .......... .......... 55% 52.8K 8m37s
 92200K .......... .......... .......... .......... .......... 55%  276K 8m37s
 92250K .......... .......... .......... .......... .......... 55% 52.8K 8m37s
 92300K .......... .......... .......... .......... .......... 55%  444K 8m36s
 92350K .......... .......... .......... .......... .......... 55%  163K 8m36s
 92400K .......... .......... .......... .......... .......... 55% 84.7K 8m36s
 92450K .......... .......... .......... .......... .......... 55% 74.8K 8m36s
 92500K .......... .......... .......... .......... .......... 55%  137K 8m36s
 92550K .......... .......... .......... .......... .......... 55%  106K 8m35s
 92600K .......... .......... .......... .......... .......... 55%  146K 8m35s
 92650K .......... .......... .......... .......... .......... 55%  183K 8m34s
 92700K .......... .......... .......... .......... .......... 55%  274K 8m34s
 92750K .......... .......... .......... .......... .......... 55%  138K 8m34s
 92800K .......... .......... .......... .......... .......... 55%  111K 8m33s
 92850K .......... .......... .......... .......... .......... 55%  128K 8m33s
 92900K .......... .......... .......... .......... .......... 55% 67.5K 8m33s
 92950K .......... .......... .......... .......... .......... 55%  242K 8m33s
 93000K .......... .......... .......... .......... .......... 55% 90.7K 8m32s
 93050K .......... .......... .......... .......... .......... 55% 43.0K 8m33s
 93100K .......... .......... .......... .......... .......... 56%  207K 8m32s
 93150K .......... .......... .......... .......... .......... 56% 34.3K 8m33s
 93200K .......... .......... .......... .......... .......... 56%  427K 8m32s
 93250K .......... .......... .......... .......... .......... 56% 44.6K 8m32s
 93300K .......... .......... .......... .......... .......... 56%  150K 8m32s
 93350K .......... .......... .......... .......... .......... 56%  106K 8m32s
 93400K .......... .......... .......... .......... .......... 56% 78.9K 8m32s
 93450K .......... .......... .......... .......... .......... 56%  235K 8m31s
 93500K .......... .......... .......... .......... .......... 56%  353K 8m31s
 93550K .......... .......... .......... .......... .......... 56%  310K 8m30s
 93600K .......... .......... .......... .......... .......... 56% 71.0K 8m30s
 93650K .......... .......... .......... .......... .......... 56%  295K 8m30s
 93700K .......... .......... .......... .......... .......... 56%  260K 8m29s
 93750K .......... .......... .......... .......... .......... 56% 68.4K 8m29s
 93800K .......... .......... .......... .......... .......... 56% 35.8K 8m30s
 93850K .......... .......... .......... .......... .......... 56% 43.2K 8m30s
 93900K .......... .......... .......... .......... .......... 56% 34.1K 8m30s
 93950K .......... .......... .......... .......... .......... 56% 85.8K 8m30s
 94000K .......... .......... .......... .......... .......... 56% 46.3K 8m30s
 94050K .......... .......... .......... .......... .......... 56% 53.0K 8m30s
 94100K .......... .......... .......... .......... .......... 56% 35.6K 8m31s
 94150K .......... .......... .......... .......... .......... 56% 55.4K 8m31s
 94200K .......... .......... .......... .......... .......... 56%  564K 8m30s
 94250K .......... .......... .......... .......... .......... 56%  554K 8m30s
 94300K .......... .......... .......... .......... .......... 56%  354K 8m29s
 94350K .......... .......... .......... .......... .......... 56%  204K 8m29s
 94400K .......... .......... .......... .......... .......... 56%  228K 8m28s
 94450K .......... .......... .......... .......... .......... 56%  246K 8m28s
 94500K .......... .......... .......... .......... .......... 56%  554K 8m27s
 94550K .......... .......... .......... .......... .......... 56%  286K 8m27s
 94600K .......... .......... .......... .......... .......... 56%  235K 8m27s
 94650K .......... .......... .......... .......... .......... 56%  212K 8m26s
 94700K .......... .......... .......... .......... .......... 56%  383K 8m26s
 94750K .......... .......... .......... .......... .......... 57%  293K 8m25s
 94800K .......... .......... .......... .......... .......... 57%  431K 8m25s
 94850K .......... .......... .......... .......... .......... 57%  158K 8m24s
 94900K .......... .......... .......... .......... .......... 57%  704K 8m24s
 94950K .......... .......... .......... .......... .......... 57%  433K 8m23s
 95000K .......... .......... .......... .......... .......... 57%  410K 8m23s
 95050K .......... .......... .......... .......... .......... 57%  267K 8m22s
 95100K .......... .......... .......... .......... .......... 57%  496K 8m22s
 95150K .......... .......... .......... .......... .......... 57%  345K 8m21s
 95200K .......... .......... .......... .......... .......... 57%  346K 8m20s
 95250K .......... .......... .......... .......... .......... 57%  496K 8m20s
 95300K .......... .......... .......... .......... .......... 57%  315K 8m19s
 95350K .......... .......... .......... .......... .......... 57%  287K 8m19s
 95400K .......... .......... .......... .......... .......... 57%  381K 8m18s
 95450K .......... .......... .......... .......... .......... 57%  466K 8m18s
 95500K .......... .......... .......... .......... .......... 57%  233K 8m17s
 95550K .......... .......... .......... .......... .......... 57%  444K 8m17s
 95600K .......... .......... .......... .......... .......... 57%  169K 8m17s
 95650K .......... .......... .......... .......... .......... 57%  425K 8m16s
 95700K .......... .......... .......... .......... .......... 57%  219K 8m16s
 95750K .......... .......... .......... .......... .......... 57%  304K 8m15s
 95800K .......... .......... .......... .......... .......... 57%  239K 8m15s
 95850K .......... .......... .......... .......... .......... 57%  391K 8m14s
 95900K .......... .......... .......... .......... .......... 57%  399K 8m14s
 95950K .......... .......... .......... .......... .......... 57%  276K 8m13s
 96000K .......... .......... .......... .......... .......... 57%  226K 8m13s
 96050K .......... .......... .......... .......... .......... 57%  264K 8m12s
 96100K .......... .......... .......... .......... .......... 57%  185K 8m12s
 96150K .......... .......... .......... .......... .......... 57%  433K 8m11s
 96200K .......... .......... .......... .......... .......... 57%  324K 8m11s
 96250K .......... .......... .......... .......... .......... 57%  364K 8m10s
 96300K .......... .......... .......... .......... .......... 57%  503K 8m10s
 96350K .......... .......... .......... .......... .......... 57%  150K 8m9s
 96400K .......... .......... .......... .......... .......... 58%  429K 8m9s
 96450K .......... .......... .......... .......... .......... 58%  316K 8m8s
 96500K .......... .......... .......... .......... .......... 58%  348K 8m8s
 96550K .......... .......... .......... .......... .......... 58%  246K 8m7s
 96600K .......... .......... .......... .......... .......... 58%  360K 8m7s
 96650K .......... .......... .......... .......... .......... 58%  416K 8m6s
 96700K .......... .......... .......... .......... .......... 58%  300K 8m6s
 96750K .......... .......... .......... .......... .......... 58%  142K 8m6s
 96800K .......... .......... .......... .......... .......... 58%  176K 8m5s
 96850K .......... .......... .......... .......... .......... 58%  377K 8m5s
 96900K .......... .......... .......... .......... .......... 58%  406K 8m4s
 96950K .......... .......... .......... .......... .......... 58%  274K 8m4s
 97000K .......... .......... .......... .......... .......... 58%  432K 8m3s
 97050K .......... .......... .......... .......... .......... 58%  357K 8m3s
 97100K .......... .......... .......... .......... .......... 58%  158K 8m2s
 97150K .......... .......... .......... .......... .......... 58%  375K 8m2s
 97200K .......... .......... .......... .......... .......... 58%  262K 8m1s
 97250K .......... .......... .......... .......... .......... 58%  288K 8m1s
 97300K .......... .......... .......... .......... .......... 58%  347K 8m0s
 97350K .......... .......... .......... .......... .......... 58%  223K 8m0s
 97400K .......... .......... .......... .......... .......... 58%  407K 7m59s
 97450K .......... .......... .......... .......... .......... 58%  221K 7m59s
 97500K .......... .......... .......... .......... .......... 58%  362K 7m59s
 97550K .......... .......... .......... .......... .......... 58%  478K 7m58s
 97600K .......... .......... .......... .......... .......... 58%  362K 7m57s
 97650K .......... .......... .......... .......... .......... 58%  333K 7m57s
 97700K .......... .......... .......... .......... .......... 58%  333K 7m57s
 97750K .......... .......... .......... .......... .......... 58%  410K 7m56s
 97800K .......... .......... .......... .......... .......... 58%  287K 7m56s
 97850K .......... .......... .......... .......... .......... 58%  287K 7m55s
 97900K .......... .......... .......... .......... .......... 58%  239K 7m55s
 97950K .......... .......... .......... .......... .......... 58%  511K 7m54s
 98000K .......... .......... .......... .......... .......... 58%  328K 7m54s
 98050K .......... .......... .......... .......... .......... 59%  165K 7m53s
 98100K .......... .......... .......... .......... .......... 59%  316K 7m53s
 98150K .......... .......... .......... .......... .......... 59%  192K 7m52s
 98200K .......... .......... .......... .......... .......... 59%  313K 7m52s
 98250K .......... .......... .......... .......... .......... 59%  417K 7m51s
 98300K .......... .......... .......... .......... .......... 59%  404K 7m51s
 98350K .......... .......... .......... .......... .......... 59%  573K 7m50s
 98400K .......... .......... .......... .......... .......... 59%  534K 7m50s
 98450K .......... .......... .......... .......... .......... 59%  258K 7m49s
 98500K .......... .......... .......... .......... .......... 59%  544K 7m49s
 98550K .......... .......... .......... .......... .......... 59%  418K 7m48s
 98600K .......... .......... .......... .......... .......... 59%  171K 7m48s
 98650K .......... .......... .......... .......... .......... 59%  569K 7m47s
 98700K .......... .......... .......... .......... .......... 59%  248K 7m47s
 98750K .......... .......... .......... .......... .......... 59%  450K 7m47s
 98800K .......... .......... .......... .......... .......... 59%  396K 7m46s
 98850K .......... .......... .......... .......... .......... 59%  184K 7m46s
 98900K .......... .......... .......... .......... .......... 59%  326K 7m45s
 98950K .......... .......... .......... .......... .......... 59%  204K 7m45s
 99000K .......... .......... .......... .......... .......... 59%  104K 7m44s
 99050K .......... .......... .......... .......... .......... 59%  707K 7m44s
 99100K .......... .......... .......... .......... .......... 59%  184K 7m44s
 99150K .......... .......... .......... .......... .......... 59%  356K 7m43s
 99200K .......... .......... .......... .......... .......... 59%  195K 7m43s
 99250K .......... .......... .......... .......... .......... 59%  409K 7m42s
 99300K .......... .......... .......... .......... .......... 59%  466K 7m42s
 99350K .......... .......... .......... .......... .......... 59%  166K 7m41s
 99400K .......... .......... .......... .......... .......... 59%  446K 7m41s
 99450K .......... .......... .......... .......... .......... 59%  369K 7m40s
 99500K .......... .......... .......... .......... .......... 59%  509K 7m40s
 99550K .......... .......... .......... .......... .......... 59%  236K 7m39s
 99600K .......... .......... .......... .......... .......... 59%  459K 7m39s
 99650K .......... .......... .......... .......... .......... 59%  459K 7m38s
 99700K .......... .......... .......... .......... .......... 59%  531K 7m38s
 99750K .......... .......... .......... .......... .......... 60%  269K 7m37s
 99800K .......... .......... .......... .......... .......... 60%  915K 7m37s
 99850K .......... .......... .......... .......... .......... 60%  382K 7m36s
 99900K .......... .......... .......... .......... .......... 60%  323K 7m36s
 99950K .......... .......... .......... .......... .......... 60%  484K 7m35s
100000K .......... .......... .......... .......... .......... 60%  227K 7m35s
100050K .......... .......... .......... .......... .......... 60%  163K 7m35s
100100K .......... .......... .......... .......... .......... 60%  529K 7m34s
100150K .......... .......... .......... .......... .......... 60%  186K 7m34s
100200K .......... .......... .......... .......... .......... 60%  342K 7m33s
100250K .......... .......... .......... .......... .......... 60%  345K 7m33s
100300K .......... .......... .......... .......... .......... 60% 81.7K 7m33s
100350K .......... .......... .......... .......... .......... 60%  115K 7m32s
100400K .......... .......... .......... .......... .......... 60%  276K 7m32s
100450K .......... .......... .......... .......... .......... 60%  294K 7m31s
100500K .......... .......... .......... .......... .......... 60%  660K 7m31s
100550K .......... .......... .......... .......... .......... 60%  216K 7m30s
100600K .......... .......... .......... .......... .......... 60%  179K 7m30s
100650K .......... .......... .......... .......... .......... 60%  224K 7m30s
100700K .......... .......... .......... .......... .......... 60%  445K 7m29s
100750K .......... .......... .......... .......... .......... 60%  300K 7m29s
100800K .......... .......... .......... .......... .......... 60%  361K 7m28s
100850K .......... .......... .......... .......... .......... 60%  352K 7m28s
100900K .......... .......... .......... .......... .......... 60%  273K 7m27s
100950K .......... .......... .......... .......... .......... 60% 76.6K 7m27s
101000K .......... .......... .......... .......... .......... 60%  172K 7m27s
101050K .......... .......... .......... .......... .......... 60%  351K 7m26s
101100K .......... .......... .......... .......... .......... 60%  280K 7m26s
101150K .......... .......... .......... .......... .......... 60%  389K 7m25s
101200K .......... .......... .......... .......... .......... 60%  157K 7m25s
101250K .......... .......... .......... .......... .......... 60%  538K 7m25s
101300K .......... .......... .......... .......... .......... 60%  470K 7m24s
101350K .......... .......... .......... .......... .......... 60%  195K 7m24s
101400K .......... .......... .......... .......... .......... 61%  474K 7m23s
101450K .......... .......... .......... .......... .......... 61%  260K 7m23s
101500K .......... .......... .......... .......... .......... 61%  328K 7m22s
101550K .......... .......... .......... .......... .......... 61%  432K 7m22s
101600K .......... .......... .......... .......... .......... 61%  323K 7m21s
101650K .......... .......... .......... .......... .......... 61%  342K 7m21s
101700K .......... .......... .......... .......... .......... 61%  228K 7m20s
101750K .......... .......... .......... .......... .......... 61%  308K 7m20s
101800K .......... .......... .......... .......... .......... 61%  124K 7m20s
101850K .......... .......... .......... .......... .......... 61%  310K 7m19s
101900K .......... .......... .......... .......... .......... 61%  100K 7m19s
101950K .......... .......... .......... .......... .......... 61%  185K 7m19s
102000K .......... .......... .......... .......... .......... 61%  123K 7m18s
102050K .......... .......... .......... .......... .......... 61%  232K 7m18s
102100K .......... .......... .......... .......... .......... 61%  188K 7m17s
102150K .......... .......... .......... .......... .......... 61%  178K 7m17s
102200K .......... .......... .......... .......... .......... 61%  458K 7m17s
102250K .......... .......... .......... .......... .......... 61%  154K 7m16s
102300K .......... .......... .......... .......... .......... 61%  139K 7m16s
102350K .......... .......... .......... .......... .......... 61%  277K 7m15s
102400K .......... .......... .......... .......... .......... 61%  291K 7m15s
102450K .......... .......... .......... .......... .......... 61%  250K 7m15s
102500K .......... .......... .......... .......... .......... 61%  321K 7m14s
102550K .......... .......... .......... .......... .......... 61%  346K 7m14s
102600K .......... .......... .......... .......... .......... 61% 74.6K 7m14s
102650K .......... .......... .......... .......... .......... 61% 88.7K 7m13s
102700K .......... .......... .......... .......... .......... 61%  109K 7m13s
102750K .......... .......... .......... .......... .......... 61%  121K 7m13s
102800K .......... .......... .......... .......... .......... 61% 67.1K 7m13s
102850K .......... .......... .......... .......... .......... 61%  132K 7m12s
102900K .......... .......... .......... .......... .......... 61%  524K 7m12s
102950K .......... .......... .......... .......... .......... 61%  216K 7m11s
103000K .......... .......... .......... .......... .......... 61%  477K 7m11s
103050K .......... .......... .......... .......... .......... 62%  248K 7m11s
103100K .......... .......... .......... .......... .......... 62%  100K 7m10s
103150K .......... .......... .......... .......... .......... 62%  201K 7m10s
103200K .......... .......... .......... .......... .......... 62%  148K 7m10s
103250K .......... .......... .......... .......... .......... 62% 72.0K 7m9s
103300K .......... .......... .......... .......... .......... 62%  114K 7m9s
103350K .......... .......... .......... .......... .......... 62%  392K 7m9s
103400K .......... .......... .......... .......... .......... 62%  112K 7m8s
103450K .......... .......... .......... .......... .......... 62%  298K 7m8s
103500K .......... .......... .......... .......... .......... 62%  646K 7m7s
103550K .......... .......... .......... .......... .......... 62%  336K 7m7s
103600K .......... .......... .......... .......... .......... 62%  139K 7m7s
103650K .......... .......... .......... .......... .......... 62%  194K 7m6s
103700K .......... .......... .......... .......... .......... 62%  193K 7m6s
103750K .......... .......... .......... .......... .......... 62%  278K 7m5s
103800K .......... .......... .......... .......... .......... 62%  283K 7m5s
103850K .......... .......... .......... .......... .......... 62%  279K 7m5s
103900K .......... .......... .......... .......... .......... 62%  184K 7m4s
103950K .......... .......... .......... .......... .......... 62%  169K 7m4s
104000K .......... .......... .......... .......... .......... 62%  112K 7m4s
104050K .......... .......... .......... .......... .......... 62%  160K 7m3s
104100K .......... .......... .......... .......... .......... 62%  294K 7m3s
104150K .......... .......... .......... .......... .......... 62%  118K 7m2s
104200K .......... .......... .......... .......... .......... 62%  126K 7m2s
104250K .......... .......... .......... .......... .......... 62%  194K 7m2s
104300K .......... .......... .......... .......... .......... 62%  283K 7m1s
104350K .......... .......... .......... .......... .......... 62%  134K 7m1s
104400K .......... .......... .......... .......... .......... 62%  314K 7m1s
104450K .......... .......... .......... .......... .......... 62%  261K 7m0s
104500K .......... .......... .......... .......... .......... 62%  296K 7m0s
104550K .......... .......... .......... .......... .......... 62%  297K 6m59s
104600K .......... .......... .......... .......... .......... 62%  200K 6m59s
104650K .......... .......... .......... .......... .......... 62% 84.1K 6m59s
104700K .......... .......... .......... .......... .......... 63%  230K 6m58s
104750K .......... .......... .......... .......... .......... 63%  123K 6m58s
104800K .......... .......... .......... .......... .......... 63%  261K 6m58s
104850K .......... .......... .......... .......... .......... 63%  129K 6m57s
104900K .......... .......... .......... .......... .......... 63%  212K 6m57s
104950K .......... .......... .......... .......... .......... 63%  310K 6m56s
105000K .......... .......... .......... .......... .......... 63% 63.4K 6m56s
105050K .......... .......... .......... .......... .......... 63% 90.1K 6m56s
105100K .......... .......... .......... .......... .......... 63% 59.0K 6m56s
105150K .......... .......... .......... .......... .......... 63%  252K 6m56s
105200K .......... .......... .......... .......... .......... 63%  223K 6m55s
105250K .......... .......... .......... .......... .......... 63%  323K 6m55s
105300K .......... .......... .......... .......... .......... 63%  204K 6m54s
105350K .......... .......... .......... .......... .......... 63%  260K 6m54s
105400K .......... .......... .......... .......... .......... 63%  269K 6m54s
105450K .......... .......... .......... .......... .......... 63%  305K 6m53s
105500K .......... .......... .......... .......... .......... 63%  277K 6m53s
105550K .......... .......... .......... .......... .......... 63%  247K 6m52s
105600K .......... .......... .......... .......... .......... 63%  121K 6m52s
105650K .......... .......... .......... .......... .......... 63%  861K 6m51s
105700K .......... .......... .......... .......... .......... 63%  142K 6m51s
105750K .......... .......... .......... .......... .......... 63%  180K 6m51s
105800K .......... .......... .......... .......... .......... 63%  246K 6m50s
105850K .......... .......... .......... .......... .......... 63%  191K 6m50s
105900K .......... .......... .......... .......... .......... 63%  114K 6m50s
105950K .......... .......... .......... .......... .......... 63%  207K 6m49s
106000K .......... .......... .......... .......... .......... 63%  833K 6m49s
106050K .......... .......... .......... .......... .......... 63%  259K 6m48s
106100K .......... .......... .......... .......... .......... 63%  140K 6m48s
106150K .......... .......... .......... .......... .......... 63% 92.6K 6m48s
106200K .......... .......... .......... .......... .......... 63%  111K 6m47s
106250K .......... .......... .......... .......... .......... 63%  128K 6m47s
106300K .......... .......... .......... .......... .......... 63%  270K 6m47s
106350K .......... .......... .......... .......... .......... 63%  171K 6m46s
106400K .......... .......... .......... .......... .......... 64%  314K 6m46s
106450K .......... .......... .......... .......... .......... 64%  179K 6m46s
106500K .......... .......... .......... .......... .......... 64%  780K 6m45s
106550K .......... .......... .......... .......... .......... 64%  454K 6m45s
106600K .......... .......... .......... .......... .......... 64%  365K 6m44s
106650K .......... .......... .......... .......... .......... 64%  303K 6m44s
106700K .......... .......... .......... .......... .......... 64%  332K 6m43s
106750K .......... .......... .......... .......... .......... 64%  390K 6m43s
106800K .......... .......... .......... .......... .......... 64%  427K 6m42s
106850K .......... .......... .......... .......... .......... 64%  396K 6m42s
106900K .......... .......... .......... .......... .......... 64%  353K 6m41s
106950K .......... .......... .......... .......... .......... 64%  451K 6m41s
107000K .......... .......... .......... .......... .......... 64%  430K 6m41s
107050K .......... .......... .......... .......... .......... 64%  174K 6m40s
107100K .......... .......... .......... .......... .......... 64%  476K 6m40s
107150K .......... .......... .......... .......... .......... 64%  423K 6m39s
107200K .......... .......... .......... .......... .......... 64%  389K 6m39s
107250K .......... .......... .......... .......... .......... 64%  316K 6m38s
107300K .......... .......... .......... .......... .......... 64%  645K 6m38s
107350K .......... .......... .......... .......... .......... 64%  341K 6m37s
107400K .......... .......... .......... .......... .......... 64%  288K 6m37s
107450K .......... .......... .......... .......... .......... 64%  382K 6m37s
107500K .......... .......... .......... .......... .......... 64%  397K 6m36s
107550K .......... .......... .......... .......... .......... 64%  224K 6m36s
107600K .......... .......... .......... .......... .......... 64%  482K 6m35s
107650K .......... .......... .......... .......... .......... 64%  169K 6m35s
107700K .......... .......... .......... .......... .......... 64%  405K 6m34s
107750K .......... .......... .......... .......... .......... 64%  227K 6m34s
107800K .......... .......... .......... .......... .......... 64%  198K 6m34s
107850K .......... .......... .......... .......... .......... 64%  329K 6m33s
107900K .......... .......... .......... .......... .......... 64%  543K 6m33s
107950K .......... .......... .......... .......... .......... 64%  259K 6m32s
108000K .......... .......... .......... .......... .......... 64%  327K 6m32s
108050K .......... .......... .......... .......... .......... 65%  433K 6m31s
108100K .......... .......... .......... .......... .......... 65%  396K 6m31s
108150K .......... .......... .......... .......... .......... 65%  375K 6m31s
108200K .......... .......... .......... .......... .......... 65%  250K 6m30s
108250K .......... .......... .......... .......... .......... 65%  681K 6m30s
108300K .......... .......... .......... .......... .......... 65%  473K 6m29s
108350K .......... .......... .......... .......... .......... 65%  383K 6m29s
108400K .......... .......... .......... .......... .......... 65%  141K 6m28s
108450K .......... .......... .......... .......... .......... 65%  176K 6m28s
108500K .......... .......... .......... .......... .......... 65%  320K 6m28s
108550K .......... .......... .......... .......... .......... 65%  159K 6m27s
108600K .......... .......... .......... .......... .......... 65%  173K 6m27s
108650K .......... .......... .......... .......... .......... 65%  221K 6m27s
108700K .......... .......... .......... .......... .......... 65%  199K 6m26s
108750K .......... .......... .......... .......... .......... 65%  224K 6m26s
108800K .......... .......... .......... .......... .......... 65%  294K 6m25s
108850K .......... .......... .......... .......... .......... 65%  400K 6m25s
108900K .......... .......... .......... .......... .......... 65%  184K 6m24s
108950K .......... .......... .......... .......... .......... 65%  340K 6m24s
109000K .......... .......... .......... .......... .......... 65%  356K 6m24s
109050K .......... .......... .......... .......... .......... 65%  396K 6m23s
109100K .......... .......... .......... .......... .......... 65%  188K 6m23s
109150K .......... .......... .......... .......... .......... 65%  245K 6m22s
109200K .......... .......... .......... .......... .......... 65%  222K 6m22s
109250K .......... .......... .......... .......... .......... 65% 81.3K 6m22s
109300K .......... .......... .......... .......... .......... 65%  436K 6m21s
109350K .......... .......... .......... .......... .......... 65%  294K 6m21s
109400K .......... .......... .......... .......... .......... 65%  265K 6m21s
109450K .......... .......... .......... .......... .......... 65%  172K 6m20s
109500K .......... .......... .......... .......... .......... 65%  476K 6m20s
109550K .......... .......... .......... .......... .......... 65%  360K 6m19s
109600K .......... .......... .......... .......... .......... 65%  317K 6m19s
109650K .......... .......... .......... .......... .......... 65%  263K 6m18s
109700K .......... .......... .......... .......... .......... 66%  160K 6m18s
109750K .......... .......... .......... .......... .......... 66%  729K 6m18s
109800K .......... .......... .......... .......... .......... 66%  318K 6m17s
109850K .......... .......... .......... .......... .......... 66%  377K 6m17s
109900K .......... .......... .......... .......... .......... 66%  336K 6m16s
109950K .......... .......... .......... .......... .......... 66%  560K 6m16s
110000K .......... .......... .......... .......... .......... 66%  226K 6m15s
110050K .......... .......... .......... .......... .......... 66%  368K 6m15s
110100K .......... .......... .......... .......... .......... 66%  302K 6m15s
110150K .......... .......... .......... .......... .......... 66%  236K 6m14s
110200K .......... .......... .......... .......... .......... 66%  546K 6m14s
110250K .......... .......... .......... .......... .......... 66%  364K 6m13s
110300K .......... .......... .......... .......... .......... 66%  296K 6m13s
110350K .......... .......... .......... .......... .......... 66%  405K 6m12s
110400K .......... .......... .......... .......... .......... 66%  140K 6m12s
110450K .......... .......... .......... .......... .......... 66%  164K 6m12s
110500K .......... .......... .......... .......... .......... 66%  412K 6m11s
110550K .......... .......... .......... .......... .......... 66%  282K 6m11s
110600K .......... .......... .......... .......... .......... 66%  403K 6m11s
110650K .......... .......... .......... .......... .......... 66%  433K 6m10s
110700K .......... .......... .......... .......... .......... 66%  224K 6m10s
110750K .......... .......... .......... .......... .......... 66%  229K 6m9s
110800K .......... .......... .......... .......... .......... 66%  392K 6m9s
110850K .......... .......... .......... .......... .......... 66%  168K 6m9s
110900K .......... .......... .......... .......... .......... 66%  732K 6m8s
110950K .......... .......... .......... .......... .......... 66%  195K 6m8s
111000K .......... .......... .......... .......... .......... 66%  175K 6m7s
111050K .......... .......... .......... .......... .......... 66%  188K 6m7s
111100K .......... .......... .......... .......... .......... 66%  386K 6m7s
111150K .......... .......... .......... .......... .......... 66%  391K 6m6s
111200K .......... .......... .......... .......... .......... 66%  328K 6m6s
111250K .......... .......... .......... .......... .......... 66%  129K 6m5s
111300K .......... .......... .......... .......... .......... 66%  126K 6m5s
111350K .......... .......... .......... .......... .......... 67%  211K 6m5s
111400K .......... .......... .......... .......... .......... 67%  276K 6m4s
111450K .......... .......... .......... .......... .......... 67%  408K 6m4s
111500K .......... .......... .......... .......... .......... 67% 98.7K 6m4s
111550K .......... .......... .......... .......... .......... 67%  229K 6m3s
111600K .......... .......... .......... .......... .......... 67%  261K 6m3s
111650K .......... .......... .......... .......... .......... 67%  491K 6m2s
111700K .......... .......... .......... .......... .......... 67%  277K 6m2s
111750K .......... .......... .......... .......... .......... 67%  226K 6m2s
111800K .......... .......... .......... .......... .......... 67%  121K 6m1s
111850K .......... .......... .......... .......... .......... 67%  447K 6m1s
111900K .......... .......... .......... .......... .......... 67%  548K 6m0s
111950K .......... .......... .......... .......... .......... 67%  232K 6m0s
112000K .......... .......... .......... .......... .......... 67%  102K 6m0s
112050K .......... .......... .......... .......... .......... 67%  164K 5m59s
112100K .......... .......... .......... .......... .......... 67%  107K 5m59s
112150K .......... .......... .......... .......... .......... 67%  101K 5m59s
112200K .......... .......... .......... .......... .......... 67% 92.4K 5m59s
112250K .......... .......... .......... .......... .......... 67%  310K 5m58s
112300K .......... .......... .......... .......... .......... 67%  132K 5m58s
112350K .......... .......... .......... .......... .......... 67%  316K 5m58s
112400K .......... .......... .......... .......... .......... 67%  199K 5m57s
112450K .......... .......... .......... .......... .......... 67%  275K 5m57s
112500K .......... .......... .......... .......... .......... 67%  635K 5m56s
112550K .......... .......... .......... .......... .......... 67%  305K 5m56s
112600K .......... .......... .......... .......... .......... 67%  165K 5m56s
112650K .......... .......... .......... .......... .......... 67%  484K 5m55s
112700K .......... .......... .......... .......... .......... 67%  178K 5m55s
112750K .......... .......... .......... .......... .......... 67%  151K 5m54s
112800K .......... .......... .......... .......... .......... 67%  298K 5m54s
112850K .......... .......... .......... .......... .......... 67%  364K 5m54s
112900K .......... .......... .......... .......... .......... 67%  342K 5m53s
112950K .......... .......... .......... .......... .......... 67%  278K 5m53s
113000K .......... .......... .......... .......... .......... 67%  247K 5m52s
113050K .......... .......... .......... .......... .......... 68%  130K 5m52s
113100K .......... .......... .......... .......... .......... 68% 94.6K 5m52s
113150K .......... .......... .......... .......... .......... 68%  473K 5m51s
113200K .......... .......... .......... .......... .......... 68%  139K 5m51s
113250K .......... .......... .......... .......... .......... 68% 99.3K 5m51s
113300K .......... .......... .......... .......... .......... 68%  138K 5m50s
113350K .......... .......... .......... .......... .......... 68%  277K 5m50s
113400K .......... .......... .......... .......... .......... 68%  176K 5m50s
113450K .......... .......... .......... .......... .......... 68%  179K 5m49s
113500K .......... .......... .......... .......... .......... 68%  459K 5m49s
113550K .......... .......... .......... .......... .......... 68%  161K 5m49s
113600K .......... .......... .......... .......... .......... 68%  418K 5m48s
113650K .......... .......... .......... .......... .......... 68%  406K 5m48s
113700K .......... .......... .......... .......... .......... 68%  213K 5m47s
113750K .......... .......... .......... .......... .......... 68%  149K 5m47s
113800K .......... .......... .......... .......... .......... 68%  345K 5m47s
113850K .......... .......... .......... .......... .......... 68% 77.2K 5m46s
113900K .......... .......... .......... .......... .......... 68%  154K 5m46s
113950K .......... .......... .......... .......... .......... 68%  453K 5m46s
114000K .......... .......... .......... .......... .......... 68%  455K 5m45s
114050K .......... .......... .......... .......... .......... 68%  489K 5m45s
114100K .......... .......... .......... .......... .......... 68%  427K 5m44s
114150K .......... .......... .......... .......... .......... 68%  238K 5m44s
114200K .......... .......... .......... .......... .......... 68%  174K 5m44s
114250K .......... .......... .......... .......... .......... 68%  428K 5m43s
114300K .......... .......... .......... .......... .......... 68% 95.9K 5m43s
114350K .......... .......... .......... .......... .......... 68%  168K 5m43s
114400K .......... .......... .......... .......... .......... 68%  147K 5m42s
114450K .......... .......... .......... .......... .......... 68%  112K 5m42s
114500K .......... .......... .......... .......... .......... 68%  181K 5m42s
114550K .......... .......... .......... .......... .......... 68%  476K 5m41s
114600K .......... .......... .......... .......... .......... 68%  222K 5m41s
114650K .......... .......... .......... .......... .......... 68%  263K 5m40s
114700K .......... .......... .......... .......... .......... 69%  327K 5m40s
114750K .......... .......... .......... .......... .......... 69%  347K 5m40s
114800K .......... .......... .......... .......... .......... 69%  231K 5m39s
114850K .......... .......... .......... .......... .......... 69%  191K 5m39s
114900K .......... .......... .......... .......... .......... 69%  558K 5m38s
114950K .......... .......... .......... .......... .......... 69%  369K 5m38s
115000K .......... .......... .......... .......... .......... 69%  184K 5m38s
115050K .......... .......... .......... .......... .......... 69%  250K 5m37s
115100K .......... .......... .......... .......... .......... 69%  295K 5m37s
115150K .......... .......... .......... .......... .......... 69%  351K 5m37s
115200K .......... .......... .......... .......... .......... 69%  363K 5m36s
115250K .......... .......... .......... .......... .......... 69%  303K 5m36s
115300K .......... .......... .......... .......... .......... 69%  727K 5m35s
115350K .......... .......... .......... .......... .......... 69%  251K 5m35s
115400K .......... .......... .......... .......... .......... 69%  336K 5m34s
115450K .......... .......... .......... .......... .......... 69%  386K 5m34s
115500K .......... .......... .......... .......... .......... 69%  378K 5m34s
115550K .......... .......... .......... .......... .......... 69%  370K 5m33s
115600K .......... .......... .......... .......... .......... 69%  179K 5m33s
115650K .......... .......... .......... .......... .......... 69%  225K 5m32s
115700K .......... .......... .......... .......... .......... 69%  403K 5m32s
115750K .......... .......... .......... .......... .......... 69%  181K 5m32s
115800K .......... .......... .......... .......... .......... 69%  527K 5m31s
115850K .......... .......... .......... .......... .......... 69%  211K 5m31s
115900K .......... .......... .......... .......... .......... 69%  466K 5m30s
115950K .......... .......... .......... .......... .......... 69%  276K 5m30s
116000K .......... .......... .......... .......... .......... 69%  302K 5m30s
116050K .......... .......... .......... .......... .......... 69%  638K 5m29s
116100K .......... .......... .......... .......... .......... 69%  250K 5m29s
116150K .......... .......... .......... .......... .......... 69%  157K 5m29s
116200K .......... .......... .......... .......... .......... 69%  384K 5m28s
116250K .......... .......... .......... .......... .......... 69%  333K 5m28s
116300K .......... .......... .......... .......... .......... 69%  538K 5m27s
116350K .......... .......... .......... .......... .......... 70%  358K 5m27s
116400K .......... .......... .......... .......... .......... 70%  228K 5m27s
116450K .......... .......... .......... .......... .......... 70%  283K 5m26s
116500K .......... .......... .......... .......... .......... 70%  283K 5m26s
116550K .......... .......... .......... .......... .......... 70%  547K 5m25s
116600K .......... .......... .......... .......... .......... 70%  335K 5m25s
116650K .......... .......... .......... .......... .......... 70%  279K 5m24s
116700K .......... .......... .......... .......... .......... 70%  412K 5m24s
116750K .......... .......... .......... .......... .......... 70%  501K 5m24s
116800K .......... .......... .......... .......... .......... 70%  241K 5m23s
116850K .......... .......... .......... .......... .......... 70%  673K 5m23s
116900K .......... .......... .......... .......... .......... 70%  312K 5m22s
116950K .......... .......... .......... .......... .......... 70%  375K 5m22s
117000K .......... .......... .......... .......... .......... 70%  250K 5m22s
117050K .......... .......... .......... .......... .......... 70%  546K 5m21s
117100K .......... .......... .......... .......... .......... 70%  408K 5m21s
117150K .......... .......... .......... .......... .......... 70%  275K 5m20s
117200K .......... .......... .......... .......... .......... 70%  280K 5m20s
117250K .......... .......... .......... .......... .......... 70%  319K 5m20s
117300K .......... .......... .......... .......... .......... 70%  239K 5m19s
117350K .......... .......... .......... .......... .......... 70%  297K 5m19s
117400K .......... .......... .......... .......... .......... 70%  389K 5m18s
117450K .......... .......... .......... .......... .......... 70%  127K 5m18s
117500K .......... .......... .......... .......... .......... 70%  368K 5m18s
117550K .......... .......... .......... .......... .......... 70%  479K 5m17s
117600K .......... .......... .......... .......... .......... 70%  280K 5m17s
117650K .......... .......... .......... .......... .......... 70%  600K 5m17s
117700K .......... .......... .......... .......... .......... 70%  391K 5m16s
117750K .......... .......... .......... .......... .......... 70%  299K 5m16s
117800K .......... .......... .......... .......... .......... 70%  344K 5m15s
117850K .......... .......... .......... .......... .......... 70%  266K 5m15s
117900K .......... .......... .......... .......... .......... 70%  435K 5m15s
117950K .......... .......... .......... .......... .......... 70%  498K 5m14s
118000K .......... .......... .......... .......... .......... 71%  170K 5m14s
118050K .......... .......... .......... .......... .......... 71%  349K 5m13s
118100K .......... .......... .......... .......... .......... 71%  351K 5m13s
118150K .......... .......... .......... .......... .......... 71%  252K 5m13s
118200K .......... .......... .......... .......... .......... 71%  194K 5m12s
118250K .......... .......... .......... .......... .......... 71%  433K 5m12s
118300K .......... .......... .......... .......... .......... 71%  291K 5m11s
118350K .......... .......... .......... .......... .......... 71%  651K 5m11s
118400K .......... .......... .......... .......... .......... 71%  239K 5m11s
118450K .......... .......... .......... .......... .......... 71%  252K 5m10s
118500K .......... .......... .......... .......... .......... 71%  278K 5m10s
118550K .......... .......... .......... .......... .......... 71%  367K 5m10s
118600K .......... .......... .......... .......... .......... 71%  245K 5m9s
118650K .......... .......... .......... .......... .......... 71%  346K 5m9s
118700K .......... .......... .......... .......... .......... 71%  281K 5m8s
118750K .......... .......... .......... .......... .......... 71% 69.1K 5m8s
118800K .......... .......... .......... .......... .......... 71%  162K 5m8s
118850K .......... .......... .......... .......... .......... 71%  270K 5m7s
118900K .......... .......... .......... .......... .......... 71%  230K 5m7s
118950K .......... .......... .......... .......... .......... 71%  327K 5m7s
119000K .......... .......... .......... .......... .......... 71%  582K 5m6s
119050K .......... .......... .......... .......... .......... 71%  274K 5m6s
119100K .......... .......... .......... .......... .......... 71%  532K 5m6s
119150K .......... .......... .......... .......... .......... 71%  416K 5m5s
119200K .......... .......... .......... .......... .......... 71%  230K 5m5s
119250K .......... .......... .......... .......... .......... 71%  235K 5m4s
119300K .......... .......... .......... .......... .......... 71%  100K 5m4s
119350K .......... .......... .......... .......... .......... 71%  244K 5m4s
119400K .......... .......... .......... .......... .......... 71%  279K 5m3s
119450K .......... .......... .......... .......... .......... 71%  226K 5m3s
119500K .......... .......... .......... .......... .......... 71%  223K 5m3s
119550K .......... .......... .......... .......... .......... 71%  431K 5m2s
119600K .......... .......... .......... .......... .......... 71%  137K 5m2s
119650K .......... .......... .......... .......... .......... 71%  403K 5m2s
119700K .......... .......... .......... .......... .......... 72%  183K 5m1s
119750K .......... .......... .......... .......... .......... 72% 97.7K 5m1s
119800K .......... .......... .......... .......... .......... 72%  309K 5m1s
119850K .......... .......... .......... .......... .......... 72%  347K 5m0s
119900K .......... .......... .......... .......... .......... 72%  261K 5m0s
119950K .......... .......... .......... .......... .......... 72%  290K 4m59s
120000K .......... .......... .......... .......... .......... 72%  337K 4m59s
120050K .......... .......... .......... .......... .......... 72%  363K 4m59s
120100K .......... .......... .......... .......... .......... 72%  228K 4m58s
120150K .......... .......... .......... .......... .......... 72%  261K 4m58s
120200K .......... .......... .......... .......... .......... 72%  278K 4m57s
120250K .......... .......... .......... .......... .......... 72%  483K 4m57s
120300K .......... .......... .......... .......... .......... 72%  217K 4m57s
120350K .......... .......... .......... .......... .......... 72%  212K 4m56s
120400K .......... .......... .......... .......... .......... 72%  169K 4m56s
120450K .......... .......... .......... .......... .......... 72%  261K 4m56s
120500K .......... .......... .......... .......... .......... 72%  237K 4m55s
120550K .......... .......... .......... .......... .......... 72%  249K 4m55s
120600K .......... .......... .......... .......... .......... 72% 87.0K 4m55s
120650K .......... .......... .......... .......... .......... 72%  163K 4m54s
120700K .......... .......... .......... .......... .......... 72%  277K 4m54s
120750K .......... .......... .......... .......... .......... 72%  295K 4m54s
120800K .......... .......... .......... .......... .......... 72%  101K 4m53s
120850K .......... .......... .......... .......... .......... 72%  371K 4m53s
120900K .......... .......... .......... .......... .......... 72%  394K 4m53s
120950K .......... .......... .......... .......... .......... 72%  289K 4m52s
121000K .......... .......... .......... .......... .......... 72%  339K 4m52s
121050K .......... .......... .......... .......... .......... 72%  486K 4m51s
121100K .......... .......... .......... .......... .......... 72%  253K 4m51s
121150K .......... .......... .......... .......... .......... 72%  511K 4m51s
121200K .......... .......... .......... .......... .......... 72%  247K 4m50s
121250K .......... .......... .......... .......... .......... 72%  373K 4m50s
121300K .......... .......... .......... .......... .......... 72%  356K 4m49s
121350K .......... .......... .......... .......... .......... 73%  282K 4m49s
121400K .......... .......... .......... .......... .......... 73%  355K 4m49s
121450K .......... .......... .......... .......... .......... 73%  175K 4m48s
121500K .......... .......... .......... .......... .......... 73%  418K 4m48s
121550K .......... .......... .......... .......... .......... 73% 78.8K 4m48s
121600K .......... .......... .......... .......... .......... 73%  143K 4m47s
121650K .......... .......... .......... .......... .......... 73%  188K 4m47s
121700K .......... .......... .......... .......... .......... 73%  220K 4m47s
121750K .......... .......... .......... .......... .......... 73%  247K 4m46s
121800K .......... .......... .......... .......... .......... 73%  311K 4m46s
121850K .......... .......... .......... .......... .......... 73%  203K 4m46s
121900K .......... .......... .......... .......... .......... 73%  381K 4m45s
121950K .......... .......... .......... .......... .......... 73%  196K 4m45s
122000K .......... .......... .......... .......... .......... 73%  363K 4m45s
122050K .......... .......... .......... .......... .......... 73%  245K 4m44s
122100K .......... .......... .......... .......... .......... 73%  154K 4m44s
122150K .......... .......... .......... .......... .......... 73%  236K 4m43s
122200K .......... .......... .......... .......... .......... 73%  393K 4m43s
122250K .......... .......... .......... .......... .......... 73%  356K 4m43s
122300K .......... .......... .......... .......... .......... 73%  249K 4m42s
122350K .......... .......... .......... .......... .......... 73%  366K 4m42s
122400K .......... .......... .......... .......... .......... 73%  285K 4m42s
122450K .......... .......... .......... .......... .......... 73%  238K 4m41s
122500K .......... .......... .......... .......... .......... 73%  226K 4m41s
122550K .......... .......... .......... .......... .......... 73%  224K 4m40s
122600K .......... .......... .......... .......... .......... 73%  167K 4m40s
122650K .......... .......... .......... .......... .......... 73%  206K 4m40s
122700K .......... .......... .......... .......... .......... 73%  243K 4m39s
122750K .......... .......... .......... .......... .......... 73%  324K 4m39s
122800K .......... .......... .......... .......... .......... 73%  210K 4m39s
122850K .......... .......... .......... .......... .......... 73%  287K 4m38s
122900K .......... .......... .......... .......... .......... 73%  450K 4m38s
122950K .......... .......... .......... .......... .......... 73%  270K 4m38s
123000K .......... .......... .......... .......... .......... 74%  589K 4m37s
123050K .......... .......... .......... .......... .......... 74%  467K 4m37s
123100K .......... .......... .......... .......... .......... 74%  684K 4m36s
123150K .......... .......... .......... .......... .......... 74%  254K 4m36s
123200K .......... .......... .......... .......... .......... 74%  234K 4m36s
123250K .......... .......... .......... .......... .......... 74%  209K 4m35s
123300K .......... .......... .......... .......... .......... 74%  216K 4m35s
123350K .......... .......... .......... .......... .......... 74%  154K 4m35s
123400K .......... .......... .......... .......... .......... 74%  229K 4m34s
123450K .......... .......... .......... .......... .......... 74%  251K 4m34s
123500K .......... .......... .......... .......... .......... 74%  502K 4m34s
123550K .......... .......... .......... .......... .......... 74%  165K 4m33s
123600K .......... .......... .......... .......... .......... 74%  232K 4m33s
123650K .......... .......... .......... .......... .......... 74%  161K 4m33s
123700K .......... .......... .......... .......... .......... 74%  115K 4m32s
123750K .......... .......... .......... .......... .......... 74%  255K 4m32s
123800K .......... .......... .......... .......... .......... 74%  233K 4m32s
123850K .......... .......... .......... .......... .......... 74%  295K 4m31s
123900K .......... .......... .......... .......... .......... 74%  293K 4m31s
123950K .......... .......... .......... .......... .......... 74%  167K 4m30s
124000K .......... .......... .......... .......... .......... 74%  362K 4m30s
124050K .......... .......... .......... .......... .......... 74%  191K 4m30s
124100K .......... .......... .......... .......... .......... 74%  229K 4m29s
124150K .......... .......... .......... .......... .......... 74%  530K 4m29s
124200K .......... .......... .......... .......... .......... 74%  172K 4m29s
124250K .......... .......... .......... .......... .......... 74%  418K 4m28s
124300K .......... .......... .......... .......... .......... 74%  200K 4m28s
124350K .......... .......... .......... .......... .......... 74%  265K 4m28s
124400K .......... .......... .......... .......... .......... 74%  151K 4m27s
124450K .......... .......... .......... .......... .......... 74%  131K 4m27s
124500K .......... .......... .......... .......... .......... 74%  730K 4m27s
124550K .......... .......... .......... .......... .......... 74%  622K 4m26s
124600K .......... .......... .......... .......... .......... 74%  123K 4m26s
124650K .......... .......... .......... .......... .......... 75%  429K 4m25s
124700K .......... .......... .......... .......... .......... 75%  282K 4m25s
124750K .......... .......... .......... .......... .......... 75%  120K 4m25s
124800K .......... .......... .......... .......... .......... 75%  531K 4m24s
124850K .......... .......... .......... .......... .......... 75%  153K 4m24s
124900K .......... .......... .......... .......... .......... 75%  397K 4m24s
124950K .......... .......... .......... .......... .......... 75%  142K 4m23s
125000K .......... .......... .......... .......... .......... 75%  222K 4m23s
125050K .......... .......... .......... .......... .......... 75%  230K 4m23s
125100K .......... .......... .......... .......... .......... 75%  558K 4m22s
125150K .......... .......... .......... .......... .......... 75%  256K 4m22s
125200K .......... .......... .......... .......... .......... 75%  230K 4m22s
125250K .......... .......... .......... .......... .......... 75%  269K 4m21s
125300K .......... .......... .......... .......... .......... 75%  362K 4m21s
125350K .......... .......... .......... .......... .......... 75%  334K 4m20s
125400K .......... .......... .......... .......... .......... 75%  304K 4m20s
125450K .......... .......... .......... .......... .......... 75%  166K 4m20s
125500K .......... .......... .......... .......... .......... 75%  314K 4m19s
125550K .......... .......... .......... .......... .......... 75%  276K 4m19s
125600K .......... .......... .......... .......... .......... 75%  288K 4m19s
125650K .......... .......... .......... .......... .......... 75%  339K 4m18s
125700K .......... .......... .......... .......... .......... 75% 98.5K 4m18s
125750K .......... .......... .......... .......... .......... 75%  420K 4m18s
125800K .......... .......... .......... .......... .......... 75%  126K 4m17s
125850K .......... .......... .......... .......... .......... 75%  448K 4m17s
125900K .......... .......... .......... .......... .......... 75%  471K 4m17s
125950K .......... .......... .......... .......... .......... 75%  296K 4m16s
126000K .......... .......... .......... .......... .......... 75%  502K 4m16s
126050K .......... .......... .......... .......... .......... 75%  132K 4m16s
126100K .......... .......... .......... .......... .......... 75%  164K 4m15s
126150K .......... .......... .......... .......... .......... 75%  238K 4m15s
126200K .......... .......... .......... .......... .......... 75%  210K 4m15s
126250K .......... .......... .......... .......... .......... 75%  146K 4m14s
126300K .......... .......... .......... .......... .......... 75%  156K 4m14s
126350K .......... .......... .......... .......... .......... 76%  333K 4m14s
126400K .......... .......... .......... .......... .......... 76%  200K 4m13s
126450K .......... .......... .......... .......... .......... 76%  295K 4m13s
126500K .......... .......... .......... .......... .......... 76%  197K 4m12s
126550K .......... .......... .......... .......... .......... 76%  423K 4m12s
126600K .......... .......... .......... .......... .......... 76%  128K 4m12s
126650K .......... .......... .......... .......... .......... 76%  595K 4m11s
126700K .......... .......... .......... .......... .......... 76%  196K 4m11s
126750K .......... .......... .......... .......... .......... 76%  254K 4m11s
126800K .......... .......... .......... .......... .......... 76%  345K 4m10s
126850K .......... .......... .......... .......... .......... 76%  190K 4m10s
126900K .......... .......... .......... .......... .......... 76%  432K 4m10s
126950K .......... .......... .......... .......... .......... 76%  477K 4m9s
127000K .......... .......... .......... .......... .......... 76%  532K 4m9s
127050K .......... .......... .......... .......... .......... 76%  663K 4m8s
127100K .......... .......... .......... .......... .......... 76%  448K 4m8s
127150K .......... .......... .......... .......... .......... 76%  462K 4m8s
127200K .......... .......... .......... .......... .......... 76%  248K 4m7s
127250K .......... .......... .......... .......... .......... 76%  512K 4m7s
127300K .......... .......... .......... .......... .......... 76%  484K 4m7s
127350K .......... .......... .......... .......... .......... 76%  284K 4m6s
127400K .......... .......... .......... .......... .......... 76%  379K 4m6s
127450K .......... .......... .......... .......... .......... 76%  445K 4m5s
127500K .......... .......... .......... .......... .......... 76%  579K 4m5s
127550K .......... .......... .......... .......... .......... 76%  355K 4m5s
127600K .......... .......... .......... .......... .......... 76%  268K 4m4s
127650K .......... .......... .......... .......... .......... 76%  190K 4m4s
127700K .......... .......... .......... .......... .......... 76%  201K 4m4s
127750K .......... .......... .......... .......... .......... 76%  340K 4m3s
127800K .......... .......... .......... .......... .......... 76%  242K 4m3s
127850K .......... .......... .......... .......... .......... 76%  359K 4m3s
127900K .......... .......... .......... .......... .......... 76%  555K 4m2s
127950K .......... .......... .......... .......... .......... 76%  325K 4m2s
128000K .......... .......... .......... .......... .......... 77%  227K 4m2s
128050K .......... .......... .......... .......... .......... 77%  360K 4m1s
128100K .......... .......... .......... .......... .......... 77%  147K 4m1s
128150K .......... .......... .......... .......... .......... 77%  454K 4m0s
128200K .......... .......... .......... .......... .......... 77%  447K 4m0s
128250K .......... .......... .......... .......... .......... 77%  398K 4m0s
128300K .......... .......... .......... .......... .......... 77%  575K 3m59s
128350K .......... .......... .......... .......... .......... 77%  326K 3m59s
128400K .......... .......... .......... .......... .......... 77%  219K 3m59s
128450K .......... .......... .......... .......... .......... 77%  261K 3m58s
128500K .......... .......... .......... .......... .......... 77%  305K 3m58s
128550K .......... .......... .......... .......... .......... 77%  387K 3m58s
128600K .......... .......... .......... .......... .......... 77%  380K 3m57s
128650K .......... .......... .......... .......... .......... 77%  316K 3m57s
128700K .......... .......... .......... .......... .......... 77%  350K 3m56s
128750K .......... .......... .......... .......... .......... 77%  503K 3m56s
128800K .......... .......... .......... .......... .......... 77%  355K 3m56s
128850K .......... .......... .......... .......... .......... 77%  213K 3m55s
128900K .......... .......... .......... .......... .......... 77%  130K 3m55s
128950K .......... .......... .......... .......... .......... 77%  387K 3m55s
129000K .......... .......... .......... .......... .......... 77%  421K 3m54s
129050K .......... .......... .......... .......... .......... 77%  404K 3m54s
129100K .......... .......... .......... .......... .......... 77%  200K 3m54s
129150K .......... .......... .......... .......... .......... 77%  313K 3m53s
129200K .......... .......... .......... .......... .......... 77%  182K 3m53s
129250K .......... .......... .......... .......... .......... 77%  299K 3m53s
129300K .......... .......... .......... .......... .......... 77%  341K 3m52s
129350K .......... .......... .......... .......... .......... 77%  387K 3m52s
129400K .......... .......... .......... .......... .......... 77%  504K 3m51s
129450K .......... .......... .......... .......... .......... 77%  322K 3m51s
129500K .......... .......... .......... .......... .......... 77%  379K 3m51s
129550K .......... .......... .......... .......... .......... 77%  196K 3m50s
129600K .......... .......... .......... .......... .......... 77%  325K 3m50s
129650K .......... .......... .......... .......... .......... 78%  218K 3m50s
129700K .......... .......... .......... .......... .......... 78%  287K 3m49s
129750K .......... .......... .......... .......... .......... 78%  529K 3m49s
129800K .......... .......... .......... .......... .......... 78%  314K 3m49s
129850K .......... .......... .......... .......... .......... 78%  397K 3m48s
129900K .......... .......... .......... .......... .......... 78%  222K 3m48s
129950K .......... .......... .......... .......... .......... 78%  272K 3m48s
130000K .......... .......... .......... .......... .......... 78%  383K 3m47s
130050K .......... .......... .......... .......... .......... 78%  528K 3m47s
130100K .......... .......... .......... .......... .......... 78%  282K 3m47s
130150K .......... .......... .......... .......... .......... 78%  412K 3m46s
130200K .......... .......... .......... .......... .......... 78%  145K 3m46s
130250K .......... .......... .......... .......... .......... 78%  237K 3m45s
130300K .......... .......... .......... .......... .......... 78%  340K 3m45s
130350K .......... .......... .......... .......... .......... 78%  141K 3m45s
130400K .......... .......... .......... .......... .......... 78%  449K 3m44s
130450K .......... .......... .......... .......... .......... 78%  132K 3m44s
130500K .......... .......... .......... .......... .......... 78%  502K 3m44s
130550K .......... .......... .......... .......... .......... 78%  300K 3m43s
130600K .......... .......... .......... .......... .......... 78%  157K 3m43s
130650K .......... .......... .......... .......... .......... 78%  241K 3m43s
130700K .......... .......... .......... .......... .......... 78%  144K 3m42s
130750K .......... .......... .......... .......... .......... 78%  250K 3m42s
130800K .......... .......... .......... .......... .......... 78%  438K 3m42s
130850K .......... .......... .......... .......... .......... 78%  317K 3m41s
130900K .......... .......... .......... .......... .......... 78%  337K 3m41s
130950K .......... .......... .......... .......... .......... 78%  256K 3m41s
131000K .......... .......... .......... .......... .......... 78%  377K 3m40s
131050K .......... .......... .......... .......... .......... 78%  397K 3m40s
131100K .......... .......... .......... .......... .......... 78%  347K 3m40s
131150K .......... .......... .......... .......... .......... 78%  692K 3m39s
131200K .......... .......... .......... .......... .......... 78%  334K 3m39s
131250K .......... .......... .......... .......... .......... 78%  476K 3m39s
131300K .......... .......... .......... .......... .......... 79%  327K 3m38s
131350K .......... .......... .......... .......... .......... 79%  223K 3m38s
131400K .......... .......... .......... .......... .......... 79%  410K 3m37s
131450K .......... .......... .......... .......... .......... 79%  226K 3m37s
131500K .......... .......... .......... .......... .......... 79%  490K 3m37s
131550K .......... .......... .......... .......... .......... 79%  566K 3m36s
131600K .......... .......... .......... .......... .......... 79%  283K 3m36s
131650K .......... .......... .......... .......... .......... 79%  506K 3m36s
131700K .......... .......... .......... .......... .......... 79%  292K 3m35s
131750K .......... .......... .......... .......... .......... 79%  377K 3m35s
131800K .......... .......... .......... .......... .......... 79%  674K 3m35s
131850K .......... .......... .......... .......... .......... 79%  302K 3m34s
131900K .......... .......... .......... .......... .......... 79%  338K 3m34s
131950K .......... .......... .......... .......... .......... 79%  229K 3m34s
132000K .......... .......... .......... .......... .......... 79%  548K 3m33s
132050K .......... .......... .......... .......... .......... 79%  289K 3m33s
132100K .......... .......... .......... .......... .......... 79%  492K 3m32s
132150K .......... .......... .......... .......... .......... 79%  283K 3m32s
132200K .......... .......... .......... .......... .......... 79%  299K 3m32s
132250K .......... .......... .......... .......... .......... 79%  660K 3m31s
132300K .......... .......... .......... .......... .......... 79%  145K 3m31s
132350K .......... .......... .......... .......... .......... 79%  486K 3m31s
132400K .......... .......... .......... .......... .......... 79%  102K 3m30s
132450K .......... .......... .......... .......... .......... 79%  223K 3m30s
132500K .......... .......... .......... .......... .......... 79%  275K 3m30s
132550K .......... .......... .......... .......... .......... 79%  326K 3m29s
132600K .......... .......... .......... .......... .......... 79%  296K 3m29s
132650K .......... .......... .......... .......... .......... 79%  217K 3m29s
132700K .......... .......... .......... .......... .......... 79%  359K 3m28s
132750K .......... .......... .......... .......... .......... 79%  175K 3m28s
132800K .......... .......... .......... .......... .......... 79%  191K 3m28s
132850K .......... .......... .......... .......... .......... 79%  695K 3m27s
132900K .......... .......... .......... .......... .......... 79%  275K 3m27s
132950K .......... .......... .......... .......... .......... 79%  155K 3m27s
133000K .......... .......... .......... .......... .......... 80%  437K 3m26s
133050K .......... .......... .......... .......... .......... 80%  169K 3m26s
133100K .......... .......... .......... .......... .......... 80%  324K 3m26s
133150K .......... .......... .......... .......... .......... 80%  232K 3m25s
133200K .......... .......... .......... .......... .......... 80%  320K 3m25s
133250K .......... .......... .......... .......... .......... 80%  285K 3m25s
133300K .......... .......... .......... .......... .......... 80%  479K 3m24s
133350K .......... .......... .......... .......... .......... 80%  354K 3m24s
133400K .......... .......... .......... .......... .......... 80%  415K 3m24s
133450K .......... .......... .......... .......... .......... 80%  263K 3m23s
133500K .......... .......... .......... .......... .......... 80%  332K 3m23s
133550K .......... .......... .......... .......... .......... 80%  458K 3m23s
133600K .......... .......... .......... .......... .......... 80%  287K 3m22s
133650K .......... .......... .......... .......... .......... 80%  160K 3m22s
133700K .......... .......... .......... .......... .......... 80%  149K 3m22s
133750K .......... .......... .......... .......... .......... 80%  481K 3m21s
133800K .......... .......... .......... .......... .......... 80%  553K 3m21s
133850K .......... .......... .......... .......... .......... 80%  155K 3m21s
133900K .......... .......... .......... .......... .......... 80%  343K 3m20s
133950K .......... .......... .......... .......... .......... 80%  289K 3m20s
134000K .......... .......... .......... .......... .......... 80%  207K 3m20s
134050K .......... .......... .......... .......... .......... 80%  417K 3m19s
134100K .......... .......... .......... .......... .......... 80%  343K 3m19s
134150K .......... .......... .......... .......... .......... 80%  320K 3m19s
134200K .......... .......... .......... .......... .......... 80%  350K 3m18s
134250K .......... .......... .......... .......... .......... 80%  140K 3m18s
134300K .......... .......... .......... .......... .......... 80%  438K 3m18s
134350K .......... .......... .......... .......... .......... 80%  230K 3m17s
134400K .......... .......... .......... .......... .......... 80%  101K 3m17s
134450K .......... .......... .......... .......... .......... 80%  402K 3m17s
134500K .......... .......... .......... .......... .......... 80%  421K 3m16s
134550K .......... .......... .......... .......... .......... 80%  339K 3m16s
134600K .......... .......... .......... .......... .......... 80%  364K 3m16s
134650K .......... .......... .......... .......... .......... 81%  181K 3m15s
134700K .......... .......... .......... .......... .......... 81%  533K 3m15s
134750K .......... .......... .......... .......... .......... 81%  204K 3m15s
134800K .......... .......... .......... .......... .......... 81%  368K 3m14s
134850K .......... .......... .......... .......... .......... 81%  235K 3m14s
134900K .......... .......... .......... .......... .......... 81%  190K 3m14s
134950K .......... .......... .......... .......... .......... 81%  390K 3m13s
135000K .......... .......... .......... .......... .......... 81%  317K 3m13s
135050K .......... .......... .......... .......... .......... 81%  318K 3m12s
135100K .......... .......... .......... .......... .......... 81%  162K 3m12s
135150K .......... .......... .......... .......... .......... 81%  203K 3m12s
135200K .......... .......... .......... .......... .......... 81%  245K 3m12s
135250K .......... .......... .......... .......... .......... 81%  177K 3m11s
135300K .......... .......... .......... .......... .......... 81%  368K 3m11s
135350K .......... .......... .......... .......... .......... 81%  459K 3m10s
135400K .......... .......... .......... .......... .......... 81%  505K 3m10s
135450K .......... .......... .......... .......... .......... 81%  153K 3m10s
135500K .......... .......... .......... .......... .......... 81%  618K 3m9s
135550K .......... .......... .......... .......... .......... 81%  767K 3m9s
135600K .......... .......... .......... .......... .......... 81%  334K 3m9s
135650K .......... .......... .......... .......... .......... 81%  352K 3m8s
135700K .......... .......... .......... .......... .......... 81%  334K 3m8s
135750K .......... .......... .......... .......... .......... 81%  397K 3m8s
135800K .......... .......... .......... .......... .......... 81%  378K 3m7s
135850K .......... .......... .......... .......... .......... 81%  171K 3m7s
135900K .......... .......... .......... .......... .......... 81%  391K 3m7s
135950K .......... .......... .......... .......... .......... 81%  248K 3m6s
136000K .......... .......... .......... .......... .......... 81%  388K 3m6s
136050K .......... .......... .......... .......... .......... 81%  274K 3m6s
136100K .......... .......... .......... .......... .......... 81%  285K 3m5s
136150K .......... .......... .......... .......... .......... 81%  439K 3m5s
136200K .......... .......... .......... .......... .......... 81%  192K 3m5s
136250K .......... .......... .......... .......... .......... 81%  365K 3m4s
136300K .......... .......... .......... .......... .......... 82%  405K 3m4s
136350K .......... .......... .......... .......... .......... 82%  255K 3m4s
136400K .......... .......... .......... .......... .......... 82%  139K 3m3s
136450K .......... .......... .......... .......... .......... 82%  148K 3m3s
136500K .......... .......... .......... .......... .......... 82%  565K 3m3s
136550K .......... .......... .......... .......... .......... 82%  137K 3m2s
136600K .......... .......... .......... .......... .......... 82%  395K 3m2s
136650K .......... .......... .......... .......... .......... 82%  231K 3m2s
136700K .......... .......... .......... .......... .......... 82%  157K 3m1s
136750K .......... .......... .......... .......... .......... 82%  348K 3m1s
136800K .......... .......... .......... .......... .......... 82%  466K 3m1s
136850K .......... .......... .......... .......... .......... 82%  272K 3m0s
136900K .......... .......... .......... .......... .......... 82%  420K 3m0s
136950K .......... .......... .......... .......... .......... 82%  181K 3m0s
137000K .......... .......... .......... .......... .......... 82%  400K 2m59s
137050K .......... .......... .......... .......... .......... 82%  236K 2m59s
137100K .......... .......... .......... .......... .......... 82%  205K 2m59s
137150K .......... .......... .......... .......... .......... 82%  146K 2m58s
137200K .......... .......... .......... .......... .......... 82%  317K 2m58s
137250K .......... .......... .......... .......... .......... 82%  421K 2m58s
137300K .......... .......... .......... .......... .......... 82%  407K 2m57s
137350K .......... .......... .......... .......... .......... 82%  315K 2m57s
137400K .......... .......... .......... .......... .......... 82%  524K 2m57s
137450K .......... .......... .......... .......... .......... 82%  267K 2m56s
137500K .......... .......... .......... .......... .......... 82%  288K 2m56s
137550K .......... .......... .......... .......... .......... 82%  198K 2m56s
137600K .......... .......... .......... .......... .......... 82%  207K 2m55s
137650K .......... .......... .......... .......... .......... 82%  159K 2m55s
137700K .......... .......... .......... .......... .......... 82%  591K 2m55s
137750K .......... .......... .......... .......... .......... 82%  169K 2m54s
137800K .......... .......... .......... .......... .......... 82%  175K 2m54s
137850K .......... .......... .......... .......... .......... 82%  124K 2m54s
137900K .......... .......... .......... .......... .......... 82%  323K 2m54s
137950K .......... .......... .......... .......... .......... 83%  174K 2m53s
138000K .......... .......... .......... .......... .......... 83%  292K 2m53s
138050K .......... .......... .......... .......... .......... 83%  555K 2m53s
138100K .......... .......... .......... .......... .......... 83%  184K 2m52s
138150K .......... .......... .......... .......... .......... 83%  100K 2m52s
138200K .......... .......... .......... .......... .......... 83%  449K 2m52s
138250K .......... .......... .......... .......... .......... 83%  334K 2m51s
138300K .......... .......... .......... .......... .......... 83%  354K 2m51s
138350K .......... .......... .......... .......... .......... 83% 99.4K 2m51s
138400K .......... .......... .......... .......... .......... 83%  183K 2m50s
138450K .......... .......... .......... .......... .......... 83%  228K 2m50s
138500K .......... .......... .......... .......... .......... 83%  179K 2m50s
138550K .......... .......... .......... .......... .......... 83%  364K 2m49s
138600K .......... .......... .......... .......... .......... 83%  177K 2m49s
138650K .......... .......... .......... .......... .......... 83%  368K 2m49s
138700K .......... .......... .......... .......... .......... 83%  187K 2m48s
138750K .......... .......... .......... .......... .......... 83%  420K 2m48s
138800K .......... .......... .......... .......... .......... 83%  162K 2m48s
138850K .......... .......... .......... .......... .......... 83%  121K 2m47s
138900K .......... .......... .......... .......... .......... 83%  407K 2m47s
138950K .......... .......... .......... .......... .......... 83%  337K 2m47s
139000K .......... .......... .......... .......... .......... 83%  230K 2m46s
139050K .......... .......... .......... .......... .......... 83%  211K 2m46s
139100K .......... .......... .......... .......... .......... 83%  322K 2m46s
139150K .......... .......... .......... .......... .......... 83%  306K 2m45s
139200K .......... .......... .......... .......... .......... 83%  333K 2m45s
139250K .......... .......... .......... .......... .......... 83%  183K 2m45s
139300K .......... .......... .......... .......... .......... 83%  450K 2m44s
139350K .......... .......... .......... .......... .......... 83%  179K 2m44s
139400K .......... .......... .......... .......... .......... 83%  271K 2m44s
139450K .......... .......... .......... .......... .......... 83%  424K 2m44s
139500K .......... .......... .......... .......... .......... 83%  360K 2m43s
139550K .......... .......... .......... .......... .......... 83%  281K 2m43s
139600K .......... .......... .......... .......... .......... 83%  515K 2m43s
139650K .......... .......... .......... .......... .......... 84%  343K 2m42s
139700K .......... .......... .......... .......... .......... 84%  231K 2m42s
139750K .......... .......... .......... .......... .......... 84%  326K 2m42s
139800K .......... .......... .......... .......... .......... 84%  296K 2m41s
139850K .......... .......... .......... .......... .......... 84%  310K 2m41s
139900K .......... .......... .......... .......... .......... 84% 87.2K 2m41s
139950K .......... .......... .......... .......... .......... 84%  141K 2m40s
140000K .......... .......... .......... .......... .......... 84% 87.2K 2m40s
140050K .......... .......... .......... .......... .......... 84%  197K 2m40s
140100K .......... .......... .......... .......... .......... 84%  231K 2m39s
140150K .......... .......... .......... .......... .......... 84%  411K 2m39s
140200K .......... .......... .......... .......... .......... 84%  122K 2m39s
140250K .......... .......... .......... .......... .......... 84%  297K 2m38s
140300K .......... .......... .......... .......... .......... 84%  455K 2m38s
140350K .......... .......... .......... .......... .......... 84%  555K 2m38s
140400K .......... .......... .......... .......... .......... 84%  182K 2m37s
140450K .......... .......... .......... .......... .......... 84%  262K 2m37s
140500K .......... .......... .......... .......... .......... 84%  305K 2m37s
140550K .......... .......... .......... .......... .......... 84%  476K 2m36s
140600K .......... .......... .......... .......... .......... 84%  287K 2m36s
140650K .......... .......... .......... .......... .......... 84%  276K 2m36s
140700K .......... .......... .......... .......... .......... 84%  166K 2m35s
140750K .......... .......... .......... .......... .......... 84%  177K 2m35s
140800K .......... .......... .......... .......... .......... 84%  371K 2m35s
140850K .......... .......... .......... .......... .......... 84%  116K 2m35s
140900K .......... .......... .......... .......... .......... 84%  186K 2m34s
140950K .......... .......... .......... .......... .......... 84%  131K 2m34s
141000K .......... .......... .......... .......... .......... 84%  339K 2m34s
141050K .......... .......... .......... .......... .......... 84%  482K 2m33s
141100K .......... .......... .......... .......... .......... 84% 78.5K 2m33s
141150K .......... .......... .......... .......... .......... 84%  264K 2m33s
141200K .......... .......... .......... .......... .......... 84%  128K 2m32s
141250K .......... .......... .......... .......... .......... 84%  191K 2m32s
141300K .......... .......... .......... .......... .......... 85%  318K 2m32s
141350K .......... .......... .......... .......... .......... 85%  196K 2m31s
141400K .......... .......... .......... .......... .......... 85% 69.9K 2m31s
141450K .......... .......... .......... .......... .......... 85% 97.7K 2m31s
141500K .......... .......... .......... .......... .......... 85%  664K 2m31s
141550K .......... .......... .......... .......... .......... 85%  345K 2m30s
141600K .......... .......... .......... .......... .......... 85%  111K 2m30s
141650K .......... .......... .......... .......... .......... 85%  329K 2m30s
141700K .......... .......... .......... .......... .......... 85% 91.2K 2m29s
141750K .......... .......... .......... .......... .......... 85%  392K 2m29s
141800K .......... .......... .......... .......... .......... 85%  332K 2m29s
141850K .......... .......... .......... .......... .......... 85%  168K 2m28s
141900K .......... .......... .......... .......... .......... 85%  268K 2m28s
141950K .......... .......... .......... .......... .......... 85%  262K 2m28s
142000K .......... .......... .......... .......... .......... 85%  186K 2m27s
142050K .......... .......... .......... .......... .......... 85%  215K 2m27s
142100K .......... .......... .......... .......... .......... 85%  270K 2m27s
142150K .......... .......... .......... .......... .......... 85%  340K 2m27s
142200K .......... .......... .......... .......... .......... 85%  104K 2m26s
142250K .......... .......... .......... .......... .......... 85%  300K 2m26s
142300K .......... .......... .......... .......... .......... 85% 87.1K 2m26s
142350K .......... .......... .......... .......... .......... 85% 84.5K 2m25s
142400K .......... .......... .......... .......... .......... 85%  275K 2m25s
142450K .......... .......... .......... .......... .......... 85%  151K 2m25s
142500K .......... .......... .......... .......... .......... 85%  573K 2m24s
142550K .......... .......... .......... .......... .......... 85%  406K 2m24s
142600K .......... .......... .......... .......... .......... 85%  617K 2m24s
142650K .......... .......... .......... .......... .......... 85%  127K 2m23s
142700K .......... .......... .......... .......... .......... 85%  147K 2m23s
142750K .......... .......... .......... .......... .......... 85%  301K 2m23s
142800K .......... .......... .......... .......... .......... 85%  361K 2m23s
142850K .......... .......... .......... .......... .......... 85% 75.5K 2m22s
142900K .......... .......... .......... .......... .......... 85%  207K 2m22s
142950K .......... .......... .......... .......... .......... 86%  220K 2m22s
143000K .......... .......... .......... .......... .......... 86%  433K 2m21s
143050K .......... .......... .......... .......... .......... 86%  213K 2m21s
143100K .......... .......... .......... .......... .......... 86%  258K 2m21s
143150K .......... .......... .......... .......... .......... 86%  143K 2m20s
143200K .......... .......... .......... .......... .......... 86% 59.4K 2m20s
143250K .......... .......... .......... .......... .......... 86%  455K 2m20s
143300K .......... .......... .......... .......... .......... 86%  190K 2m19s
143350K .......... .......... .......... .......... .......... 86%  387K 2m19s
143400K .......... .......... .......... .......... .......... 86%  258K 2m19s
143450K .......... .......... .......... .......... .......... 86%  143K 2m19s
143500K .......... .......... .......... .......... .......... 86%  296K 2m18s
143550K .......... .......... .......... .......... .......... 86%  766K 2m18s
143600K .......... .......... .......... .......... .......... 86%  271K 2m18s
143650K .......... .......... .......... .......... .......... 86%  674K 2m17s
143700K .......... .......... .......... .......... .......... 86%  409K 2m17s
143750K .......... .......... .......... .......... .......... 86%  340K 2m17s
143800K .......... .......... .......... .......... .......... 86%  412K 2m16s
143850K .......... .......... .......... .......... .......... 86%  452K 2m16s
143900K .......... .......... .......... .......... .......... 86%  405K 2m16s
143950K .......... .......... .......... .......... .......... 86%  294K 2m15s
144000K .......... .......... .......... .......... .......... 86%  372K 2m15s
144050K .......... .......... .......... .......... .......... 86%  158K 2m15s
144100K .......... .......... .......... .......... .......... 86%  240K 2m14s
144150K .......... .......... .......... .......... .......... 86%  342K 2m14s
144200K .......... .......... .......... .......... .......... 86%  468K 2m14s
144250K .......... .......... .......... .......... .......... 86%  517K 2m13s
144300K .......... .......... .......... .......... .......... 86%  506K 2m13s
144350K .......... .......... .......... .......... .......... 86%  340K 2m13s
144400K .......... .......... .......... .......... .......... 86%  499K 2m12s
144450K .......... .......... .......... .......... .......... 86%  235K 2m12s
144500K .......... .......... .......... .......... .......... 86%  265K 2m12s
144550K .......... .......... .......... .......... .......... 86%  448K 2m11s
144600K .......... .......... .......... .......... .......... 87%  435K 2m11s
144650K .......... .......... .......... .......... .......... 87%  201K 2m11s
144700K .......... .......... .......... .......... .......... 87%  560K 2m10s
144750K .......... .......... .......... .......... .......... 87%  175K 2m10s
144800K .......... .......... .......... .......... .......... 87%  391K 2m10s
144850K .......... .......... .......... .......... .......... 87%  156K 2m9s
144900K .......... .......... .......... .......... .......... 87%  310K 2m9s
144950K .......... .......... .......... .......... .......... 87%  290K 2m9s
145000K .......... .......... .......... .......... .......... 87%  362K 2m8s
145050K .......... .......... .......... .......... .......... 87%  538K 2m8s
145100K .......... .......... .......... .......... .......... 87%  387K 2m8s
145150K .......... .......... .......... .......... .......... 87%  302K 2m7s
145200K .......... .......... .......... .......... .......... 87%  147K 2m7s
145250K .......... .......... .......... .......... .......... 87%  699K 2m7s
145300K .......... .......... .......... .......... .......... 87%  335K 2m6s
145350K .......... .......... .......... .......... .......... 87%  302K 2m6s
145400K .......... .......... .......... .......... .......... 87%  431K 2m6s
145450K .......... .......... .......... .......... .......... 87%  344K 2m6s
145500K .......... .......... .......... .......... .......... 87%  785K 2m5s
145550K .......... .......... .......... .......... .......... 87%  430K 2m5s
145600K .......... .......... .......... .......... .......... 87%  410K 2m5s
145650K .......... .......... .......... .......... .......... 87%  540K 2m4s
145700K .......... .......... .......... .......... .......... 87%  317K 2m4s
145750K .......... .......... .......... .......... .......... 87%  169K 2m4s
145800K .......... .......... .......... .......... .......... 87%  408K 2m3s
145850K .......... .......... .......... .......... .......... 87%  415K 2m3s
145900K .......... .......... .......... .......... .......... 87%  394K 2m3s
145950K .......... .......... .......... .......... .......... 87%  342K 2m2s
146000K .......... .......... .......... .......... .......... 87%  218K 2m2s
146050K .......... .......... .......... .......... .......... 87%  366K 2m2s
146100K .......... .......... .......... .......... .......... 87%  167K 2m1s
146150K .......... .......... .......... .......... .......... 87%  206K 2m1s
146200K .......... .......... .......... .......... .......... 87%  435K 2m1s
146250K .......... .......... .......... .......... .......... 87%  302K 2m0s
146300K .......... .......... .......... .......... .......... 88%  583K 2m0s
146350K .......... .......... .......... .......... .......... 88%  272K 2m0s
146400K .......... .......... .......... .......... .......... 88%  456K 1m59s
146450K .......... .......... .......... .......... .......... 88%  407K 1m59s
146500K .......... .......... .......... .......... .......... 88%  499K 1m59s
146550K .......... .......... .......... .......... .......... 88%  434K 1m58s
146600K .......... .......... .......... .......... .......... 88%  339K 1m58s
146650K .......... .......... .......... .......... .......... 88%  450K 1m58s
146700K .......... .......... .......... .......... .......... 88%  400K 1m57s
146750K .......... .......... .......... .......... .......... 88%  426K 1m57s
146800K .......... .......... .......... .......... .......... 88%  477K 1m57s
146850K .......... .......... .......... .......... .......... 88%  517K 1m56s
146900K .......... .......... .......... .......... .......... 88%  325K 1m56s
146950K .......... .......... .......... .......... .......... 88%  645K 1m56s
147000K .......... .......... .......... .......... .......... 88%  240K 1m55s
147050K .......... .......... .......... .......... .......... 88%  360K 1m55s
147100K .......... .......... .......... .......... .......... 88%  302K 1m55s
147150K .......... .......... .......... .......... .......... 88%  354K 1m55s
147200K .......... .......... .......... .......... .......... 88%  240K 1m54s
147250K .......... .......... .......... .......... .......... 88%  444K 1m54s
147300K .......... .......... .......... .......... .......... 88%  746K 1m54s
147350K .......... .......... .......... .......... .......... 88%  276K 1m53s
147400K .......... .......... .......... .......... .......... 88%  445K 1m53s
147450K .......... .......... .......... .......... .......... 88%  154K 1m53s
147500K .......... .......... .......... .......... .......... 88%  412K 1m52s
147550K .......... .......... .......... .......... .......... 88%  461K 1m52s
147600K .......... .......... .......... .......... .......... 88%  217K 1m52s
147650K .......... .......... .......... .......... .......... 88%  693K 1m51s
147700K .......... .......... .......... .......... .......... 88%  166K 1m51s
147750K .......... .......... .......... .......... .......... 88%  483K 1m51s
147800K .......... .......... .......... .......... .......... 88%  266K 1m50s
147850K .......... .......... .......... .......... .......... 88%  181K 1m50s
147900K .......... .......... .......... .......... .......... 88%  242K 1m50s
147950K .......... .......... .......... .......... .......... 89%  178K 1m49s
148000K .......... .......... .......... .......... .......... 89%  382K 1m49s
148050K .......... .......... .......... .......... .......... 89%  166K 1m49s
148100K .......... .......... .......... .......... .......... 89%  190K 1m49s
148150K .......... .......... .......... .......... .......... 89%  321K 1m48s
148200K .......... .......... .......... .......... .......... 89%  171K 1m48s
148250K .......... .......... .......... .......... .......... 89%  276K 1m48s
148300K .......... .......... .......... .......... .......... 89%  321K 1m47s
148350K .......... .......... .......... .......... .......... 89%  314K 1m47s
148400K .......... .......... .......... .......... .......... 89%  236K 1m47s
148450K .......... .......... .......... .......... .......... 89%  206K 1m46s
148500K .......... .......... .......... .......... .......... 89%  280K 1m46s
148550K .......... .......... .......... .......... .......... 89%  141K 1m46s
148600K .......... .......... .......... .......... .......... 89%  314K 1m45s
148650K .......... .......... .......... .......... .......... 89%  205K 1m45s
148700K .......... .......... .......... .......... .......... 89%  101K 1m45s
148750K .......... .......... .......... .......... .......... 89% 85.6K 1m45s
148800K .......... .......... .......... .......... .......... 89%  219K 1m44s
148850K .......... .......... .......... .......... .......... 89%  116K 1m44s
148900K .......... .......... .......... .......... .......... 89%  301K 1m44s
148950K .......... .......... .......... .......... .......... 89%  340K 1m43s
149000K .......... .......... .......... .......... .......... 89%  236K 1m43s
149050K .......... .......... .......... .......... .......... 89%  218K 1m43s
149100K .......... .......... .......... .......... .......... 89%  106K 1m42s
149150K .......... .......... .......... .......... .......... 89%  176K 1m42s
149200K .......... .......... .......... .......... .......... 89%  240K 1m42s
149250K .......... .......... .......... .......... .......... 89%  270K 1m42s
149300K .......... .......... .......... .......... .......... 89%  286K 1m41s
149350K .......... .......... .......... .......... .......... 89%  161K 1m41s
149400K .......... .......... .......... .......... .......... 89%  493K 1m41s
149450K .......... .......... .......... .......... .......... 89%  146K 1m40s
149500K .......... .......... .......... .......... .......... 89%  621K 1m40s
149550K .......... .......... .......... .......... .......... 89%  217K 1m40s
149600K .......... .......... .......... .......... .......... 90%  590K 99s
149650K .......... .......... .......... .......... .......... 90%  162K 99s
149700K .......... .......... .......... .......... .......... 90%  335K 99s
149750K .......... .......... .......... .......... .......... 90%  144K 98s
149800K .......... .......... .......... .......... .......... 90% 79.2K 98s
149850K .......... .......... .......... .......... .......... 90%  235K 98s
149900K .......... .......... .......... .......... .......... 90%  455K 98s
149950K .......... .......... .......... .......... .......... 90%  135K 97s
150000K .......... .......... .......... .......... .......... 90%  134K 97s
150050K .......... .......... .......... .......... .......... 90%  166K 97s
150100K .......... .......... .......... .......... .......... 90%  115K 96s
150150K .......... .......... .......... .......... .......... 90%  144K 96s
150200K .......... .......... .......... .......... .......... 90%  269K 96s
150250K .......... .......... .......... .......... .......... 90%  307K 95s
150300K .......... .......... .......... .......... .......... 90%  259K 95s
150350K .......... .......... .......... .......... .......... 90%  348K 95s
150400K .......... .......... .......... .......... .......... 90%  140K 95s
150450K .......... .......... .......... .......... .......... 90%  222K 94s
150500K .......... .......... .......... .......... .......... 90%  116K 94s
150550K .......... .......... .......... .......... .......... 90%  289K 94s
150600K .......... .......... .......... .......... .......... 90%  260K 93s
150650K .......... .......... .......... .......... .......... 90%  125K 93s
150700K .......... .......... .......... .......... .......... 90%  370K 93s
150750K .......... .......... .......... .......... .......... 90%  392K 92s
150800K .......... .......... .......... .......... .......... 90%  221K 92s
150850K .......... .......... .......... .......... .......... 90%  151K 92s
150900K .......... .......... .......... .......... .......... 90%  171K 92s
150950K .......... .......... .......... .......... .......... 90%  370K 91s
151000K .......... .......... .......... .......... .......... 90%  285K 91s
151050K .......... .......... .......... .......... .......... 90%  325K 91s
151100K .......... .......... .......... .......... .......... 90%  217K 90s
151150K .......... .......... .......... .......... .......... 90%  174K 90s
151200K .......... .......... .......... .......... .......... 90%  285K 90s
151250K .......... .......... .......... .......... .......... 91%  300K 89s
151300K .......... .......... .......... .......... .......... 91%  169K 89s
151350K .......... .......... .......... .......... .......... 91%  233K 89s
151400K .......... .......... .......... .......... .......... 91%  154K 88s
151450K .......... .......... .......... .......... .......... 91%  232K 88s
151500K .......... .......... .......... .......... .......... 91%  438K 88s
151550K .......... .......... .......... .......... .......... 91% 43.1K 88s
151600K .......... .......... .......... .......... .......... 91% 72.5K 87s
151650K .......... .......... .......... .......... .......... 91% 61.5K 87s
151700K .......... .......... .......... .......... .......... 91% 89.5K 87s
151750K .......... .......... .......... .......... .......... 91% 60.7K 87s
151800K .......... .......... .......... .......... .......... 91% 43.4K 86s
151850K .......... .......... .......... .......... .......... 91% 30.8K 86s
151900K .......... .......... .......... .......... .......... 91%  169K 86s
151950K .......... .......... .......... .......... .......... 91%  128K 86s
152000K .......... .......... .......... .......... .......... 91%  130K 85s
152050K .......... .......... .......... .......... .......... 91% 64.6K 85s
152100K .......... .......... .......... .......... .......... 91%  189K 85s
152150K .......... .......... .......... .......... .......... 91%  114K 84s
152200K .......... .......... .......... .......... .......... 91% 34.5K 84s
152250K .......... .......... .......... .......... .......... 91%  116K 84s
152300K .......... .......... .......... .......... .......... 91% 65.8K 84s
152350K .......... .......... .......... .......... .......... 91% 69.9K 83s
152400K .......... .......... .......... .......... .......... 91%  125K 83s
152450K .......... .......... .......... .......... .......... 91% 95.3K 83s
152500K .......... .......... .......... .......... .......... 91% 50.9K 83s
152550K .......... .......... .......... .......... .......... 91% 65.7K 82s
152600K .......... .......... .......... .......... .......... 91% 83.8K 82s
152650K .......... .......... .......... .......... .......... 91% 67.2K 82s
152700K .......... .......... .......... .......... .......... 91% 44.5K 82s
152750K .......... .......... .......... .......... .......... 91% 47.6K 81s
152800K .......... .......... .......... .......... .......... 91% 75.5K 81s
152850K .......... .......... .......... .......... .......... 91% 65.9K 81s
152900K .......... .......... .......... .......... .......... 91% 86.7K 81s
152950K .......... .......... .......... .......... .......... 92%  512K 80s
153000K .......... .......... .......... .......... .......... 92% 67.4K 80s
153050K .......... .......... .......... .......... .......... 92%  214K 80s
153100K .......... .......... .......... .......... .......... 92% 23.9K 80s
153150K .......... .......... .......... .......... .......... 92%  151K 79s
153200K .......... .......... .......... .......... .......... 92% 32.8K 79s
153250K .......... .......... .......... .......... .......... 92% 76.1K 79s
153300K .......... .......... .......... .......... .......... 92%  125K 78s
153350K .......... .......... .......... .......... .......... 92%  122K 78s
153400K .......... .......... .......... .......... .......... 92% 43.1K 78s
153450K .......... .......... .......... .......... .......... 92% 40.1K 78s
153500K .......... .......... .......... .......... .......... 92%  110K 77s
153550K .......... .......... .......... .......... .......... 92%  132K 77s
153600K .......... .......... .......... .......... .......... 92%  134K 77s
153650K .......... .......... .......... .......... .......... 92%  174K 76s
153700K .......... .......... .......... .......... .......... 92%  109K 76s
153750K .......... .......... .......... .......... .......... 92% 40.8K 76s
153800K .......... .......... .......... .......... .......... 92% 53.8K 76s
153850K .......... .......... .......... .......... .......... 92% 68.0K 75s
153900K .......... .......... .......... .......... .......... 92% 44.3K 75s
153950K .......... .......... .......... .......... .......... 92%  160K 75s
154000K .......... .......... .......... .......... .......... 92% 38.6K 75s
154050K .......... .......... .......... .......... .......... 92%  117K 74s
154100K .......... .......... .......... .......... .......... 92% 55.5K 74s
154150K .......... .......... .......... .......... .......... 92%  121K 74s
154200K .......... .......... .......... .......... .......... 92%  131K 74s
154250K .......... .......... .......... .......... .......... 92%  105K 73s
154300K .......... .......... .......... .......... .......... 92%  320K 73s
154350K .......... .......... .......... .......... .......... 92% 86.0K 73s
154400K .......... .......... .......... .......... .......... 92%  155K 72s
154450K .......... .......... .......... .......... .......... 92% 40.2K 72s
154500K .......... .......... .......... .......... .......... 92% 42.2K 72s
154550K .......... .......... .......... .......... .......... 92% 82.1K 72s
154600K .......... .......... .......... .......... .......... 93% 90.9K 71s
154650K .......... .......... .......... .......... .......... 93% 55.5K 71s
154700K .......... .......... .......... .......... .......... 93% 69.8K 71s
154750K .......... .......... .......... .......... .......... 93% 63.2K 70s
154800K .......... .......... .......... .......... .......... 93% 48.3K 70s
154850K .......... .......... .......... .......... .......... 93% 40.7K 70s
154900K .......... .......... .......... .......... .......... 93%  169K 70s
154950K .......... .......... .......... .......... .......... 93%  112K 69s
155000K .......... .......... .......... .......... .......... 93%  209K 69s
155050K .......... .......... .......... .......... .......... 93% 85.9K 69s
155100K .......... .......... .......... .......... .......... 93% 44.3K 69s
155150K .......... .......... .......... .......... .......... 93% 58.6K 68s
155200K .......... .......... .......... .......... .......... 93% 67.7K 68s
155250K .......... .......... .......... .......... .......... 93%  137K 68s
155300K .......... .......... .......... .......... .......... 93% 41.9K 67s
155350K .......... .......... .......... .......... .......... 93% 70.9K 67s
155400K .......... .......... .......... .......... .......... 93% 79.8K 67s
155450K .......... .......... .......... .......... .......... 93%  350K 67s
155500K .......... .......... .......... .......... .......... 93% 44.1K 66s
155550K .......... .......... .......... .......... .......... 93% 50.7K 66s
155600K .......... .......... .......... .......... .......... 93% 40.3K 66s
155650K .......... .......... .......... .......... .......... 93%  263K 65s
155700K .......... .......... .......... .......... .......... 93%  316K 65s
155750K .......... .......... .......... .......... .......... 93%  284K 65s
155800K .......... .......... .......... .......... .......... 93%  779K 64s
155850K .......... .......... .......... .......... .......... 93%  558K 64s
155900K .......... .......... .......... .......... .......... 93%  267K 64s
155950K .......... .......... .......... .......... .......... 93%  307K 64s
156000K .......... .......... .......... .......... .......... 93%  614K 63s
156050K .......... .......... .......... .......... .......... 93%  336K 63s
156100K .......... .......... .......... .......... .......... 93%  328K 63s
156150K .......... .......... .......... .......... .......... 93%  454K 62s
156200K .......... .......... .......... .......... .......... 93%  259K 62s
156250K .......... .......... .......... .......... .......... 94%  443K 62s
156300K .......... .......... .......... .......... .......... 94%  255K 61s
156350K .......... .......... .......... .......... .......... 94%  142K 61s
156400K .......... .......... .......... .......... .......... 94%  350K 61s
156450K .......... .......... .......... .......... .......... 94%  145K 60s
156500K .......... .......... .......... .......... .......... 94%  298K 60s
156550K .......... .......... .......... .......... .......... 94%  116K 60s
156600K .......... .......... .......... .......... .......... 94%  367K 59s
156650K .......... .......... .......... .......... .......... 94%  397K 59s
156700K .......... .......... .......... .......... .......... 94%  233K 59s
156750K .......... .......... .......... .......... .......... 94%  192K 58s
156800K .......... .......... .......... .......... .......... 94%  308K 58s
156850K .......... .......... .......... .......... .......... 94%  246K 58s
156900K .......... .......... .......... .......... .......... 94%  298K 57s
156950K .......... .......... .......... .......... .......... 94%  387K 57s
157000K .......... .......... .......... .......... .......... 94%  319K 57s
157050K .......... .......... .......... .......... .......... 94%  471K 57s
157100K .......... .......... .......... .......... .......... 94%  223K 56s
157150K .......... .......... .......... .......... .......... 94%  676K 56s
157200K .......... .......... .......... .......... .......... 94%  241K 56s
157250K .......... .......... .......... .......... .......... 94%  393K 55s
157300K .......... .......... .......... .......... .......... 94%  173K 55s
157350K .......... .......... .......... .......... .......... 94%  127K 55s
157400K .......... .......... .......... .......... .......... 94%  180K 54s
157450K .......... .......... .......... .......... .......... 94%  202K 54s
157500K .......... .......... .......... .......... .......... 94%  215K 54s
157550K .......... .......... .......... .......... .......... 94%  610K 53s
157600K .......... .......... .......... .......... .......... 94%  165K 53s
157650K .......... .......... .......... .......... .......... 94%  262K 53s
157700K .......... .......... .......... .......... .......... 94%  209K 52s
157750K .......... .......... .......... .......... .......... 94%  315K 52s
157800K .......... .......... .......... .......... .......... 94%  305K 52s
157850K .......... .......... .......... .......... .......... 94%  485K 52s
157900K .......... .......... .......... .......... .......... 95%  430K 51s
157950K .......... .......... .......... .......... .......... 95%  189K 51s
158000K .......... .......... .......... .......... .......... 95%  423K 51s
158050K .......... .......... .......... .......... .......... 95%  387K 50s
158100K .......... .......... .......... .......... .......... 95%  689K 50s
158150K .......... .......... .......... .......... .......... 95%  364K 50s
158200K .......... .......... .......... .......... .......... 95%  254K 49s
158250K .......... .......... .......... .......... .......... 95%  287K 49s
158300K .......... .......... .......... .......... .......... 95%  109K 49s
158350K .......... .......... .......... .......... .......... 95%  200K 48s
158400K .......... .......... .......... .......... .......... 95%  331K 48s
158450K .......... .......... .......... .......... .......... 95%  279K 48s
158500K .......... .......... .......... .......... .......... 95%  541K 47s
158550K .......... .......... .......... .......... .......... 95%  203K 47s
158600K .......... .......... .......... .......... .......... 95%  252K 47s
158650K .......... .......... .......... .......... .......... 95%  391K 46s
158700K .......... .......... .......... .......... .......... 95%  228K 46s
158750K .......... .......... .......... .......... .......... 95%  297K 46s
158800K .......... .......... .......... .......... .......... 95%  502K 46s
158850K .......... .......... .......... .......... .......... 95%  369K 45s
158900K .......... .......... .......... .......... .......... 95%  228K 45s
158950K .......... .......... .......... .......... .......... 95%  283K 45s
159000K .......... .......... .......... .......... .......... 95%  369K 44s
159050K .......... .......... .......... .......... .......... 95%  104K 44s
159100K .......... .......... .......... .......... .......... 95%  369K 44s
159150K .......... .......... .......... .......... .......... 95%  313K 43s
159200K .......... .......... .......... .......... .......... 95%  365K 43s
159250K .......... .......... .......... .......... .......... 95%  384K 43s
159300K .......... .......... .......... .......... .......... 95%  152K 42s
159350K .......... .......... .......... .......... .......... 95%  277K 42s
159400K .......... .......... .......... .......... .......... 95%  522K 42s
159450K .......... .......... .......... .......... .......... 95%  255K 41s
159500K .......... .......... .......... .......... .......... 95%  288K 41s
159550K .......... .......... .......... .......... .......... 95%  337K 41s
159600K .......... .......... .......... .......... .......... 96%  139K 41s
159650K .......... .......... .......... .......... .......... 96%  381K 40s
159700K .......... .......... .......... .......... .......... 96%  336K 40s
159750K .......... .......... .......... .......... .......... 96%  122K 40s
159800K .......... .......... .......... .......... .......... 96%  203K 39s
159850K .......... .......... .......... .......... .......... 96%  373K 39s
159900K .......... .......... .......... .......... .......... 96%  331K 39s
159950K .......... .......... .......... .......... .......... 96%  143K 38s
160000K .......... .......... .......... .......... .......... 96% 49.3K 38s
160050K .......... .......... .......... .......... .......... 96%  657K 38s
160100K .......... .......... .......... .......... .......... 96%  564K 37s
160150K .......... .......... .......... .......... .......... 96%  217K 37s
160200K .......... .......... .......... .......... .......... 96%  125K 37s
160250K .......... .......... .......... .......... .......... 96%  173K 37s
160300K .......... .......... .......... .......... .......... 96%  266K 36s
160350K .......... .......... .......... .......... .......... 96%  117K 36s
160400K .......... .......... .......... .......... .......... 96%  241K 36s
160450K .......... .......... .......... .......... .......... 96%  119K 35s
160500K .......... .......... .......... .......... .......... 96%  191K 35s
160550K .......... .......... .......... .......... .......... 96%  248K 35s
160600K .......... .......... .......... .......... .......... 96% 62.6K 34s
160650K .......... .......... .......... .......... .......... 96%  477K 34s
160700K .......... .......... .......... .......... .......... 96%  157K 34s
160750K .......... .......... .......... .......... .......... 96%  117K 33s
160800K .......... .......... .......... .......... .......... 96%  498K 33s
160850K .......... .......... .......... .......... .......... 96% 44.7K 33s
160900K .......... .......... .......... .......... .......... 96%  370K 33s
160950K .......... .......... .......... .......... .......... 96%  125K 32s
161000K .......... .......... .......... .......... .......... 96%  195K 32s
161050K .......... .......... .......... .......... .......... 96%  148K 32s
161100K .......... .......... .......... .......... .......... 96% 62.8K 31s
161150K .......... .......... .......... .......... .......... 96%  189K 31s
161200K .......... .......... .......... .......... .......... 96%  204K 31s
161250K .......... .......... .......... .......... .......... 97%  117K 30s
161300K .......... .......... .......... .......... .......... 97%  537K 30s
161350K .......... .......... .......... .......... .......... 97%  250K 30s
161400K .......... .......... .......... .......... .......... 97%  430K 30s
161450K .......... .......... .......... .......... .......... 97%  107K 29s
161500K .......... .......... .......... .......... .......... 97%  539K 29s
161550K .......... .......... .......... .......... .......... 97%  165K 29s
161600K .......... .......... .......... .......... .......... 97%  257K 28s
161650K .......... .......... .......... .......... .......... 97%  181K 28s
161700K .......... .......... .......... .......... .......... 97%  192K 28s
161750K .......... .......... .......... .......... .......... 97%  178K 27s
161800K .......... .......... .......... .......... .......... 97%  217K 27s
161850K .......... .......... .......... .......... .......... 97%  433K 27s
161900K .......... .......... .......... .......... .......... 97%  168K 26s
161950K .......... .......... .......... .......... .......... 97%  103K 26s
162000K .......... .......... .......... .......... .......... 97% 73.2K 26s
162050K .......... .......... .......... .......... .......... 97% 65.8K 26s
162100K .......... .......... .......... .......... .......... 97%  280K 25s
162150K .......... .......... .......... .......... .......... 97%  130K 25s
162200K .......... .......... .......... .......... .......... 97%  326K 25s
162250K .......... .......... .......... .......... .......... 97%  154K 24s
162300K .......... .......... .......... .......... .......... 97%  122K 24s
162350K .......... .......... .......... .......... .......... 97%  384K 24s
162400K .......... .......... .......... .......... .......... 97%  235K 23s
162450K .......... .......... .......... .......... .......... 97%  102K 23s
162500K .......... .......... .......... .......... .......... 97% 79.2K 23s
162550K .......... .......... .......... .......... .......... 97%  440K 22s
162600K .......... .......... .......... .......... .......... 97%  118K 22s
162650K .......... .......... .......... .......... .......... 97%  125K 22s
162700K .......... .......... .......... .......... .......... 97%  187K 22s
162750K .......... .......... .......... .......... .......... 97%  205K 21s
162800K .......... .......... .......... .......... .......... 97%  201K 21s
162850K .......... .......... .......... .......... .......... 97%  193K 21s
162900K .......... .......... .......... .......... .......... 98% 65.1K 20s
162950K .......... .......... .......... .......... .......... 98% 97.6K 20s
163000K .......... .......... .......... .......... .......... 98% 93.3K 20s
163050K .......... .......... .......... .......... .......... 98% 95.6K 19s
163100K .......... .......... .......... .......... .......... 98%  102K 19s
163150K .......... .......... .......... .......... .......... 98%  302K 19s
163200K .......... .......... .......... .......... .......... 98%  372K 18s
163250K .......... .......... .......... .......... .......... 98% 89.7K 18s
163300K .......... .......... .......... .......... .......... 98% 65.9K 18s
163350K .......... .......... .......... .......... .......... 98%  222K 18s
163400K .......... .......... .......... .......... .......... 98% 71.6K 17s
163450K .......... .......... .......... .......... .......... 98%  395K 17s
163500K .......... .......... .......... .......... .......... 98%  116K 17s
163550K .......... .......... .......... .......... .......... 98%  163K 16s
163600K .......... .......... .......... .......... .......... 98% 78.5K 16s
163650K .......... .......... .......... .......... .......... 98%  151K 16s
163700K .......... .......... .......... .......... .......... 98% 54.4K 15s
163750K .......... .......... .......... .......... .......... 98% 72.6K 15s
163800K .......... .......... .......... .......... .......... 98%  294K 15s
163850K .......... .......... .......... .......... .......... 98%  179K 15s
163900K .......... .......... .......... .......... .......... 98%  624K 14s
163950K .......... .......... .......... .......... .......... 98%  316K 14s
164000K .......... .......... .......... .......... .......... 98%  486K 14s
164050K .......... .......... .......... .......... .......... 98%  321K 13s
164100K .......... .......... .......... .......... .......... 98%  266K 13s
164150K .......... .......... .......... .......... .......... 98%  362K 13s
164200K .......... .......... .......... .......... .......... 98%  139K 12s
164250K .......... .......... .......... .......... .......... 98%  478K 12s
164300K .......... .......... .......... .......... .......... 98%  451K 12s
164350K .......... .......... .......... .......... .......... 98%  151K 11s
164400K .......... .......... .......... .......... .......... 98%  147K 11s
164450K .......... .......... .......... .......... .......... 98%  307K 11s
164500K .......... .......... .......... .......... .......... 98%  159K 10s
164550K .......... .......... .......... .......... .......... 99% 78.4K 10s
164600K .......... .......... .......... .......... .......... 99%  389K 10s
164650K .......... .......... .......... .......... .......... 99%  381K 10s
164700K .......... .......... .......... .......... .......... 99%  181K 9s
164750K .......... .......... .......... .......... .......... 99%  158K 9s
164800K .......... .......... .......... .......... .......... 99%  174K 9s
164850K .......... .......... .......... .......... .......... 99%  236K 8s
164900K .......... .......... .......... .......... .......... 99%  512K 8s
164950K .......... .......... .......... .......... .......... 99% 91.8K 8s
165000K .......... .......... .......... .......... .......... 99%  328K 7s
165050K .......... .......... .......... .......... .......... 99%  490K 7s
165100K .......... .......... .......... .......... .......... 99% 78.6K 7s
165150K .......... .......... .......... .......... .......... 99%  572K 6s
165200K .......... .......... .......... .......... .......... 99%  217K 6s
165250K .......... .......... .......... .......... .......... 99%  180K 6s
165300K .......... .......... .......... .......... .......... 99%  137K 6s
165350K .......... .......... .......... .......... .......... 99%  144K 5s
165400K .......... .......... .......... .......... .......... 99%  157K 5s
165450K .......... .......... .......... .......... .......... 99%  160K 5s
165500K .......... .......... .......... .......... .......... 99%  732K 4s
165550K .......... .......... .......... .......... .......... 99%  129K 4s
165600K .......... .......... .......... .......... .......... 99%  317K 4s
165650K .......... .......... .......... .......... .......... 99%  107K 3s
165700K .......... .......... .......... .......... .......... 99%  229K 3s
165750K .......... .......... .......... .......... .......... 99%  239K 3s
165800K .......... .......... .......... .......... .......... 99%  335K 2s
165850K .......... .......... .......... .......... .......... 99%  224K 2s
165900K .......... .......... .......... .......... .......... 99%  137K 2s
165950K .......... .......... .......... .......... .......... 99%  325K 2s
166000K .......... .......... .......... .......... .......... 99%  151K 1s
166050K .......... .......... .......... .......... .......... 99% 77.3K 1s
166100K .......... .......... .......... .......... .......... 99%  189K 1s
166150K .......... .......... .......... .......... .......... 99%  128K 0s
166200K .......... .......... .......... .......... .......... 99%  581K 0s
166250K ...                                                   100% 6.01T=17m3s

