
     0K .......... .......... .......... .......... ..........  0%  734K 8s
    50K .......... .......... .......... .......... ..........  1%  254K 15s
   100K .......... .......... .......... .......... ..........  2%  175K 21s
   150K .......... .......... .......... .......... ..........  3%  209K 22s
   200K .......... .......... .......... .......... ..........  4%  233K 22s
   250K .......... .......... .......... .......... ..........  5%  429K 21s
   300K .......... .......... .......... .......... ..........  6%  192K 22s
   350K .......... .......... .......... .......... ..........  6%  391K 20s
   400K .......... .......... .......... .......... ..........  7%  395K 19s
   450K .......... .......... .......... .......... ..........  8%  276K 19s
   500K .......... .......... .......... .......... ..........  9%  227K 19s
   550K .......... .......... .......... .......... .......... 10%  168K 20s
   600K .......... .......... .......... .......... .......... 11%  261K 20s
   650K .......... .......... .......... .......... .......... 12%  163K 21s
   700K .......... .......... .......... .......... .......... 12%  196K 21s
   750K .......... .......... .......... .......... .......... 13%  152K 21s
   800K .......... .......... .......... .......... .......... 14%  398K 21s
   850K .......... .......... .......... .......... .......... 15%  186K 21s
   900K .......... .......... .......... .......... .......... 16%  211K 21s
   950K .......... .......... .......... .......... .......... 17%  191K 21s
  1000K .......... .......... .......... .......... .......... 18%  249K 20s
  1050K .......... .......... .......... .......... .......... 18%  349K 20s
  1100K .......... .......... .......... .......... .......... 19%  268K 20s
  1150K .......... .......... .......... .......... .......... 20%  572K 19s
  1200K .......... .......... .......... .......... .......... 21%  172K 19s
  1250K .......... .......... .......... .......... .......... 22%  208K 19s
  1300K .......... .......... .......... .......... .......... 23%  284K 19s
  1350K .......... .......... .......... .......... .......... 24%  272K 18s
  1400K .......... .......... .......... .......... .......... 24%  271K 18s
  1450K .......... .......... .......... .......... .......... 25%  289K 18s
  1500K .......... .......... .......... .......... .......... 26%  382K 17s
  1550K .......... .......... .......... .......... .......... 27%  112K 18s
  1600K .......... .......... .......... .......... .......... 28%  123K 18s
  1650K .......... .......... .......... .......... .......... 29%  286K 18s
  1700K .......... .......... .......... .......... .......... 30%  218K 18s
  1750K .......... .......... .......... .......... .......... 31%  276K 17s
  1800K .......... .......... .......... .......... .......... 31%  277K 17s
  1850K .......... .......... .......... .......... .......... 32%  268K 17s
  1900K .......... .......... .......... .......... .......... 33%  149K 17s
  1950K .......... .......... .......... .......... .......... 34%  326K 16s
  2000K .......... .......... .......... .......... .......... 35%  249K 16s
  2050K .......... .......... .......... .......... .......... 36%  601K 16s
  2100K .......... .......... .......... .......... .......... 37%  207K 16s
  2150K .......... .......... .......... .......... .......... 37%  242K 15s
  2200K .......... .......... .......... .......... .......... 38%  320K 15s
  2250K .......... .......... .......... .......... .......... 39%  384K 15s
  2300K .......... .......... .......... .......... .......... 40%  374K 14s
  2350K .......... .......... .......... .......... .......... 41%  197K 14s
  2400K .......... .......... .......... .......... .......... 42%  627K 14s
  2450K .......... .......... .......... .......... .......... 43%  298K 14s
  2500K .......... .......... .......... .......... .......... 43%  373K 13s
  2550K .......... .......... .......... .......... .......... 44%  678K 13s
  2600K .......... .......... .......... .......... .......... 45%  229K 13s
  2650K .......... .......... .......... .......... .......... 46%  240K 13s
  2700K .......... .......... .......... .......... .......... 47%  273K 12s
  2750K .......... .......... .......... .......... .......... 48%  498K 12s
  2800K .......... .......... .......... .......... .......... 49%  192K 12s
  2850K .......... .......... .......... .......... .......... 49%  246K 12s
  2900K .......... .......... .......... .......... .......... 50%  410K 11s
  2950K .......... .......... .......... .......... .......... 51%  215K 11s
  3000K .......... .......... .......... .......... .......... 52%  243K 11s
  3050K .......... .......... .......... .......... .......... 53%  275K 11s
  3100K .......... .......... .......... .......... .......... 54%  306K 11s
  3150K .......... .......... .......... .......... .......... 55%  164K 10s
  3200K .......... .......... .......... .......... .......... 56%  212K 10s
  3250K .......... .......... .......... .......... .......... 56%  121K 10s
  3300K .......... .......... .......... .......... .......... 57%  127K 10s
  3350K .......... .......... .......... .......... .......... 58%  195K 10s
  3400K .......... .......... .......... .......... .......... 59%  488K 10s
  3450K .......... .......... .......... .......... .......... 60%  299K 9s
  3500K .......... .......... .......... .......... .......... 61%  715K 9s
  3550K .......... .......... .......... .......... .......... 62%  376K 9s
  3600K .......... .......... .......... .......... .......... 62%  349K 9s
  3650K .......... .......... .......... .......... .......... 63%  137K 9s
  3700K .......... .......... .......... .......... .......... 64%  255K 8s
  3750K .......... .......... .......... .......... .......... 65%  409K 8s
  3800K .......... .......... .......... .......... .......... 66%  149K 8s
  3850K .......... .......... .......... .......... .......... 67%  120K 8s
  3900K .......... .......... .......... .......... .......... 68%  228K 8s
  3950K .......... .......... .......... .......... .......... 68%  119K 8s
  4000K .......... .......... .......... .......... .......... 69%  270K 7s
  4050K .......... .......... .......... .......... .......... 70%  102K 7s
  4100K .......... .......... .......... .......... .......... 71%  599K 7s
  4150K .......... .......... .......... .......... .......... 72%  161K 7s
  4200K .......... .......... .......... .......... .......... 73%  295K 7s
  4250K .......... .......... .......... .......... .......... 74%  661K 6s
  4300K .......... .......... .......... .......... .......... 74%  380K 6s
  4350K .......... .......... .......... .......... .......... 75%  200K 6s
  4400K .......... .......... .......... .......... .......... 76%  486K 6s
  4450K .......... .......... .......... .......... .......... 77%  506K 5s
  4500K .......... .......... .......... .......... .......... 78%  161K 5s
  4550K .......... .......... .......... .......... .......... 79%  476K 5s
  4600K .......... .......... .......... .......... .......... 80%  140K 5s
  4650K .......... .......... .......... .......... .......... 80%  427K 5s
  4700K .......... .......... .......... .......... .......... 81%  241K 4s
  4750K .......... .......... .......... .......... .......... 82%  179K 4s
  4800K .......... .......... .......... .......... .......... 83%  300K 4s
  4850K .......... .......... .......... .......... .......... 84%  117K 4s
  4900K .......... .......... .......... .......... .......... 85%  316K 4s
  4950K .......... .......... .......... .......... .......... 86%  207K 3s
  5000K .......... .......... .......... .......... .......... 87%  169K 3s
  5050K .......... .......... .......... .......... .......... 87%  628K 3s
  5100K .......... .......... .......... .......... .......... 88%  289K 3s
  5150K .......... .......... .......... .......... .......... 89%  266K 3s
  5200K .......... .......... .......... .......... .......... 90%  289K 2s
  5250K .......... .......... .......... .......... .......... 91%  160K 2s
  5300K .......... .......... .......... .......... .......... 92%  434K 2s
  5350K .......... .......... .......... .......... .......... 93%  348K 2s
  5400K .......... .......... .......... .......... .......... 93%  622K 1s
  5450K .......... .......... .......... .......... .......... 94%  208K 1s
  5500K .......... .......... .......... .......... .......... 95%  471K 1s
  5550K .......... .......... .......... .......... .......... 96%  204K 1s
  5600K .......... .......... .......... .......... .......... 97%  213K 1s
  5650K .......... .......... .......... .......... .......... 98%  625K 0s
  5700K .......... .......... .......... .......... .......... 99%  327K 0s
  5750K .......... .......... .......... .......... .......... 99%  187K 0s
  5800K ...                                                   100% 5.94T=24s


     0K .......... .......... .......... .......... ..........  2%  197K 9s
    50K .......... .......... .......... .......... ..........  5%  509K 6s
   100K .......... .......... .......... .......... ..........  8%  279K 6s
   150K .......... .......... .......... .......... .......... 11%  472K 5s
   200K .......... .......... .......... .......... .......... 14%  587K 4s
   250K .......... .......... .......... .......... .......... 17%  254K 4s
   300K .......... .......... .......... .......... .......... 20%  199K 5s
   350K .......... .......... .......... .......... .......... 22%  470K 4s
   400K .......... .......... .......... .......... .......... 25%  156K 5s
   450K .......... .......... .......... .......... .......... 28%  457K 4s
   500K .......... .......... .......... .......... .......... 31%  439K 4s
   550K .......... .......... .......... .......... .......... 34%  518K 4s
   600K .......... .......... .......... .......... .......... 37%  398K 3s
   650K .......... .......... .......... .......... .......... 40%  368K 3s
   700K .......... .......... .......... .......... .......... 42%  418K 3s
   750K .......... .......... .......... .......... .......... 45%  440K 3s
   800K .......... .......... .......... .......... .......... 48%  392K 3s
   850K .......... .......... .......... .......... .......... 51%  342K 3s
   900K .......... .......... .......... .......... .......... 54%  253K 2s
   950K .......... .......... .......... .......... .......... 57%  371K 2s
  1000K .......... .......... .......... .......... .......... 60%  584K 2s
  1050K .......... .......... .......... .......... .......... 63%  667K 2s
  1100K .......... .......... .......... .......... .......... 65%  276K 2s
  1150K .......... .......... .......... .......... .......... 68%  264K 2s
  1200K .......... .......... .......... .......... .......... 71%  306K 1s
  1250K .......... .......... .......... .......... .......... 74%  338K 1s
  1300K .......... .......... .......... .......... .......... 77%  269K 1s
  1350K .......... .......... .......... .......... .......... 80%  366K 1s
  1400K .......... .......... .......... .......... .......... 83%  320K 1s
  1450K .......... .......... .......... .......... .......... 85%  307K 1s
  1500K .......... .......... .......... .......... .......... 88%  433K 1s
  1550K .......... .......... .......... .......... .......... 91%  354K 0s
  1600K .......... .......... .......... .......... .......... 94%  186K 0s
  1650K .......... .......... .......... .......... .......... 97%  187K 0s
  1700K .......... .......... .......... .......... .....     100%  293K=5.5s


     0K .......... .......... .......... .......... ..........  3%  293K 4s
    50K .......... .......... .......... .......... ..........  7%  147K 6s
   100K .......... .......... .......... .......... .......... 11%  206K 6s
   150K .......... .......... .......... .......... .......... 14%  408K 5s
   200K .......... .......... .......... .......... .......... 18%  201K 5s
   250K .......... .......... .......... .......... .......... 22%  249K 5s
   300K .......... .......... .......... .......... .......... 25%  470K 4s
   350K .......... .......... .......... .......... .......... 29%  545K 4s
   400K .......... .......... .......... .......... .......... 33%  165K 4s
   450K .......... .......... .......... .......... .......... 37%  251K 3s
   500K .......... .......... .......... .......... .......... 40%  427K 3s
   550K .......... .......... .......... .......... .......... 44%  301K 3s
   600K .......... .......... .......... .......... .......... 48%  189K 3s
   650K .......... .......... .......... .......... .......... 51%  352K 3s
   700K .......... .......... .......... .......... .......... 55%  274K 2s
   750K .......... .......... .......... .......... .......... 59%  284K 2s
   800K .......... .......... .......... .......... .......... 63%  127K 2s
   850K .......... .......... .......... .......... .......... 66%  172K 2s
   900K .......... .......... .......... .......... .......... 70%  300K 2s
   950K .......... .......... .......... .......... .......... 74%  424K 1s
  1000K .......... .......... .......... .......... .......... 77%  349K 1s
  1050K .......... .......... .......... .......... .......... 81%  443K 1s
  1100K .......... .......... .......... .......... .......... 85%  105K 1s
  1150K .......... .......... .......... .......... .......... 89%  445K 1s
  1200K .......... .......... .......... .......... .......... 92%  272K 0s
  1250K .......... .......... .......... .......... .......... 96%  351K 0s
  1300K .......... .......... .......... .......... .......   100%  372K=5.3s


     0K .......... .......... .......... .......... .......... 14.5K
    50K .......... .......... .......... .......... .......... 73.2K
   100K .......... .......... .......... .......... .......... 28.0K
   150K .......... .......... .......... .......... .......... 14.0K
   200K .......... .......... .......... .......... .......... 18.5K
   250K .......... .......... .......... .......... .......... 13.0K
   300K .......... .......... .......... .......... .......... 15.2K
   350K .......... .......... .......... .......... .......... 20.6K
   400K .......... .......... .......... .......... .......... 19.9K
   450K .......... .......... .......... .......... .......... 69.3K
   500K .......... .......... .......... .......... .......... 9.39K
   550K .......... .......... .......... .......... .......... 25.3K
   600K .......... .......... .......... .......... .......... 16.8K
   650K .......... .......... .......... .......... .......... 29.2K
   700K .......... .......... .......... .......... .......... 19.1K
   750K .......... .......... .......... .......... .......... 33.2K
   800K .......... .......... .........                        44.1K=42s


     0K .......... .......... .......... .......... ..........  1% 1.14M 3s
    50K .......... .......... .......... .......... ..........  2%  359K 7s
   100K .......... .......... .......... .......... ..........  3%  271K 9s
   150K .......... .......... .......... .......... ..........  5%  586K 8s
   200K .......... .......... .......... .......... ..........  6%  588K 8s
   250K .......... .......... .......... .......... ..........  7%  385K 8s
   300K .......... .......... .......... .......... ..........  9%  453K 8s
   350K .......... .......... .......... .......... .......... 10%  449K 7s
   400K .......... .......... .......... .......... .......... 11%  366K 8s
   450K .......... .......... .......... .......... .......... 13%  229K 8s
   500K .......... .......... .......... .......... .......... 14%  111K 10s
   550K .......... .......... .......... .......... .......... 15%  354K 10s
   600K .......... .......... .......... .......... .......... 17%  374K 9s
   650K .......... .......... .......... .......... .......... 18%  245K 9s
   700K .......... .......... .......... .......... .......... 19%  433K 9s
   750K .......... .......... .......... .......... .......... 21%  288K 9s
   800K .......... .......... .......... .......... .......... 22%  370K 9s
   850K .......... .......... .......... .......... .......... 23%  366K 9s
   900K .......... .......... .......... .......... .......... 25%  229K 9s
   950K .......... .......... .......... .......... .......... 26%  323K 9s
  1000K .......... .......... .......... .......... .......... 27%  580K 8s
  1050K .......... .......... .......... .......... .......... 29%  384K 8s
  1100K .......... .......... .......... .......... .......... 30%  482K 8s
  1150K .......... .......... .......... .......... .......... 31%  398K 8s
  1200K .......... .......... .......... .......... .......... 33%  193K 8s
  1250K .......... .......... .......... .......... .......... 34%  404K 7s
  1300K .......... .......... .......... .......... .......... 35%  381K 7s
  1350K .......... .......... .......... .......... .......... 37%  232K 7s
  1400K .......... .......... .......... .......... .......... 38%  639K 7s
  1450K .......... .......... .......... .......... .......... 39%  241K 7s
  1500K .......... .......... .......... .......... .......... 41%  479K 7s
  1550K .......... .......... .......... .......... .......... 42%  406K 6s
  1600K .......... .......... .......... .......... .......... 43%  276K 6s
  1650K .......... .......... .......... .......... .......... 45%  451K 6s
  1700K .......... .......... .......... .......... .......... 46%  330K 6s
  1750K .......... .......... .......... .......... .......... 47%  341K 6s
  1800K .......... .......... .......... .......... .......... 49%  278K 6s
  1850K .......... .......... .......... .......... .......... 50%  353K 6s
  1900K .......... .......... .......... .......... .......... 51%  242K 5s
  1950K .......... .......... .......... .......... .......... 53%  266K 5s
  2000K .......... .......... .......... .......... .......... 54%  300K 5s
  2050K .......... .......... .......... .......... .......... 55%  348K 5s
  2100K .......... .......... .......... .......... .......... 57%  409K 5s
  2150K .......... .......... .......... .......... .......... 58%  304K 5s
  2200K .......... .......... .......... .......... .......... 59%  343K 5s
  2250K .......... .......... .......... .......... .......... 61%  436K 4s
  2300K .......... .......... .......... .......... .......... 62%  235K 4s
  2350K .......... .......... .......... .......... .......... 63%  368K 4s
  2400K .......... .......... .......... .......... .......... 65%  303K 4s
  2450K .......... .......... .......... .......... .......... 66%  267K 4s
  2500K .......... .......... .......... .......... .......... 67%  333K 4s
  2550K .......... .......... .......... .......... .......... 69%  718K 3s
  2600K .......... .......... .......... .......... .......... 70%  126K 3s
  2650K .......... .......... .......... .......... .......... 71%  337K 3s
  2700K .......... .......... .......... .......... .......... 73%  417K 3s
  2750K .......... .......... .......... .......... .......... 74%  575K 3s
  2800K .......... .......... .......... .......... .......... 75%  264K 3s
  2850K .......... .......... .......... .......... .......... 77%  379K 3s
  2900K .......... .......... .......... .......... .......... 78%  507K 2s
  2950K .......... .......... .......... .......... .......... 79%  336K 2s
  3000K .......... .......... .......... .......... .......... 81%  149K 2s
  3050K .......... .......... .......... .......... .......... 82%  304K 2s
  3100K .......... .......... .......... .......... .......... 83%  220K 2s
  3150K .......... .......... .......... .......... .......... 85%  388K 2s
  3200K .......... .......... .......... .......... .......... 86%  282K 2s
  3250K .......... .......... .......... .......... .......... 87%  463K 1s
  3300K .......... .......... .......... .......... .......... 89%  364K 1s
  3350K .......... .......... .......... .......... .......... 90%  341K 1s
  3400K .......... .......... .......... .......... .......... 91%  345K 1s
  3450K .......... .......... .......... .......... .......... 93%  392K 1s
  3500K .......... .......... .......... .......... .......... 94%  330K 1s
  3550K .......... .......... .......... .......... .......... 95%  128K 0s
  3600K .......... .......... .......... .......... .......... 97%  556K 0s
  3650K .......... .......... .......... .......... .......... 98%  323K 0s
  3700K .......... .......... .......... .......... .......... 99%  237K 0s
  3750K ...                                                   100% 6.29T=12s


     0K .......... .......... .......... .......... ..........  1%  528K 8s
    50K .......... .......... .......... .......... ..........  2%  455K 9s
   100K .......... .......... .......... .......... ..........  3%  309K 10s
   150K .......... .......... .......... .......... ..........  4%  578K 10s
   200K .......... .......... .......... .......... ..........  5%  143K 13s
   250K .......... .......... .......... .......... ..........  6%  364K 13s
   300K .......... .......... .......... .......... ..........  7%  470K 12s
   350K .......... .......... .......... .......... ..........  9%  472K 12s
   400K .......... .......... .......... .......... .......... 10%  307K 12s
   450K .......... .......... .......... .......... .......... 11%  390K 11s
   500K .......... .......... .......... .......... .......... 12%  307K 11s
   550K .......... .......... .......... .......... .......... 13%  115K 13s
   600K .......... .......... .......... .......... .......... 14%  459K 12s
   650K .......... .......... .......... .......... .......... 15%  234K 13s
   700K .......... .......... .......... .......... .......... 16%  373K 12s
   750K .......... .......... .......... .......... .......... 18%  262K 12s
   800K .......... .......... .......... .......... .......... 19%  178K 12s
   850K .......... .......... .......... .......... .......... 20%  221K 13s
   900K .......... .......... .......... .......... .......... 21%  437K 12s
   950K .......... .......... .......... .......... .......... 22%  284K 12s
  1000K .......... .......... .......... .......... .......... 23%  326K 12s
  1050K .......... .......... .......... .......... .......... 24%  479K 11s
  1100K .......... .......... .......... .......... .......... 25%  268K 11s
  1150K .......... .......... .......... .......... .......... 27%  379K 11s
  1200K .......... .......... .......... .......... .......... 28%  291K 11s
  1250K .......... .......... .......... .......... .......... 29%  433K 10s
  1300K .......... .......... .......... .......... .......... 30%  346K 10s
  1350K .......... .......... .......... .......... .......... 31%  184K 10s
  1400K .......... .......... .......... .......... .......... 32%  609K 10s
  1450K .......... .......... .......... .......... .......... 33%  228K 10s
  1500K .......... .......... .......... .......... .......... 35%  359K 10s
  1550K .......... .......... .......... .......... .......... 36%  384K 9s
  1600K .......... .......... .......... .......... .......... 37%  116K 10s
  1650K .......... .......... .......... .......... .......... 38%  422K 9s
  1700K .......... .......... .......... .......... .......... 39%  267K 9s
  1750K .......... .......... .......... .......... .......... 40%  236K 9s
  1800K .......... .......... .......... .......... .......... 41%  151K 9s
  1850K .......... .......... .......... .......... .......... 42%  425K 9s
  1900K .......... .......... .......... .......... .......... 44%  147K 9s
  1950K .......... .......... .......... .......... .......... 45%  316K 9s
  2000K .......... .......... .......... .......... .......... 46%  507K 8s
  2050K .......... .......... .......... .......... .......... 47%  399K 8s
  2100K .......... .......... .......... .......... .......... 48%  355K 8s
  2150K .......... .......... .......... .......... .......... 49%  350K 8s
  2200K .......... .......... .......... .......... .......... 50%  237K 8s
  2250K .......... .......... .......... .......... .......... 51%  380K 7s
  2300K .......... .......... .......... .......... .......... 53%  394K 7s
  2350K .......... .......... .......... .......... .......... 54%  201K 7s
  2400K .......... .......... .......... .......... .......... 55%  340K 7s
  2450K .......... .......... .......... .......... .......... 56%  251K 7s
  2500K .......... .......... .......... .......... .......... 57%  412K 7s
  2550K .......... .......... .......... .......... .......... 58%  410K 6s
  2600K .......... .......... .......... .......... .......... 59%  307K 6s
  2650K .......... .......... .......... .......... .......... 61%  198K 6s
  2700K .......... .......... .......... .......... .......... 62%  259K 6s
  2750K .......... .......... .......... .......... .......... 63%  282K 6s
  2800K .......... .......... .......... .......... .......... 64%  320K 6s
  2850K .......... .......... .......... .......... .......... 65%  379K 5s
  2900K .......... .......... .......... .......... .......... 66%  346K 5s
  2950K .......... .......... .......... .......... .......... 67%  253K 5s
  3000K .......... .......... .......... .......... .......... 68%  316K 5s
  3050K .......... .......... .......... .......... .......... 70%  420K 5s
  3100K .......... .......... .......... .......... .......... 71%  307K 4s
  3150K .......... .......... .......... .......... .......... 72%  478K 4s
  3200K .......... .......... .......... .......... .......... 73%  194K 4s
  3250K .......... .......... .......... .......... .......... 74%  269K 4s
  3300K .......... .......... .......... .......... .......... 75%  424K 4s
  3350K .......... .......... .......... .......... .......... 76%  245K 4s
  3400K .......... .......... .......... .......... .......... 77%  115K 3s
  3450K .......... .......... .......... .......... .......... 79%  303K 3s
  3500K .......... .......... .......... .......... .......... 80%  287K 3s
  3550K .......... .......... .......... .......... .......... 81%  302K 3s
  3600K .......... .......... .......... .......... .......... 82%  316K 3s
  3650K .......... .......... .......... .......... .......... 83%  473K 3s
  3700K .......... .......... .......... .......... .......... 84%  210K 2s
  3750K .......... .......... .......... .......... .......... 85%  357K 2s
  3800K .......... .......... .......... .......... .......... 87%  291K 2s
  3850K .......... .......... .......... .......... .......... 88%  125K 2s
  3900K .......... .......... .......... .......... .......... 89%  465K 2s
  3950K .......... .......... .......... .......... .......... 90%  309K 2s
  4000K .......... .......... .......... .......... .......... 91%  313K 1s
  4050K .......... .......... .......... .......... .......... 92%  305K 1s
  4100K .......... .......... .......... .......... .......... 93%  610K 1s
  4150K .......... .......... .......... .......... .......... 94%  554K 1s
  4200K .......... .......... .......... .......... .......... 96%  299K 1s
  4250K .......... .......... .......... .......... .......... 97%  513K 0s
  4300K .......... .......... .......... .......... .......... 98%  592K 0s
  4350K .......... .......... .......... .......... .......... 99%  269K 0s
  4400K .......... .......... ...                             100%  558K=15s


     0K .......... .......... .......... .......... ..........  6%  935K 1s
    50K .......... .......... .......... .......... .......... 12%  442K 1s
   100K .......... .......... .......... .......... .......... 18%  353K 1s
   150K .......... .......... .......... .......... .......... 24%  563K 1s
   200K .......... .......... .......... .......... .......... 31%  684K 1s
   250K .......... .......... .......... .......... .......... 37%  340K 1s
   300K .......... .......... .......... .......... .......... 43%  658K 1s
   350K .......... .......... .......... .......... .......... 49%  721K 1s
   400K .......... .......... .......... .......... .......... 56%  302K 1s
   450K .......... .......... .......... .......... .......... 62%  377K 1s
   500K .......... .......... .......... .......... .......... 68%  416K 1s
   550K .......... .......... .......... .......... .......... 74%  532K 0s
   600K .......... .......... .......... .......... .......... 81%  349K 0s
   650K .......... .......... .......... .......... .......... 87%  270K 0s
   700K .......... .......... .......... .......... .......... 93%  333K 0s
   750K .......... .......... .......... .......... .......... 99%  406K 0s
   800K .                                                     100% 2.68T=1.9s


     0K .......... .......... .......... .......... ..........  0%  471K 5m53s
    50K .......... .......... .......... .......... ..........  0%  253K 8m24s
   100K .......... .......... .......... .......... ..........  0%  173K 10m56s
   150K .......... .......... .......... .......... ..........  0% 1.01M 8m52s
   200K .......... .......... .......... .......... ..........  0%  305K 8m54s
   250K .......... .......... .......... .......... ..........  0%  396K 8m35s
   300K .......... .......... .......... .......... ..........  0%  264K 8m51s
   350K .......... .......... .......... .......... ..........  0%  338K 8m46s
   400K .......... .......... .......... .......... ..........  0%  303K 8m48s
   450K .......... .......... .......... .......... ..........  0%  231K 9m7s
   500K .......... .......... .......... .......... ..........  0%  261K 9m15s
   550K .......... .......... .......... .......... ..........  0%  159K 9m55s
   600K .......... .......... .......... .......... ..........  0%  402K 9m41s
   650K .......... .......... .......... .......... ..........  0%  252K 9m46s
   700K .......... .......... .......... .......... ..........  0%  155K 10m18s
   750K .......... .......... .......... .......... ..........  0%  165K 10m42s
   800K .......... .......... .......... .......... ..........  0%  314K 10m35s
   850K .......... .......... .......... .......... ..........  0%  229K 10m40s
   900K .......... .......... .......... .......... ..........  0%  176K 10m55s
   950K .......... .......... .......... .......... ..........  0% 62.5K 12m35s
  1000K .......... .......... .......... .......... ..........  0%  663K 12m10s
  1050K .......... .......... .......... .......... ..........  0%  169K 12m21s
  1100K .......... .......... .......... .......... ..........  0%  289K 12m14s
  1150K .......... .......... .......... .......... ..........  0%  437K 11m59s
  1200K .......... .......... .......... .......... ..........  0%  364K 11m48s
  1250K .......... .......... .......... .......... ..........  0%  280K 11m43s
  1300K .......... .......... .......... .......... ..........  0%  408K 11m32s
  1350K .......... .......... .......... .......... ..........  0%  210K 11m35s
  1400K .......... .......... .......... .......... ..........  0%  555K 11m21s
  1450K .......... .......... .......... .......... ..........  0%  133K 11m39s
  1500K .......... .......... .......... .......... ..........  0%  638K 11m25s
  1550K .......... .......... .......... .......... ..........  0%  189K 11m31s
  1600K .......... .......... .......... .......... ..........  0%  278K 11m27s
  1650K .......... .......... .......... .......... ..........  1%  734K 11m14s
  1700K .......... .......... .......... .......... ..........  1%  110K 11m37s
  1750K .......... .......... .......... .......... ..........  1%  211K 11m39s
  1800K .......... .......... .......... .......... ..........  1%  119K 11m57s
  1850K .......... .......... .......... .......... ..........  1%  227K 11m57s
  1900K .......... .......... .......... .......... ..........  1%  300K 11m52s
  1950K .......... .......... .......... .......... ..........  1%  220K 11m53s
  2000K .......... .......... .......... .......... ..........  1%  195K 11m56s
  2050K .......... .......... .......... .......... ..........  1%  318K 11m51s
  2100K .......... .......... .......... .......... ..........  1%  310K 11m47s
  2150K .......... .......... .......... .......... ..........  1%  258K 11m45s
  2200K .......... .......... .......... .......... ..........  1%  130K 11m57s
  2250K .......... .......... .......... .......... ..........  1%  420K 11m50s
  2300K .......... .......... .......... .......... ..........  1%  279K 11m47s
  2350K .......... .......... .......... .......... ..........  1%  125K 11m59s
  2400K .......... .......... .......... .......... ..........  1%  547K 11m50s
  2450K .......... .......... .......... .......... ..........  1%  222K 11m51s
  2500K .......... .......... .......... .......... ..........  1%  269K 11m48s
  2550K .......... .......... .......... .......... ..........  1%  394K 11m43s
  2600K .......... .......... .......... .......... ..........  1%  131K 11m53s
  2650K .......... .......... .......... .......... ..........  1%  418K 11m47s
  2700K .......... .......... .......... .......... ..........  1%  532K 11m39s
  2750K .......... .......... .......... .......... ..........  1%  408K 11m34s
  2800K .......... .......... .......... .......... ..........  1%  182K 11m37s
  2850K .......... .......... .......... .......... ..........  1%  447K 11m31s
  2900K .......... .......... .......... .......... ..........  1%  296K 11m28s
  2950K .......... .......... .......... .......... ..........  1%  305K 11m26s
  3000K .......... .......... .......... .......... ..........  1%  565K 11m19s
  3050K .......... .......... .......... .......... ..........  1%  298K 11m17s
  3100K .......... .......... .......... .......... ..........  1%  176K 11m20s
  3150K .......... .......... .......... .......... ..........  1%  474K 11m15s
  3200K .......... .......... .......... .......... ..........  1%  156K 11m20s
  3250K .......... .......... .......... .......... ..........  1%  425K 11m16s
  3300K .......... .......... .......... .......... ..........  2%  672K 11m9s
  3350K .......... .......... .......... .......... ..........  2%  364K 11m6s
  3400K .......... .......... .......... .......... ..........  2%  196K 11m8s
  3450K .......... .......... .......... .......... ..........  2%  299K 11m6s
  3500K .......... .......... .......... .......... ..........  2%  303K 11m4s
  3550K .......... .......... .......... .......... ..........  2%  421K 11m0s
  3600K .......... .......... .......... .......... ..........  2%  293K 10m58s
  3650K .......... .......... .......... .......... ..........  2%  223K 10m59s
  3700K .......... .......... .......... .......... ..........  2%  308K 10m57s
  3750K .......... .......... .......... .......... ..........  2%  278K 10m56s
  3800K .......... .......... .......... .......... ..........  2%  576K 10m51s
  3850K .......... .......... .......... .......... ..........  2%  381K 10m48s
  3900K .......... .......... .......... .......... ..........  2%  353K 10m45s
  3950K .......... .......... .......... .......... ..........  2%  335K 10m43s
  4000K .......... .......... .......... .......... ..........  2%  234K 10m43s
  4050K .......... .......... .......... .......... ..........  2%  367K 10m41s
  4100K .......... .......... .......... .......... ..........  2%  279K 10m40s
  4150K .......... .......... .......... .......... ..........  2%  665K 10m35s
  4200K .......... .......... .......... .......... ..........  2%  350K 10m32s
  4250K .......... .......... .......... .......... ..........  2%  385K 10m30s
  4300K .......... .......... .......... .......... ..........  2%  441K 10m27s
  4350K .......... .......... .......... .......... ..........  2%  246K 10m27s
  4400K .......... .......... .......... .......... ..........  2%  285K 10m26s
  4450K .......... .......... .......... .......... ..........  2%  184K 10m29s
  4500K .......... .......... .......... .......... ..........  2%  384K 10m26s
  4550K .......... .......... .......... .......... ..........  2%  411K 10m23s
  4600K .......... .......... .......... .......... ..........  2%  263K 10m23s
  4650K .......... .......... .......... .......... ..........  2%  417K 10m20s
  4700K .......... .......... .......... .......... ..........  2%  396K 10m18s
  4750K .......... .......... .......... .......... ..........  2%  530K 10m15s
  4800K .......... .......... .......... .......... ..........  2%  371K 10m13s
  4850K .......... .......... .......... .......... ..........  2%  415K 10m10s
  4900K .......... .......... .......... .......... ..........  2%  292K 10m9s
  4950K .......... .......... .......... .......... ..........  3%  311K 10m8s
  5000K .......... .......... .......... .......... ..........  3%  286K 10m8s
  5050K .......... .......... .......... .......... ..........  3%  373K 10m6s
  5100K .......... .......... .......... .......... ..........  3%  305K 10m5s
  5150K .......... .......... .......... .......... ..........  3%  274K 10m4s
  5200K .......... .......... .......... .......... ..........  3%  250K 10m5s
  5250K .......... .......... .......... .......... ..........  3%  520K 10m2s
  5300K .......... .......... .......... .......... ..........  3%  803K 9m58s
  5350K .......... .......... .......... .......... ..........  3%  210K 9m59s
  5400K .......... .......... .......... .......... ..........  3%  304K 9m58s
  5450K .......... .......... .......... .......... ..........  3%  206K 10m0s
  5500K .......... .......... .......... .......... ..........  3%  240K 10m0s
  5550K .......... .......... .......... .......... ..........  3%  524K 9m57s
  5600K .......... .......... .......... .......... ..........  3%  243K 9m58s
  5650K .......... .......... .......... .......... ..........  3%  460K 9m55s
  5700K .......... .......... .......... .......... ..........  3%  267K 9m55s
  5750K .......... .......... .......... .......... ..........  3%  538K 9m52s
  5800K .......... .......... .......... .......... ..........  3%  374K 9m51s
  5850K .......... .......... .......... .......... ..........  3%  539K 9m48s
  5900K .......... .......... .......... .......... ..........  3%  311K 9m47s
  5950K .......... .......... .......... .......... ..........  3%  224K 9m48s
  6000K .......... .......... .......... .......... ..........  3%  138K 9m53s
  6050K .......... .......... .......... .......... ..........  3%  430K 9m51s
  6100K .......... .......... .......... .......... ..........  3%  329K 9m50s
  6150K .......... .......... .......... .......... ..........  3%  184K 9m52s
  6200K .......... .......... .......... .......... ..........  3%  394K 9m50s
  6250K .......... .......... .......... .......... ..........  3%  326K 9m49s
  6300K .......... .......... .......... .......... ..........  3%  430K 9m47s
  6350K .......... .......... .......... .......... ..........  3%  449K 9m45s
  6400K .......... .......... .......... .......... ..........  3%  343K 9m44s
  6450K .......... .......... .......... .......... ..........  3%  160K 9m47s
  6500K .......... .......... .......... .......... ..........  3%  322K 9m46s
  6550K .......... .......... .......... .......... ..........  3%  391K 9m45s
  6600K .......... .......... .......... .......... ..........  3%  146K 9m48s
  6650K .......... .......... .......... .......... ..........  4%  115K 9m54s
  6700K .......... .......... .......... .......... ..........  4%  253K 9m54s
  6750K .......... .......... .......... .......... ..........  4%  231K 9m55s
  6800K .......... .......... .......... .......... ..........  4%  483K 9m53s
  6850K .......... .......... .......... .......... ..........  4%  315K 9m52s
  6900K .......... .......... .......... .......... ..........  4%  321K 9m51s
  6950K .......... .......... .......... .......... ..........  4%  263K 9m51s
  7000K .......... .......... .......... .......... ..........  4%  491K 9m49s
  7050K .......... .......... .......... .......... ..........  4%  231K 9m49s
  7100K .......... .......... .......... .......... ..........  4%  240K 9m50s
  7150K .......... .......... .......... .......... ..........  4%  336K 9m49s
  7200K .......... .......... .......... .......... ..........  4%  116K 9m54s
  7250K .......... .......... .......... .......... ..........  4%  248K 9m54s
  7300K .......... .......... .......... .......... ..........  4%  538K 9m52s
  7350K .......... .......... .......... .......... ..........  4%  282K 9m51s
  7400K .......... .......... .......... .......... ..........  4%  574K 9m49s
  7450K .......... .......... .......... .......... ..........  4%  356K 9m48s
  7500K .......... .......... .......... .......... ..........  4%  250K 9m48s
  7550K .......... .......... .......... .......... ..........  4%  247K 9m48s
  7600K .......... .......... .......... .......... ..........  4%  288K 9m48s
  7650K .......... .......... .......... .......... ..........  4%  307K 9m47s
  7700K .......... .......... .......... .......... ..........  4%  367K 9m46s
  7750K .......... .......... .......... .......... ..........  4%  173K 9m48s
  7800K .......... .......... .......... .......... ..........  4%  336K 9m47s
  7850K .......... .......... .......... .......... ..........  4%  265K 9m47s
  7900K .......... .......... .......... .......... ..........  4%  164K 9m49s
  7950K .......... .......... .......... .......... ..........  4%  290K 9m49s
  8000K .......... .......... .......... .......... ..........  4%  414K 9m47s
  8050K .......... .......... .......... .......... ..........  4%  355K 9m46s
  8100K .......... .......... .......... .......... ..........  4%  304K 9m46s
  8150K .......... .......... .......... .......... ..........  4%  322K 9m45s
  8200K .......... .......... .......... .......... ..........  4%  322K 9m44s
  8250K .......... .......... .......... .......... ..........  4%  603K 9m42s
  8300K .......... .......... .......... .......... ..........  5%  426K 9m40s
  8350K .......... .......... .......... .......... ..........  5%  207K 9m41s
  8400K .......... .......... .......... .......... ..........  5%  407K 9m40s
  8450K .......... .......... .......... .......... ..........  5%  347K 9m39s
  8500K .......... .......... .......... .......... ..........  5%  592K 9m37s
  8550K .......... .......... .......... .......... ..........  5%  199K 9m38s
  8600K .......... .......... .......... .......... ..........  5%  227K 9m39s
  8650K .......... .......... .......... .......... ..........  5%  382K 9m37s
  8700K .......... .......... .......... .......... ..........  5%  187K 9m39s
  8750K .......... .......... .......... .......... ..........  5%  327K 9m38s
  8800K .......... .......... .......... .......... ..........  5%  458K 9m37s
  8850K .......... .......... .......... .......... ..........  5%  172K 9m38s
  8900K .......... .......... .......... .......... ..........  5%  223K 9m39s
  8950K .......... .......... .......... .......... ..........  5%  135K 9m42s
  9000K .......... .......... .......... .......... ..........  5%  375K 9m41s
  9050K .......... .......... .......... .......... ..........  5%  338K 9m40s
  9100K .......... .......... .......... .......... ..........  5%  128K 9m43s
  9150K .......... .......... .......... .......... ..........  5%  341K 9m43s
  9200K .......... .......... .......... .......... ..........  5%  382K 9m41s
  9250K .......... .......... .......... .......... ..........  5%  168K 9m43s
  9300K .......... .......... .......... .......... ..........  5%  377K 9m42s
  9350K .......... .......... .......... .......... ..........  5%  457K 9m41s
  9400K .......... .......... .......... .......... ..........  5%  344K 9m40s
  9450K .......... .......... .......... .......... ..........  5%  417K 9m38s
  9500K .......... .......... .......... .......... ..........  5%  447K 9m37s
  9550K .......... .......... .......... .......... ..........  5%  328K 9m36s
  9600K .......... .......... .......... .......... ..........  5%  194K 9m37s
  9650K .......... .......... .......... .......... ..........  5%  308K 9m37s
  9700K .......... .......... .......... .......... ..........  5%  266K 9m37s
  9750K .......... .......... .......... .......... ..........  5%  400K 9m36s
  9800K .......... .......... .......... .......... ..........  5%  308K 9m35s
  9850K .......... .......... .......... .......... ..........  5%  197K 9m36s
  9900K .......... .......... .......... .......... ..........  5%  349K 9m35s
  9950K .......... .......... .......... .......... ..........  6%  287K 9m35s
 10000K .......... .......... .......... .......... ..........  6%  231K 9m35s
 10050K .......... .......... .......... .......... ..........  6%  334K 9m34s
 10100K .......... .......... .......... .......... ..........  6%  320K 9m34s
 10150K .......... .......... .......... .......... ..........  6%  239K 9m34s
 10200K .......... .......... .......... .......... ..........  6%  133K 9m37s
 10250K .......... .......... .......... .......... ..........  6%  416K 9m36s
 10300K .......... .......... .......... .......... ..........  6%  520K 9m34s
 10350K .......... .......... .......... .......... ..........  6%  213K 9m35s
 10400K .......... .......... .......... .......... ..........  6%  246K 9m35s
 10450K .......... .......... .......... .......... ..........  6%  545K 9m33s
 10500K .......... .......... .......... .......... ..........  6%  354K 9m32s
 10550K .......... .......... .......... .......... ..........  6%  395K 9m31s
 10600K .......... .......... .......... .......... ..........  6%  510K 9m30s
 10650K .......... .......... .......... .......... ..........  6%  310K 9m29s
 10700K .......... .......... .......... .......... ..........  6%  459K 9m28s
 10750K .......... .......... .......... .......... ..........  6%  754K 9m26s
 10800K .......... .......... .......... .......... ..........  6%  279K 9m26s
 10850K .......... .......... .......... .......... ..........  6%  169K 9m28s
 10900K .......... .......... .......... .......... ..........  6%  339K 9m27s
 10950K .......... .......... .......... .......... ..........  6%  128K 9m30s
 11000K .......... .......... .......... .......... ..........  6%  461K 9m28s
 11050K .......... .......... .......... .......... ..........  6%  329K 9m28s
 11100K .......... .......... .......... .......... ..........  6%  273K 9m28s
 11150K .......... .......... .......... .......... ..........  6%  313K 9m27s
 11200K .......... .......... .......... .......... ..........  6%  298K 9m27s
 11250K .......... .......... .......... .......... ..........  6%  339K 9m26s
 11300K .......... .......... .......... .......... ..........  6%  401K 9m25s
 11350K .......... .......... .......... .......... ..........  6%  175K 9m26s
 11400K .......... .......... .......... .......... ..........  6%  301K 9m26s
 11450K .......... .......... .......... .......... ..........  6%  349K 9m25s
 11500K .......... .......... .......... .......... ..........  6%  428K 9m24s
 11550K .......... .......... .......... .......... ..........  6%  643K 9m23s
 11600K .......... .......... .......... .......... ..........  7%  234K 9m23s
 11650K .......... .......... .......... .......... ..........  7% 63.6K 9m31s
 11700K .......... .......... .......... .......... ..........  7%  191K 9m31s
 11750K .......... .......... .......... .......... ..........  7%  345K 9m31s
 11800K .......... .......... .......... .......... ..........  7%  407K 9m30s
 11850K .......... .......... .......... .......... ..........  7%  167K 9m31s
 11900K .......... .......... .......... .......... ..........  7%  237K 9m31s
 11950K .......... .......... .......... .......... ..........  7%  263K 9m31s
 12000K .......... .......... .......... .......... ..........  7%  255K 9m31s
 12050K .......... .......... .......... .......... ..........  7%  301K 9m31s
 12100K .......... .......... .......... .......... ..........  7%  135K 9m33s
 12150K .......... .......... .......... .......... ..........  7%  292K 9m32s
 12200K .......... .......... .......... .......... ..........  7%  116K 9m35s
 12250K .......... .......... .......... .......... ..........  7%  253K 9m35s
 12300K .......... .......... .......... .......... ..........  7%  439K 9m34s
 12350K .......... .......... .......... .......... ..........  7%  436K 9m33s
 12400K .......... .......... .......... .......... ..........  7%  430K 9m32s
 12450K .......... .......... .......... .......... ..........  7%  229K 9m32s
 12500K .......... .......... .......... .......... ..........  7%  613K 9m31s
 12550K .......... .......... .......... .......... ..........  7%  218K 9m31s
 12600K .......... .......... .......... .......... ..........  7%  336K 9m30s
 12650K .......... .......... .......... .......... ..........  7%  216K 9m31s
 12700K .......... .......... .......... .......... ..........  7%  309K 9m30s
 12750K .......... .......... .......... .......... ..........  7%  366K 9m30s
 12800K .......... .......... .......... .......... ..........  7%  336K 9m29s
 12850K .......... .......... .......... .......... ..........  7%  243K 9m29s
 12900K .......... .......... .......... .......... ..........  7%  173K 9m30s
 12950K .......... .......... .......... .......... ..........  7%  457K 9m29s
 13000K .......... .......... .......... .......... ..........  7%  384K 9m28s
 13050K .......... .......... .......... .......... ..........  7%  314K 9m28s
 13100K .......... .......... .......... .......... ..........  7%  244K 9m28s
 13150K .......... .......... .......... .......... ..........  7%  175K 9m29s
 13200K .......... .......... .......... .......... ..........  7%  109K 9m32s
 13250K .......... .......... .......... .......... ..........  7%  269K 9m31s
 13300K .......... .......... .......... .......... ..........  8%  317K 9m31s
 13350K .......... .......... .......... .......... ..........  8%  326K 9m30s
 13400K .......... .......... .......... .......... ..........  8%  208K 9m31s
 13450K .......... .......... .......... .......... ..........  8%  182K 9m32s
 13500K .......... .......... .......... .......... ..........  8%  417K 9m31s
 13550K .......... .......... .......... .......... ..........  8%  452K 9m30s
 13600K .......... .......... .......... .......... ..........  8%  103K 9m33s
 13650K .......... .......... .......... .......... ..........  8%  120K 9m35s
 13700K .......... .......... .......... .......... ..........  8%  275K 9m35s
 13750K .......... .......... .......... .......... ..........  8%  260K 9m35s
 13800K .......... .......... .......... .......... ..........  8%  168K 9m36s
 13850K .......... .......... .......... .......... ..........  8%  196K 9m36s
 13900K .......... .......... .......... .......... ..........  8%  364K 9m35s
 13950K .......... .......... .......... .......... ..........  8%  248K 9m35s
 14000K .......... .......... .......... .......... ..........  8%  194K 9m36s
 14050K .......... .......... .......... .......... ..........  8%  133K 9m38s
 14100K .......... .......... .......... .......... ..........  8%  169K 9m39s
 14150K .......... .......... .......... .......... ..........  8%  136K 9m40s
 14200K .......... .......... .......... .......... ..........  8%  324K 9m40s
 14250K .......... .......... .......... .......... ..........  8%  119K 9m42s
 14300K .......... .......... .......... .......... ..........  8%  558K 9m41s
 14350K .......... .......... .......... .......... ..........  8%  200K 9m41s
 14400K .......... .......... .......... .......... ..........  8%  367K 9m41s
 14450K .......... .......... .......... .......... ..........  8%  167K 9m41s
 14500K .......... .......... .......... .......... ..........  8%  284K 9m41s
 14550K .......... .......... .......... .......... ..........  8%  506K 9m40s
 14600K .......... .......... .......... .......... ..........  8%  165K 9m41s
 14650K .......... .......... .......... .......... ..........  8%  350K 9m40s
 14700K .......... .......... .......... .......... ..........  8%  162K 9m41s
 14750K .......... .......... .......... .......... ..........  8%  361K 9m41s
 14800K .......... .......... .......... .......... ..........  8%  512K 9m39s
 14850K .......... .......... .......... .......... ..........  8%  292K 9m39s
 14900K .......... .......... .......... .......... ..........  8%  107K 9m42s
 14950K .......... .......... .......... .......... ..........  9%  106K 9m44s
 15000K .......... .......... .......... .......... ..........  9%  433K 9m43s
 15050K .......... .......... .......... .......... ..........  9%  160K 9m44s
 15100K .......... .......... .......... .......... ..........  9%  415K 9m43s
 15150K .......... .......... .......... .......... ..........  9%  467K 9m42s
 15200K .......... .......... .......... .......... ..........  9%  133K 9m44s
 15250K .......... .......... .......... .......... ..........  9%  297K 9m43s
 15300K .......... .......... .......... .......... ..........  9%  215K 9m44s
 15350K .......... .......... .......... .......... ..........  9%  250K 9m44s
 15400K .......... .......... .......... .......... ..........  9%  349K 9m43s
 15450K .......... .......... .......... .......... ..........  9%  450K 9m42s
 15500K .......... .......... .......... .......... ..........  9%  288K 9m41s
 15550K .......... .......... .......... .......... ..........  9%  345K 9m41s
 15600K .......... .......... .......... .......... ..........  9%  161K 9m42s
 15650K .......... .......... .......... .......... ..........  9%  233K 9m42s
 15700K .......... .......... .......... .......... ..........  9%  313K 9m41s
 15750K .......... .......... .......... .......... ..........  9%  289K 9m41s
 15800K .......... .......... .......... .......... ..........  9%  353K 9m40s
 15850K .......... .......... .......... .......... ..........  9%  323K 9m40s
 15900K .......... .......... .......... .......... ..........  9%  212K 9m40s
 15950K .......... .......... .......... .......... ..........  9%  219K 9m40s
 16000K .......... .......... .......... .......... ..........  9%  264K 9m40s
 16050K .......... .......... .......... .......... ..........  9%  461K 9m39s
 16100K .......... .......... .......... .......... ..........  9%  167K 9m40s
 16150K .......... .......... .......... .......... ..........  9%  119K 9m41s
 16200K .......... .......... .......... .......... ..........  9%  138K 9m43s
 16250K .......... .......... .......... .......... ..........  9%  205K 9m43s
 16300K .......... .......... .......... .......... ..........  9%  183K 9m44s
 16350K .......... .......... .......... .......... ..........  9%  335K 9m43s
 16400K .......... .......... .......... .......... ..........  9%  430K 9m42s
 16450K .......... .......... .......... .......... ..........  9%  503K 9m41s
 16500K .......... .......... .......... .......... ..........  9%  359K 9m40s
 16550K .......... .......... .......... .......... ..........  9%  396K 9m40s
 16600K .......... .......... .......... .......... .......... 10%  417K 9m39s
 16650K .......... .......... .......... .......... .......... 10%  313K 9m38s
 16700K .......... .......... .......... .......... .......... 10%  401K 9m37s
 16750K .......... .......... .......... .......... .......... 10%  479K 9m36s
 16800K .......... .......... .......... .......... .......... 10%  343K 9m36s
 16850K .......... .......... .......... .......... .......... 10%  280K 9m36s
 16900K .......... .......... .......... .......... .......... 10%  356K 9m35s
 16950K .......... .......... .......... .......... .......... 10%  311K 9m34s
 17000K .......... .......... .......... .......... .......... 10%  384K 9m34s
 17050K .......... .......... .......... .......... .......... 10%  322K 9m33s
 17100K .......... .......... .......... .......... .......... 10%  471K 9m32s
 17150K .......... .......... .......... .......... .......... 10%  222K 9m32s
 17200K .......... .......... .......... .......... .......... 10%  337K 9m32s
 17250K .......... .......... .......... .......... .......... 10%  332K 9m31s
 17300K .......... .......... .......... .......... .......... 10%  201K 9m31s
 17350K .......... .......... .......... .......... .......... 10%  280K 9m31s
 17400K .......... .......... .......... .......... .......... 10%  386K 9m30s
 17450K .......... .......... .......... .......... .......... 10%  179K 9m31s
 17500K .......... .......... .......... .......... .......... 10%  371K 9m30s
 17550K .......... .......... .......... .......... .......... 10%  349K 9m30s
 17600K .......... .......... .......... .......... .......... 10%  282K 9m29s
 17650K .......... .......... .......... .......... .......... 10%  210K 9m30s
 17700K .......... .......... .......... .......... .......... 10%  200K 9m30s
 17750K .......... .......... .......... .......... .......... 10%  531K 9m29s
 17800K .......... .......... .......... .......... .......... 10%  288K 9m29s
 17850K .......... .......... .......... .......... .......... 10%  199K 9m29s
 17900K .......... .......... .......... .......... .......... 10%  381K 9m28s
 17950K .......... .......... .......... .......... .......... 10%  381K 9m27s
 18000K .......... .......... .......... .......... .......... 10%  432K 9m27s
 18050K .......... .......... .......... .......... .......... 10%  569K 9m26s
 18100K .......... .......... .......... .......... .......... 10%  198K 9m26s
 18150K .......... .......... .......... .......... .......... 10%  241K 9m26s
 18200K .......... .......... .......... .......... .......... 10%  180K 9m26s
 18250K .......... .......... .......... .......... .......... 11%  420K 9m26s
 18300K .......... .......... .......... .......... .......... 11%  411K 9m25s
 18350K .......... .......... .......... .......... .......... 11%  308K 9m24s
 18400K .......... .......... .......... .......... .......... 11%  302K 9m24s
 18450K .......... .......... .......... .......... .......... 11%  243K 9m24s
 18500K .......... .......... .......... .......... .......... 11%  377K 9m23s
 18550K .......... .......... .......... .......... .......... 11%  386K 9m23s
 18600K .......... .......... .......... .......... .......... 11%  252K 9m23s
 18650K .......... .......... .......... .......... .......... 11%  243K 9m22s
 18700K .......... .......... .......... .......... .......... 11%  409K 9m22s
 18750K .......... .......... .......... .......... .......... 11%  233K 9m22s
 18800K .......... .......... .......... .......... .......... 11%  242K 9m22s
 18850K .......... .......... .......... .......... .......... 11%  281K 9m21s
 18900K .......... .......... .......... .......... .......... 11%  500K 9m20s
 18950K .......... .......... .......... .......... .......... 11%  207K 9m21s
 19000K .......... .......... .......... .......... .......... 11%  336K 9m20s
 19050K .......... .......... .......... .......... .......... 11%  247K 9m20s
 19100K .......... .......... .......... .......... .......... 11%  237K 9m20s
 19150K .......... .......... .......... .......... .......... 11%  301K 9m20s
 19200K .......... .......... .......... .......... .......... 11%  356K 9m19s
 19250K .......... .......... .......... .......... .......... 11%  163K 9m20s
 19300K .......... .......... .......... .......... .......... 11%  437K 9m19s
 19350K .......... .......... .......... .......... .......... 11%  189K 9m19s
 19400K .......... .......... .......... .......... .......... 11%  302K 9m19s
 19450K .......... .......... .......... .......... .......... 11%  429K 9m18s
 19500K .......... .......... .......... .......... .......... 11%  275K 9m18s
 19550K .......... .......... .......... .......... .......... 11%  313K 9m18s
 19600K .......... .......... .......... .......... .......... 11%  320K 9m17s
 19650K .......... .......... .......... .......... .......... 11%  470K 9m16s
 19700K .......... .......... .......... .......... .......... 11%  214K 9m16s
 19750K .......... .......... .......... .......... .......... 11%  253K 9m16s
 19800K .......... .......... .......... .......... .......... 11%  167K 9m17s
 19850K .......... .......... .......... .......... .......... 11%  285K 9m17s
 19900K .......... .......... .......... .......... .......... 11%  265K 9m16s
 19950K .......... .......... .......... .......... .......... 12%  250K 9m16s
 20000K .......... .......... .......... .......... .......... 12%  301K 9m16s
 20050K .......... .......... .......... .......... .......... 12%  247K 9m16s
 20100K .......... .......... .......... .......... .......... 12%  189K 9m16s
 20150K .......... .......... .......... .......... .......... 12%  296K 9m16s
 20200K .......... .......... .......... .......... .......... 12%  212K 9m16s
 20250K .......... .......... .......... .......... .......... 12%  238K 9m16s
 20300K .......... .......... .......... .......... .......... 12%  329K 9m16s
 20350K .......... .......... .......... .......... .......... 12%  260K 9m15s
 20400K .......... .......... .......... .......... .......... 12%  397K 9m15s
 20450K .......... .......... .......... .......... .......... 12% 55.4K 9m20s
 20500K .......... .......... .......... .......... .......... 12% 51.8K 9m25s
 20550K .......... .......... .......... .......... .......... 12% 21.8K 9m40s
 20600K .......... .......... .......... .......... .......... 12% 37.2K 9m47s
 20650K .......... .......... .......... .......... .......... 12% 95.1K 9m49s
 20700K .......... .......... .......... .......... .......... 12%  142K 9m50s
 20750K .......... .......... .......... .......... .......... 12%  178K 9m51s
 20800K .......... .......... .......... .......... .......... 12% 28.5K 10m1s
 20850K .......... .......... .......... .......... .......... 12% 75.3K 10m4s
 20900K .......... .......... .......... .......... .......... 12% 39.4K 10m11s
 20950K .......... .......... .......... .......... .......... 12% 33.4K 10m20s
 21000K .......... .......... .......... .......... .......... 12% 37.2K 10m28s
 21050K .......... .......... .......... .......... .......... 12% 26.8K 10m39s
 21100K .......... .......... .......... .......... .......... 12% 28.3K 10m49s
 21150K .......... .......... .......... .......... .......... 12% 15.1K 11m10s
 21200K .......... .......... .......... .......... .......... 12% 89.1K 11m12s
 21250K .......... .......... .......... .......... .......... 12% 48.8K 11m17s
 21300K .......... .......... .......... .......... .......... 12%  104K 11m19s
 21350K .......... .......... .......... .......... .......... 12% 80.8K 11m21s
 21400K .......... .......... .......... .......... .......... 12% 64.9K 11m25s
 21450K .......... .......... .......... .......... .......... 12% 68.7K 11m28s
 21500K .......... .......... .......... .......... .......... 12% 35.7K 11m35s
 21550K .......... .......... .......... .......... .......... 12%  117K 11m36s
 21600K .......... .......... .......... .......... .......... 13% 41.4K 11m42s
 21650K .......... .......... .......... .......... .......... 13% 80.8K 11m45s
 21700K .......... .......... .......... .......... .......... 13% 46.5K 11m50s
 21750K .......... .......... .......... .......... .......... 13% 64.9K 11m53s
 21800K .......... .......... .......... .......... .......... 13% 27.8K 12m3s
 21850K .......... .......... .......... .......... .......... 13% 21.1K 12m17s
 21900K .......... .......... .......... .......... .......... 13% 20.6K 12m31s
 21950K .......... .......... .......... .......... .......... 13% 60.3K 12m34s
 22000K .......... .......... .......... .......... .......... 13% 36.8K 12m41s
 22050K .......... .......... .......... .......... .......... 13% 25.1K 12m52s
 22100K .......... .......... .......... .......... .......... 13% 57.6K 12m56s
 22150K .......... .......... .......... .......... .......... 13% 81.9K 12m58s
 22200K .......... .......... .......... .......... .......... 13% 20.8K 13m12s
 22250K .......... .......... .......... .......... .......... 13%  395K 13m10s
 22300K .......... .......... .......... .......... .......... 13% 56.0K 13m14s
 22350K .......... .......... .......... .......... .......... 13% 45.6K 13m19s
 22400K .......... .......... .......... .......... .......... 13%  176K 13m19s
 22450K .......... .......... .......... .......... .......... 13% 8.79K 13m53s
 22500K .......... .......... .......... .......... .......... 13%  460K 13m52s
 22550K .......... .......... .......... .......... .......... 13% 50.5K 13m56s
 22600K .......... .......... .......... .......... .......... 13% 21.2K 14m9s
 22650K .......... .......... .......... .......... .......... 13%  310K 14m7s
 22700K .......... .......... .......... .......... .......... 13%  483K 14m6s
 22750K .......... .......... .......... .......... .......... 13% 76.9K 14m8s
 22800K .......... .......... .......... .......... .......... 13% 37.9K 14m14s
 22850K .......... .......... .......... .......... .......... 13%  199K 14m13s
 22900K .......... .......... .......... .......... .......... 13% 36.7K 14m20s
 22950K .......... .......... .......... .......... .......... 13%  116K 14m20s
 23000K .......... .......... .......... .......... .......... 13%  697K 14m19s
 23050K .......... .......... .......... .......... .......... 13%  107K 14m19s
 23100K .......... .......... .......... .......... .......... 13% 30.8K 14m27s
 23150K .......... .......... .......... .......... .......... 13% 37.1K 14m33s
 23200K .......... .......... .......... .......... .......... 13% 43.2K 14m38s
 23250K .......... .......... .......... .......... .......... 14% 38.8K 14m44s
 23300K .......... .......... .......... .......... .......... 14%  119K 14m44s
 23350K .......... .......... .......... .......... .......... 14% 24.7K 14m54s
 23400K .......... .......... .......... .......... .......... 14% 64.5K 14m57s
 23450K .......... .......... .......... .......... .......... 14%  141K 14m57s
 23500K .......... .......... .......... .......... .......... 14% 26.8K 15m6s
 23550K .......... .......... .......... .......... .......... 14% 62.2K 15m9s
 23600K .......... .......... .......... .......... .......... 14% 53.8K 15m12s
 23650K .......... .......... .......... .......... .......... 14% 88.7K 15m13s
 23700K .......... .......... .......... .......... .......... 14% 34.5K 15m20s
 23750K .......... .......... .......... .......... .......... 14% 35.1K 15m26s
 23800K .......... .......... .......... .......... .......... 14%  131K 15m26s
 23850K .......... .......... .......... .......... .......... 14% 29.0K 15m34s
 23900K .......... .......... .......... .......... .......... 14% 28.3K 15m42s
 23950K .......... .......... .......... .......... .......... 14% 21.2K 15m54s
 24000K .......... .......... .......... .......... .......... 14% 35.6K 16m0s
 24050K .......... .......... .......... .......... .......... 14% 41.8K 16m4s
 24100K .......... .......... .......... .......... .......... 14% 26.3K 16m13s
 24150K .......... .......... .......... .......... .......... 14%  340K 16m12s
 24200K .......... .......... .......... .......... .......... 14% 38.8K 16m17s
 24250K .......... .......... .......... .......... .......... 14%  233K 16m16s
 24300K .......... .......... .......... .......... .......... 14%  132K 16m16s
 24350K .......... .......... .......... .......... .......... 14% 56.8K 16m19s
 24400K .......... .......... .......... .......... .......... 14%  567K 16m17s
 24450K .......... .......... .......... .......... .......... 14%  110K 16m17s
 24500K .......... .......... .......... .......... .......... 14% 31.9K 16m24s
 24550K .......... .......... .......... .......... .......... 14% 81.7K 16m25s
 24600K .......... .......... .......... .......... .......... 14%  429K 16m23s
 24650K .......... .......... .......... .......... .......... 14%  560K 16m21s
 24700K .......... .......... .......... .......... .......... 14%  164K 16m21s
 24750K .......... .......... .......... .......... .......... 14%  535K 16m19s
 24800K .......... .......... .......... .......... .......... 14%  784K 16m17s
 24850K .......... .......... .......... .......... .......... 14%  195K 16m16s
 24900K .......... .......... .......... .......... .......... 15%  498K 16m15s
 24950K .......... .......... .......... .......... .......... 15%  415K 16m13s
 25000K .......... .......... .......... .......... .......... 15%  302K 16m12s
 25050K .......... .......... .......... .......... .......... 15%  292K 16m10s
 25100K .......... .......... .......... .......... .......... 15%  233K 16m9s
 25150K .......... .......... .......... .......... .......... 15%  164K 16m9s
 25200K .......... .......... .......... .......... .......... 15%  318K 16m7s
 25250K .......... .......... .......... .......... .......... 15%  245K 16m6s
 25300K .......... .......... .......... .......... .......... 15%  358K 16m5s
 25350K .......... .......... .......... .......... .......... 15%  169K 16m4s
 25400K .......... .......... .......... .......... .......... 15%  579K 16m2s
 25450K .......... .......... .......... .......... .......... 15%  114K 16m2s
 25500K .......... .......... .......... .......... .......... 15%  349K 16m1s
 25550K .......... .......... .......... .......... .......... 15%  403K 16m0s
 25600K .......... .......... .......... .......... .......... 15%  329K 15m58s
 25650K .......... .......... .......... .......... .......... 15%  561K 15m56s
 25700K .......... .......... .......... .......... .......... 15%  341K 15m55s
 25750K .......... .......... .......... .......... .......... 15%  362K 15m54s
 25800K .......... .......... .......... .......... .......... 15%  405K 15m52s
 25850K .......... .......... .......... .......... .......... 15%  358K 15m51s
 25900K .......... .......... .......... .......... .......... 15%  447K 15m49s
 25950K .......... .......... .......... .......... .......... 15%  424K 15m48s
 26000K .......... .......... .......... .......... .......... 15%  254K 15m46s
 26050K .......... .......... .......... .......... .......... 15%  297K 15m45s
 26100K .......... .......... .......... .......... .......... 15%  185K 15m45s
 26150K .......... .......... .......... .......... .......... 15%  370K 15m43s
 26200K .......... .......... .......... .......... .......... 15%  606K 15m41s
 26250K .......... .......... .......... .......... .......... 15%  312K 15m40s
 26300K .......... .......... .......... .......... .......... 15%  329K 15m39s
 26350K .......... .......... .......... .......... .......... 15%  362K 15m37s
 26400K .......... .......... .......... .......... .......... 15%  240K 15m36s
 26450K .......... .......... .......... .......... .......... 15%  403K 15m35s
 26500K .......... .......... .......... .......... .......... 15%  540K 15m33s
 26550K .......... .......... .......... .......... .......... 15%  270K 15m32s
 26600K .......... .......... .......... .......... .......... 16%  184K 15m32s
 26650K .......... .......... .......... .......... .......... 16%  326K 15m30s
 26700K .......... .......... .......... .......... .......... 16%  368K 15m29s
 26750K .......... .......... .......... .......... .......... 16%  483K 15m27s
 26800K .......... .......... .......... .......... .......... 16%  109K 15m28s
 26850K .......... .......... .......... .......... .......... 16%  415K 15m26s
 26900K .......... .......... .......... .......... .......... 16%  206K 15m26s
 26950K .......... .......... .......... .......... .......... 16%  182K 15m25s
 27000K .......... .......... .......... .......... .......... 16% 85.1K 15m26s
 27050K .......... .......... .......... .......... .......... 16%  492K 15m24s
 27100K .......... .......... .......... .......... .......... 16%  282K 15m23s
 27150K .......... .......... .......... .......... .......... 16%  522K 15m22s
 27200K .......... .......... .......... .......... .......... 16%  193K 15m21s
 27250K .......... .......... .......... .......... .......... 16%  690K 15m19s
 27300K .......... .......... .......... .......... .......... 16%  267K 15m18s
 27350K .......... .......... .......... .......... .......... 16%  122K 15m18s
 27400K .......... .......... .......... .......... .......... 16%  214K 15m18s
 27450K .......... .......... .......... .......... .......... 16%  114K 15m18s
 27500K .......... .......... .......... .......... .......... 16%  198K 15m17s
 27550K .......... .......... .......... .......... .......... 16%  191K 15m16s
 27600K .......... .......... .......... .......... .......... 16%  174K 15m16s
 27650K .......... .......... .......... .......... .......... 16%  358K 15m15s
 27700K .......... .......... .......... .......... .......... 16%  230K 15m14s
 27750K .......... .......... .......... .......... .......... 16%  422K 15m12s
 27800K .......... .......... .......... .......... .......... 16%  356K 15m11s
 27850K .......... .......... .......... .......... .......... 16%  348K 15m10s
 27900K .......... .......... .......... .......... .......... 16%  412K 15m8s
 27950K .......... .......... .......... .......... .......... 16%  260K 15m7s
 28000K .......... .......... .......... .......... .......... 16%  173K 15m7s
 28050K .......... .......... .......... .......... .......... 16% 99.5K 15m7s
 28100K .......... .......... .......... .......... .......... 16%  510K 15m6s
 28150K .......... .......... .......... .......... .......... 16%  231K 15m5s
 28200K .......... .......... .......... .......... .......... 16%  110K 15m5s
 28250K .......... .......... .......... .......... .......... 17%  339K 15m4s
 28300K .......... .......... .......... .......... .......... 17%  314K 15m3s
 28350K .......... .......... .......... .......... .......... 17%  508K 15m2s
 28400K .......... .......... .......... .......... .......... 17%  250K 15m1s
 28450K .......... .......... .......... .......... .......... 17%  182K 15m0s
 28500K .......... .......... .......... .......... .......... 17%  335K 14m59s
 28550K .......... .......... .......... .......... .......... 17%  396K 14m58s
 28600K .......... .......... .......... .......... .......... 17%  376K 14m56s
 28650K .......... .......... .......... .......... .......... 17%  433K 14m55s
 28700K .......... .......... .......... .......... .......... 17%  523K 14m54s
 28750K .......... .......... .......... .......... .......... 17%  150K 14m53s
 28800K .......... .......... .......... .......... .......... 17%  182K 14m53s
 28850K .......... .......... .......... .......... .......... 17%  191K 14m52s
 28900K .......... .......... .......... .......... .......... 17%  283K 14m51s
 28950K .......... .......... .......... .......... .......... 17%  317K 14m50s
 29000K .......... .......... .......... .......... .......... 17%  338K 14m49s
 29050K .......... .......... .......... .......... .......... 17%  427K 14m47s
 29100K .......... .......... .......... .......... .......... 17% 86.4K 14m48s
 29150K .......... .......... .......... .......... .......... 17%  580K 14m47s
 29200K .......... .......... .......... .......... .......... 17%  228K 14m46s
 29250K .......... .......... .......... .......... .......... 17%  439K 14m45s
 29300K .......... .......... .......... .......... .......... 17%  133K 14m45s
 29350K .......... .......... .......... .......... .......... 17%  246K 14m44s
 29400K .......... .......... .......... .......... .......... 17%  271K 14m43s
 29450K .......... .......... .......... .......... .......... 17%  177K 14m42s
 29500K .......... .......... .......... .......... .......... 17%  500K 14m41s
 29550K .......... .......... .......... .......... .......... 17%  557K 14m40s
 29600K .......... .......... .......... .......... .......... 17%  219K 14m39s
 29650K .......... .......... .......... .......... .......... 17%  412K 14m38s
 29700K .......... .......... .......... .......... .......... 17%  341K 14m37s
 29750K .......... .......... .......... .......... .......... 17%  209K 14m36s
 29800K .......... .......... .......... .......... .......... 17%  272K 14m35s
 29850K .......... .......... .......... .......... .......... 17%  320K 14m34s
 29900K .......... .......... .......... .......... .......... 18%  279K 14m33s
 29950K .......... .......... .......... .......... .......... 18%  187K 14m32s
 30000K .......... .......... .......... .......... .......... 18%  342K 14m31s
 30050K .......... .......... .......... .......... .......... 18%  148K 14m31s
 30100K .......... .......... .......... .......... .......... 18%  248K 14m30s
 30150K .......... .......... .......... .......... .......... 18%  161K 14m30s
 30200K .......... .......... .......... .......... .......... 18%  252K 14m29s
 30250K .......... .......... .......... .......... .......... 18%  281K 14m28s
 30300K .......... .......... .......... .......... .......... 18%  185K 14m27s
 30350K .......... .......... .......... .......... .......... 18%  213K 14m27s
 30400K .......... .......... .......... .......... .......... 18%  271K 14m26s
 30450K .......... .......... .......... .......... .......... 18%  205K 14m25s
 30500K .......... .......... .......... .......... .......... 18%  173K 14m25s
 30550K .......... .......... .......... .......... .......... 18%  466K 14m23s
 30600K .......... .......... .......... .......... .......... 18%  153K 14m23s
 30650K .......... .......... .......... .......... .......... 18%  187K 14m23s
 30700K .......... .......... .......... .......... .......... 18%  267K 14m22s
 30750K .......... .......... .......... .......... .......... 18%  135K 14m22s
 30800K .......... .......... .......... .......... .......... 18%  545K 14m20s
 30850K .......... .......... .......... .......... .......... 18%  170K 14m20s
 30900K .......... .......... .......... .......... .......... 18%  226K 14m19s
 30950K .......... .......... .......... .......... .......... 18%  200K 14m19s
 31000K .......... .......... .......... .......... .......... 18%  139K 14m18s
 31050K .......... .......... .......... .......... .......... 18%  431K 14m17s
 31100K .......... .......... .......... .......... .......... 18%  409K 14m16s
 31150K .......... .......... .......... .......... .......... 18%  120K 14m16s
 31200K .......... .......... .......... .......... .......... 18%  271K 14m15s
 31250K .......... .......... .......... .......... .......... 18%  156K 14m15s
 31300K .......... .......... .......... .......... .......... 18%  320K 14m14s
 31350K .......... .......... .......... .......... .......... 18%  249K 14m13s
 31400K .......... .......... .......... .......... .......... 18%  245K 14m12s
 31450K .......... .......... .......... .......... .......... 18%  124K 14m12s
 31500K .......... .......... .......... .......... .......... 18%  259K 14m12s
 31550K .......... .......... .......... .......... .......... 19%  316K 14m11s
 31600K .......... .......... .......... .......... .......... 19%  199K 14m10s
 31650K .......... .......... .......... .......... .......... 19%  201K 14m9s
 31700K .......... .......... .......... .......... .......... 19%  219K 14m9s
 31750K .......... .......... .......... .......... .......... 19%  416K 14m8s
 31800K .......... .......... .......... .......... .......... 19%  217K 14m7s
 31850K .......... .......... .......... .......... .......... 19%  300K 14m6s
 31900K .......... .......... .......... .......... .......... 19%  407K 14m5s
 31950K .......... .......... .......... .......... .......... 19%  296K 14m4s
 32000K .......... .......... .......... .......... .......... 19%  288K 14m3s
 32050K .......... .......... .......... .......... .......... 19%  383K 14m2s
 32100K .......... .......... .......... .......... .......... 19%  235K 14m1s
 32150K .......... .......... .......... .......... .......... 19%  162K 14m1s
 32200K .......... .......... .......... .......... .......... 19% 98.2K 14m1s
 32250K .......... .......... .......... .......... .......... 19%  536K 14m0s
 32300K .......... .......... .......... .......... .......... 19%  348K 13m59s
 32350K .......... .......... .......... .......... .......... 19%  230K 13m58s
 32400K .......... .......... .......... .......... .......... 19%  160K 13m58s
 32450K .......... .......... .......... .......... .......... 19%  202K 13m57s
 32500K .......... .......... .......... .......... .......... 19%  337K 13m56s
 32550K .......... .......... .......... .......... .......... 19%  167K 13m56s
 32600K .......... .......... .......... .......... .......... 19%  173K 13m56s
 32650K .......... .......... .......... .......... .......... 19%  399K 13m55s
 32700K .......... .......... .......... .......... .......... 19%  250K 13m54s
 32750K .......... .......... .......... .......... .......... 19%  328K 13m53s
 32800K .......... .......... .......... .......... .......... 19%  522K 13m52s
 32850K .......... .......... .......... .......... .......... 19%  808K 13m50s
 32900K .......... .......... .......... .......... .......... 19%  334K 13m49s
 32950K .......... .......... .......... .......... .......... 19%  442K 13m48s
 33000K .......... .......... .......... .......... .......... 19%  304K 13m47s
 33050K .......... .......... .......... .......... .......... 19%  254K 13m47s
 33100K .......... .......... .......... .......... .......... 19%  415K 13m46s
 33150K .......... .......... .......... .......... .......... 19%  439K 13m44s
 33200K .......... .......... .......... .......... .......... 19%  293K 13m44s
 33250K .......... .......... .......... .......... .......... 20%  473K 13m42s
 33300K .......... .......... .......... .......... .......... 20%  351K 13m41s
 33350K .......... .......... .......... .......... .......... 20%  331K 13m41s
 33400K .......... .......... .......... .......... .......... 20%  355K 13m40s
 33450K .......... .......... .......... .......... .......... 20%  319K 13m39s
 33500K .......... .......... .......... .......... .......... 20%  490K 13m38s
 33550K .......... .......... .......... .......... .......... 20%  384K 13m37s
 33600K .......... .......... .......... .......... .......... 20%  321K 13m36s
 33650K .......... .......... .......... .......... .......... 20%  393K 13m35s
 33700K .......... .......... .......... .......... .......... 20%  235K 13m34s
 33750K .......... .......... .......... .......... .......... 20%  405K 13m33s
 33800K .......... .......... .......... .......... .......... 20%  318K 13m32s
 33850K .......... .......... .......... .......... .......... 20%  163K 13m32s
 33900K .......... .......... .......... .......... .......... 20%  454K 13m31s
 33950K .......... .......... .......... .......... .......... 20%  177K 13m30s
 34000K .......... .......... .......... .......... .......... 20%  369K 13m29s
 34050K .......... .......... .......... .......... .......... 20%  285K 13m28s
 34100K .......... .......... .......... .......... .......... 20%  182K 13m28s
 34150K .......... .......... .......... .......... .......... 20%  400K 13m27s
 34200K .......... .......... .......... .......... .......... 20%  182K 13m27s
 34250K .......... .......... .......... .......... .......... 20%  391K 13m26s
 34300K .......... .......... .......... .......... .......... 20%  424K 13m25s
 34350K .......... .......... .......... .......... .......... 20%  199K 13m24s
 34400K .......... .......... .......... .......... .......... 20%  380K 13m23s
 34450K .......... .......... .......... .......... .......... 20%  386K 13m22s
 34500K .......... .......... .......... .......... .......... 20%  286K 13m21s
 34550K .......... .......... .......... .......... .......... 20%  614K 13m20s
 34600K .......... .......... .......... .......... .......... 20%  304K 13m19s
 34650K .......... .......... .......... .......... .......... 20%  424K 13m18s
 34700K .......... .......... .......... .......... .......... 20%  210K 13m18s
 34750K .......... .......... .......... .......... .......... 20%  322K 13m17s
 34800K .......... .......... .......... .......... .......... 20%  308K 13m16s
 34850K .......... .......... .......... .......... .......... 20%  223K 13m15s
 34900K .......... .......... .......... .......... .......... 21%  202K 13m15s
 34950K .......... .......... .......... .......... .......... 21%  372K 13m14s
 35000K .......... .......... .......... .......... .......... 21%  510K 13m13s
 35050K .......... .......... .......... .......... .......... 21%  357K 13m12s
 35100K .......... .......... .......... .......... .......... 21%  216K 13m12s
 35150K .......... .......... .......... .......... .......... 21%  481K 13m10s
 35200K .......... .......... .......... .......... .......... 21%  352K 13m10s
 35250K .......... .......... .......... .......... .......... 21%  290K 13m9s
 35300K .......... .......... .......... .......... .......... 21%  384K 13m8s
 35350K .......... .......... .......... .......... .......... 21%  215K 13m7s
 35400K .......... .......... .......... .......... .......... 21%  209K 13m7s
 35450K .......... .......... .......... .......... .......... 21%  250K 13m6s
 35500K .......... .......... .......... .......... .......... 21%  254K 13m5s
 35550K .......... .......... .......... .......... .......... 21%  524K 13m4s
 35600K .......... .......... .......... .......... .......... 21%  275K 13m4s
 35650K .......... .......... .......... .......... .......... 21%  293K 13m3s
 35700K .......... .......... .......... .......... .......... 21%  265K 13m2s
 35750K .......... .......... .......... .......... .......... 21%  290K 13m1s
 35800K .......... .......... .......... .......... .......... 21%  463K 13m0s
 35850K .......... .......... .......... .......... .......... 21%  210K 13m0s
 35900K .......... .......... .......... .......... .......... 21%  329K 12m59s
 35950K .......... .......... .......... .......... .......... 21%  241K 12m58s
 36000K .......... .......... .......... .......... .......... 21%  484K 12m57s
 36050K .......... .......... .......... .......... .......... 21%  498K 12m56s
 36100K .......... .......... .......... .......... .......... 21%  217K 12m56s
 36150K .......... .......... .......... .......... .......... 21%  392K 12m55s
 36200K .......... .......... .......... .......... .......... 21%  209K 12m54s
 36250K .......... .......... .......... .......... .......... 21%  352K 12m54s
 36300K .......... .......... .......... .......... .......... 21%  312K 12m53s
 36350K .......... .......... .......... .......... .......... 21%  357K 12m52s
 36400K .......... .......... .......... .......... .......... 21%  390K 12m51s
 36450K .......... .......... .......... .......... .......... 21%  239K 12m50s
 36500K .......... .......... .......... .......... .......... 21%  403K 12m50s
 36550K .......... .......... .......... .......... .......... 22%  415K 12m49s
 36600K .......... .......... .......... .......... .......... 22%  364K 12m48s
 36650K .......... .......... .......... .......... .......... 22%  240K 12m47s
 36700K .......... .......... .......... .......... .......... 22%  244K 12m47s
 36750K .......... .......... .......... .......... .......... 22%  223K 12m46s
 36800K .......... .......... .......... .......... .......... 22%  505K 12m45s
 36850K .......... .......... .......... .......... .......... 22%  490K 12m44s
 36900K .......... .......... .......... .......... .......... 22%  113K 12m44s
 36950K .......... .......... .......... .......... .......... 22%  144K 12m44s
 37000K .......... .......... .......... .......... .......... 22%  126K 12m44s
 37050K .......... .......... .......... .......... .......... 22%  399K 12m43s
 37100K .......... .......... .......... .......... .......... 22%  267K 12m43s
 37150K .......... .......... .......... .......... .......... 22%  282K 12m42s
 37200K .......... .......... .......... .......... .......... 22%  167K 12m42s
 37250K .......... .......... .......... .......... .......... 22%  371K 12m41s
 37300K .......... .......... .......... .......... .......... 22%  124K 12m41s
 37350K .......... .......... .......... .......... .......... 22%  283K 12m40s
 37400K .......... .......... .......... .......... .......... 22% 73.6K 12m41s
 37450K .......... .......... .......... .......... .......... 22%  173K 12m41s
 37500K .......... .......... .......... .......... .......... 22%  519K 12m40s
 37550K .......... .......... .......... .......... .......... 22%  134K 12m40s
 37600K .......... .......... .......... .......... .......... 22%  201K 12m39s
 37650K .......... .......... .......... .......... .......... 22%  105K 12m40s
 37700K .......... .......... .......... .......... .......... 22%  226K 12m39s
 37750K .......... .......... .......... .......... .......... 22%  111K 12m39s
 37800K .......... .......... .......... .......... .......... 22%  163K 12m39s
 37850K .......... .......... .......... .......... .......... 22%  173K 12m39s
 37900K .......... .......... .......... .......... .......... 22%  101K 12m39s
 37950K .......... .......... .......... .......... .......... 22%  254K 12m39s
 38000K .......... .......... .......... .......... .......... 22% 80.7K 12m39s
 38050K .......... .......... .......... .......... .......... 22%  134K 12m39s
 38100K .......... .......... .......... .......... .......... 22%  363K 12m38s
 38150K .......... .......... .......... .......... .......... 22%  540K 12m38s
 38200K .......... .......... .......... .......... .......... 23%  133K 12m37s
 38250K .......... .......... .......... .......... .......... 23%  149K 12m37s
 38300K .......... .......... .......... .......... .......... 23%  148K 12m37s
 38350K .......... .......... .......... .......... .......... 23%  114K 12m37s
 38400K .......... .......... .......... .......... .......... 23%  224K 12m37s
 38450K .......... .......... .......... .......... .......... 23% 58.2K 12m38s
 38500K .......... .......... .......... .......... .......... 23% 68.0K 12m40s
 38550K .......... .......... .......... .......... .......... 23%  296K 12m39s
 38600K .......... .......... .......... .......... .......... 23%  162K 12m39s
 38650K .......... .......... .......... .......... .......... 23%  152K 12m38s
 38700K .......... .......... .......... .......... .......... 23%  119K 12m38s
 38750K .......... .......... .......... .......... .......... 23%  300K 12m38s
 38800K .......... .......... .......... .......... .......... 23%  222K 12m37s
 38850K .......... .......... .......... .......... .......... 23%  200K 12m37s
 38900K .......... .......... .......... .......... .......... 23%  232K 12m36s
 38950K .......... .......... .......... .......... .......... 23% 82.6K 12m37s
 39000K .......... .......... .......... .......... .......... 23%  189K 12m37s
 39050K .......... .......... .......... .......... .......... 23%  171K 12m36s
 39100K .......... .......... .......... .......... .......... 23% 58.3K 12m38s
 39150K .......... .......... .......... .......... .......... 23%  151K 12m38s
 39200K .......... .......... .......... .......... .......... 23%  155K 12m37s
 39250K .......... .......... .......... .......... .......... 23%  547K 12m36s
 39300K .......... .......... .......... .......... .......... 23%  320K 12m36s
 39350K .......... .......... .......... .......... .......... 23%  333K 12m35s
 39400K .......... .......... .......... .......... .......... 23%  101K 12m35s
 39450K .......... .......... .......... .......... .......... 23%  201K 12m35s
 39500K .......... .......... .......... .......... .......... 23%  117K 12m35s
 39550K .......... .......... .......... .......... .......... 23%  148K 12m35s
 39600K .......... .......... .......... .......... .......... 23% 73.7K 12m36s
 39650K .......... .......... .......... .......... .......... 23%  164K 12m35s
 39700K .......... .......... .......... .......... .......... 23%  119K 12m35s
 39750K .......... .......... .......... .......... .......... 23%  200K 12m35s
 39800K .......... .......... .......... .......... .......... 23% 73.5K 12m36s
 39850K .......... .......... .......... .......... .......... 23%  224K 12m35s
 39900K .......... .......... .......... .......... .......... 24%  508K 12m34s
 39950K .......... .......... .......... .......... .......... 24%  209K 12m34s
 40000K .......... .......... .......... .......... .......... 24%  335K 12m33s
 40050K .......... .......... .......... .......... .......... 24%  220K 12m33s
 40100K .......... .......... .......... .......... .......... 24%  533K 12m32s
 40150K .......... .......... .......... .......... .......... 24% 84.6K 12m32s
 40200K .......... .......... .......... .......... .......... 24%  160K 12m32s
 40250K .......... .......... .......... .......... .......... 24%  421K 12m31s
 40300K .......... .......... .......... .......... .......... 24%  248K 12m31s
 40350K .......... .......... .......... .......... .......... 24% 67.9K 12m32s
 40400K .......... .......... .......... .......... .......... 24%  146K 12m31s
 40450K .......... .......... .......... .......... .......... 24%  655K 12m30s
 40500K .......... .......... .......... .......... .......... 24%  188K 12m30s
 40550K .......... .......... .......... .......... .......... 24% 98.3K 12m30s
 40600K .......... .......... .......... .......... .......... 24%  101K 12m31s
 40650K .......... .......... .......... .......... .......... 24%  139K 12m31s
 40700K .......... .......... .......... .......... .......... 24%  108K 12m31s
 40750K .......... .......... .......... .......... .......... 24%  383K 12m30s
 40800K .......... .......... .......... .......... .......... 24% 99.7K 12m30s
 40850K .......... .......... .......... .......... .......... 24% 62.9K 12m32s
 40900K .......... .......... .......... .......... .......... 24%  758K 12m31s
 40950K .......... .......... .......... .......... .......... 24%  417K 12m30s
 41000K .......... .......... .......... .......... .......... 24%  712K 12m29s
 41050K .......... .......... .......... .......... .......... 24%  725K 12m28s
 41100K .......... .......... .......... .......... .......... 24%  373K 12m27s
 41150K .......... .......... .......... .......... .......... 24%  422K 12m26s
 41200K .......... .......... .......... .......... .......... 24%  128K 12m26s
 41250K .......... .......... .......... .......... .......... 24%  409K 12m25s
 41300K .......... .......... .......... .......... .......... 24%  338K 12m24s
 41350K .......... .......... .......... .......... .......... 24%  309K 12m24s
 41400K .......... .......... .......... .......... .......... 24%  294K 12m23s
 41450K .......... .......... .......... .......... .......... 24%  371K 12m22s
 41500K .......... .......... .......... .......... .......... 24%  384K 12m21s
 41550K .......... .......... .......... .......... .......... 25%  305K 12m21s
 41600K .......... .......... .......... .......... .......... 25%  315K 12m20s
 41650K .......... .......... .......... .......... .......... 25%  346K 12m19s
 41700K .......... .......... .......... .......... .......... 25%  384K 12m19s
 41750K .......... .......... .......... .......... .......... 25%  289K 12m18s
 41800K .......... .......... .......... .......... .......... 25%  351K 12m17s
 41850K .......... .......... .......... .......... .......... 25%  446K 12m16s
 41900K .......... .......... .......... .......... .......... 25%  241K 12m16s
 41950K .......... .......... .......... .......... .......... 25%  281K 12m15s
 42000K .......... .......... .......... .......... .......... 25%  408K 12m14s
 42050K .......... .......... .......... .......... .......... 25%  221K 12m14s
 42100K .......... .......... .......... .......... .......... 25%  232K 12m13s
 42150K .......... .......... .......... .......... .......... 25%  512K 12m12s
 42200K .......... .......... .......... .......... .......... 25%  257K 12m12s
 42250K .......... .......... .......... .......... .......... 25%  738K 12m11s
 42300K .......... .......... .......... .......... .......... 25%  656K 12m10s
 42350K .......... .......... .......... .......... .......... 25%  260K 12m9s
 42400K .......... .......... .......... .......... .......... 25%  495K 12m8s
 42450K .......... .......... .......... .......... .......... 25% 88.8K 12m9s
 42500K .......... .......... .......... .......... .......... 25%  630K 12m8s
 42550K .......... .......... .......... .......... .......... 25%  157K 12m8s
 42600K .......... .......... .......... .......... .......... 25%  319K 12m7s
 42650K .......... .......... .......... .......... .......... 25%  270K 12m6s
 42700K .......... .......... .......... .......... .......... 25%  250K 12m6s
 42750K .......... .......... .......... .......... .......... 25%  364K 12m5s
 42800K .......... .......... .......... .......... .......... 25%  282K 12m4s
 42850K .......... .......... .......... .......... .......... 25%  333K 12m4s
 42900K .......... .......... .......... .......... .......... 25%  393K 12m3s
 42950K .......... .......... .......... .......... .......... 25%  274K 12m2s
 43000K .......... .......... .......... .......... .......... 25%  703K 12m1s
 43050K .......... .......... .......... .......... .......... 25%  436K 12m1s
 43100K .......... .......... .......... .......... .......... 25%  150K 12m0s
 43150K .......... .......... .......... .......... .......... 25%  335K 12m0s
 43200K .......... .......... .......... .......... .......... 26%  179K 11m59s
 43250K .......... .......... .......... .......... .......... 26%  550K 11m59s
 43300K .......... .......... .......... .......... .......... 26%  301K 11m58s
 43350K .......... .......... .......... .......... .......... 26%  234K 11m57s
 43400K .......... .......... .......... .......... .......... 26%  368K 11m57s
 43450K .......... .......... .......... .......... .......... 26%  477K 11m56s
 43500K .......... .......... .......... .......... .......... 26%  284K 11m55s
 43550K .......... .......... .......... .......... .......... 26%  118K 11m55s
 43600K .......... .......... .......... .......... .......... 26%  123K 11m55s
 43650K .......... .......... .......... .......... .......... 26%  302K 11m55s
 43700K .......... .......... .......... .......... .......... 26%  372K 11m54s
 43750K .......... .......... .......... .......... .......... 26%  343K 11m53s
 43800K .......... .......... .......... .......... .......... 26%  497K 11m52s
 43850K .......... .......... .......... .......... .......... 26%  190K 11m52s
 43900K .......... .......... .......... .......... .......... 26%  269K 11m52s
 43950K .......... .......... .......... .......... .......... 26%  293K 11m51s
 44000K .......... .......... .......... .......... .......... 26%  238K 11m50s
 44050K .......... .......... .......... .......... .......... 26%  420K 11m50s
 44100K .......... .......... .......... .......... .......... 26%  210K 11m49s
 44150K .......... .......... .......... .......... .......... 26%  173K 11m49s
 44200K .......... .......... .......... .......... .......... 26%  295K 11m48s
 44250K .......... .......... .......... .......... .......... 26%  416K 11m48s
 44300K .......... .......... .......... .......... .......... 26%  123K 11m48s
 44350K .......... .......... .......... .......... .......... 26%  163K 11m47s
 44400K .......... .......... .......... .......... .......... 26%  311K 11m47s
 44450K .......... .......... .......... .......... .......... 26%  154K 11m46s
 44500K .......... .......... .......... .......... .......... 26%  370K 11m46s
 44550K .......... .......... .......... .......... .......... 26%  231K 11m45s
 44600K .......... .......... .......... .......... .......... 26% 99.7K 11m46s
 44650K .......... .......... .......... .......... .......... 26%  172K 11m45s
 44700K .......... .......... .......... .......... .......... 26%  312K 11m45s
 44750K .......... .......... .......... .......... .......... 26%  391K 11m44s
 44800K .......... .......... .......... .......... .......... 26%  253K 11m43s
 44850K .......... .......... .......... .......... .......... 27%  290K 11m43s
 44900K .......... .......... .......... .......... .......... 27%  294K 11m42s
 44950K .......... .......... .......... .......... .......... 27%  263K 11m42s
 45000K .......... .......... .......... .......... .......... 27%  320K 11m41s
 45050K .......... .......... .......... .......... .......... 27%  580K 11m40s
 45100K .......... .......... .......... .......... .......... 27%  464K 11m39s
 45150K .......... .......... .......... .......... .......... 27%  262K 11m39s
 45200K .......... .......... .......... .......... .......... 27%  453K 11m38s
 45250K .......... .......... .......... .......... .......... 27%  636K 11m37s
 45300K .......... .......... .......... .......... .......... 27%  162K 11m37s
 45350K .......... .......... .......... .......... .......... 27%  133K 11m37s
 45400K .......... .......... .......... .......... .......... 27%  699K 11m36s
 45450K .......... .......... .......... .......... .......... 27%  386K 11m35s
 45500K .......... .......... .......... .......... .......... 27%  670K 11m34s
 45550K .......... .......... .......... .......... .......... 27%  334K 11m34s
 45600K .......... .......... .......... .......... .......... 27%  255K 11m33s
 45650K .......... .......... .......... .......... .......... 27%  482K 11m32s
 45700K .......... .......... .......... .......... .......... 27%  236K 11m32s
 45750K .......... .......... .......... .......... .......... 27%  225K 11m32s
 45800K .......... .......... .......... .......... .......... 27%  435K 11m31s
 45850K .......... .......... .......... .......... .......... 27%  102K 11m31s
 45900K .......... .......... .......... .......... .......... 27%  150K 11m31s
 45950K .......... .......... .......... .......... .......... 27%  243K 11m30s
 46000K .......... .......... .......... .......... .......... 27%  230K 11m30s
 46050K .......... .......... .......... .......... .......... 27%  570K 11m29s
 46100K .......... .......... .......... .......... .......... 27%  174K 11m29s
 46150K .......... .......... .......... .......... .......... 27%  114K 11m29s
 46200K .......... .......... .......... .......... .......... 27%  183K 11m29s
 46250K .......... .......... .......... .......... .......... 27%  177K 11m28s
 46300K .......... .......... .......... .......... .......... 27%  720K 11m27s
 46350K .......... .......... .......... .......... .......... 27%  120K 11m27s
 46400K .......... .......... .......... .......... .......... 27%  469K 11m27s
 46450K .......... .......... .......... .......... .......... 27%  364K 11m26s
 46500K .......... .......... .......... .......... .......... 27%  241K 11m26s
 46550K .......... .......... .......... .......... .......... 28%  696K 11m25s
 46600K .......... .......... .......... .......... .......... 28%  242K 11m24s
 46650K .......... .......... .......... .......... .......... 28%  212K 11m24s
 46700K .......... .......... .......... .......... .......... 28%  432K 11m23s
 46750K .......... .......... .......... .......... .......... 28%  455K 11m22s
 46800K .......... .......... .......... .......... .......... 28% 90.3K 11m23s
 46850K .......... .......... .......... .......... .......... 28%  470K 11m22s
 46900K .......... .......... .......... .......... .......... 28%  363K 11m21s
 46950K .......... .......... .......... .......... .......... 28%  293K 11m21s
 47000K .......... .......... .......... .......... .......... 28%  319K 11m20s
 47050K .......... .......... .......... .......... .......... 28%  184K 11m20s
 47100K .......... .......... .......... .......... .......... 28%  306K 11m19s
 47150K .......... .......... .......... .......... .......... 28%  330K 11m19s
 47200K .......... .......... .......... .......... .......... 28%  158K 11m18s
 47250K .......... .......... .......... .......... .......... 28%  647K 11m18s
 47300K .......... .......... .......... .......... .......... 28%  207K 11m17s
 47350K .......... .......... .......... .......... .......... 28%  370K 11m17s
 47400K .......... .......... .......... .......... .......... 28%  118K 11m17s
 47450K .......... .......... .......... .......... .......... 28%  267K 11m16s
 47500K .......... .......... .......... .......... .......... 28%  386K 11m15s
 47550K .......... .......... .......... .......... .......... 28%  153K 11m15s
 47600K .......... .......... .......... .......... .......... 28%  156K 11m15s
 47650K .......... .......... .......... .......... .......... 28%  336K 11m14s
 47700K .......... .......... .......... .......... .......... 28% 96.7K 11m15s
 47750K .......... .......... .......... .......... .......... 28%  370K 11m14s
 47800K .......... .......... .......... .......... .......... 28%  168K 11m14s
 47850K .......... .......... .......... .......... .......... 28%  211K 11m13s
 47900K .......... .......... .......... .......... .......... 28%  355K 11m13s
 47950K .......... .......... .......... .......... .......... 28%  313K 11m12s
 48000K .......... .......... .......... .......... .......... 28% 99.4K 11m12s
 48050K .......... .......... .......... .......... .......... 28%  249K 11m12s
 48100K .......... .......... .......... .......... .......... 28%  399K 11m11s
 48150K .......... .......... .......... .......... .......... 28%  373K 11m11s
 48200K .......... .......... .......... .......... .......... 29%  301K 11m10s
 48250K .......... .......... .......... .......... .......... 29%  300K 11m10s
 48300K .......... .......... .......... .......... .......... 29%  255K 11m9s
 48350K .......... .......... .......... .......... .......... 29%  158K 11m9s
 48400K .......... .......... .......... .......... .......... 29%  343K 11m8s
 48450K .......... .......... .......... .......... .......... 29%  675K 11m7s
 48500K .......... .......... .......... .......... .......... 29%  624K 11m7s
 48550K .......... .......... .......... .......... .......... 29%  100K 11m7s
 48600K .......... .......... .......... .......... .......... 29%  339K 11m6s
 48650K .......... .......... .......... .......... .......... 29%  520K 11m6s
 48700K .......... .......... .......... .......... .......... 29%  156K 11m5s
 48750K .......... .......... .......... .......... .......... 29% 69.3K 11m6s
 48800K .......... .......... .......... .......... .......... 29%  351K 11m5s
 48850K .......... .......... .......... .......... .......... 29%  246K 11m5s
 48900K .......... .......... .......... .......... .......... 29%  154K 11m5s
 48950K .......... .......... .......... .......... .......... 29% 94.1K 11m5s
 49000K .......... .......... .......... .......... .......... 29%  455K 11m4s
 49050K .......... .......... .......... .......... .......... 29%  495K 11m4s
 49100K .......... .......... .......... .......... .......... 29%  117K 11m4s
 49150K .......... .......... .......... .......... .......... 29%  402K 11m3s
 49200K .......... .......... .......... .......... .......... 29%  465K 11m2s
 49250K .......... .......... .......... .......... .......... 29%  341K 11m2s
 49300K .......... .......... .......... .......... .......... 29%  362K 11m1s
 49350K .......... .......... .......... .......... .......... 29%  608K 11m0s
 49400K .......... .......... .......... .......... .......... 29%  336K 11m0s
 49450K .......... .......... .......... .......... .......... 29%  497K 10m59s
 49500K .......... .......... .......... .......... .......... 29%  209K 10m59s
 49550K .......... .......... .......... .......... .......... 29%  284K 10m58s
 49600K .......... .......... .......... .......... .......... 29%  499K 10m57s
 49650K .......... .......... .......... .......... .......... 29%  208K 10m57s
 49700K .......... .......... .......... .......... .......... 29%  145K 10m57s
 49750K .......... .......... .......... .......... .......... 29%  255K 10m56s
 49800K .......... .......... .......... .......... .......... 29%  240K 10m56s
 49850K .......... .......... .......... .......... .......... 30%  194K 10m56s
 49900K .......... .......... .......... .......... .......... 30%  413K 10m55s
 49950K .......... .......... .......... .......... .......... 30%  394K 10m54s
 50000K .......... .......... .......... .......... .......... 30%  323K 10m54s
 50050K .......... .......... .......... .......... .......... 30%  120K 10m54s
 50100K .......... .......... .......... .......... .......... 30%  169K 10m54s
 50150K .......... .......... .......... .......... .......... 30%  259K 10m53s
 50200K .......... .......... .......... .......... .......... 30%  193K 10m53s
 50250K .......... .......... .......... .......... .......... 30%  405K 10m52s
 50300K .......... .......... .......... .......... .......... 30%  678K 10m51s
 50350K .......... .......... .......... .......... .......... 30%  374K 10m51s
 50400K .......... .......... .......... .......... .......... 30%  217K 10m50s
 50450K .......... .......... .......... .......... .......... 30%  295K 10m50s
 50500K .......... .......... .......... .......... .......... 30%  437K 10m49s
 50550K .......... .......... .......... .......... .......... 30%  302K 10m49s
 50600K .......... .......... .......... .......... .......... 30%  204K 10m48s
 50650K .......... .......... .......... .......... .......... 30%  106K 10m48s
 50700K .......... .......... .......... .......... .......... 30%  422K 10m48s
 50750K .......... .......... .......... .......... .......... 30%  369K 10m47s
 50800K .......... .......... .......... .......... .......... 30%  293K 10m47s
 50850K .......... .......... .......... .......... .......... 30%  228K 10m46s
 50900K .......... .......... .......... .......... .......... 30%  499K 10m46s
 50950K .......... .......... .......... .......... .......... 30%  115K 10m46s
 51000K .......... .......... .......... .......... .......... 30%  340K 10m45s
 51050K .......... .......... .......... .......... .......... 30%  217K 10m45s
 51100K .......... .......... .......... .......... .......... 30%  165K 10m44s
 51150K .......... .......... .......... .......... .......... 30%  370K 10m44s
 51200K .......... .......... .......... .......... .......... 30%  609K 10m43s
 51250K .......... .......... .......... .......... .......... 30%  194K 10m43s
 51300K .......... .......... .......... .......... .......... 30%  526K 10m42s
 51350K .......... .......... .......... .......... .......... 30%  147K 10m42s
 51400K .......... .......... .......... .......... .......... 30%  170K 10m42s
 51450K .......... .......... .......... .......... .......... 30%  428K 10m41s
 51500K .......... .......... .......... .......... .......... 31%  386K 10m40s
 51550K .......... .......... .......... .......... .......... 31%  398K 10m40s
 51600K .......... .......... .......... .......... .......... 31%  169K 10m40s
 51650K .......... .......... .......... .......... .......... 31%  366K 10m39s
 51700K .......... .......... .......... .......... .......... 31%  178K 10m39s
 51750K .......... .......... .......... .......... .......... 31%  211K 10m38s
 51800K .......... .......... .......... .......... .......... 31%  176K 10m38s
 51850K .......... .......... .......... .......... .......... 31%  328K 10m37s
 51900K .......... .......... .......... .......... .......... 31%  106K 10m38s
 51950K .......... .......... .......... .......... .......... 31%  236K 10m37s
 52000K .......... .......... .......... .......... .......... 31%  238K 10m37s
 52050K .......... .......... .......... .......... .......... 31%  100K 10m37s
 52100K .......... .......... .......... .......... .......... 31%  212K 10m37s
 52150K .......... .......... .......... .......... .......... 31%  477K 10m36s
 52200K .......... .......... .......... .......... .......... 31%  331K 10m35s
 52250K .......... .......... .......... .......... .......... 31%  413K 10m35s
 52300K .......... .......... .......... .......... .......... 31%  317K 10m34s
 52350K .......... .......... .......... .......... .......... 31%  517K 10m34s
 52400K .......... .......... .......... .......... .......... 31%  727K 10m33s
 52450K .......... .......... .......... .......... .......... 31%  273K 10m32s
 52500K .......... .......... .......... .......... .......... 31%  390K 10m32s
 52550K .......... .......... .......... .......... .......... 31%  347K 10m31s
 52600K .......... .......... .......... .......... .......... 31%  323K 10m31s
 52650K .......... .......... .......... .......... .......... 31%  342K 10m30s
 52700K .......... .......... .......... .......... .......... 31%  169K 10m30s
 52750K .......... .......... .......... .......... .......... 31%  213K 10m29s
 52800K .......... .......... .......... .......... .......... 31%  245K 10m29s
 52850K .......... .......... .......... .......... .......... 31%  195K 10m29s
 52900K .......... .......... .......... .......... .......... 31%  461K 10m28s
 52950K .......... .......... .......... .......... .......... 31%  102K 10m28s
 53000K .......... .......... .......... .......... .......... 31%  355K 10m28s
 53050K .......... .......... .......... .......... .......... 31%  439K 10m27s
 53100K .......... .......... .......... .......... .......... 31%  375K 10m26s
 53150K .......... .......... .......... .......... .......... 31%  266K 10m26s
 53200K .......... .......... .......... .......... .......... 32%  124K 10m26s
 53250K .......... .......... .......... .......... .......... 32%  342K 10m25s
 53300K .......... .......... .......... .......... .......... 32%  215K 10m25s
 53350K .......... .......... .......... .......... .......... 32%  323K 10m25s
 53400K .......... .......... .......... .......... .......... 32%  375K 10m24s
 53450K .......... .......... .......... .......... .......... 32%  352K 10m23s
 53500K .......... .......... .......... .......... .......... 32%  240K 10m23s
 53550K .......... .......... .......... .......... .......... 32%  385K 10m22s
 53600K .......... .......... .......... .......... .......... 32%  151K 10m22s
 53650K .......... .......... .......... .......... .......... 32%  309K 10m22s
 53700K .......... .......... .......... .......... .......... 32%  279K 10m21s
 53750K .......... .......... .......... .......... .......... 32%  161K 10m21s
 53800K .......... .......... .......... .......... .......... 32%  203K 10m21s
 53850K .......... .......... .......... .......... .......... 32%  407K 10m20s
 53900K .......... .......... .......... .......... .......... 32%  243K 10m20s
 53950K .......... .......... .......... .......... .......... 32%  314K 10m19s
 54000K .......... .......... .......... .......... .......... 32% 97.1K 10m19s
 54050K .......... .......... .......... .......... .......... 32%  623K 10m19s
 54100K .......... .......... .......... .......... .......... 32%  347K 10m18s
 54150K .......... .......... .......... .......... .......... 32%  173K 10m18s
 54200K .......... .......... .......... .......... .......... 32%  211K 10m18s
 54250K .......... .......... .......... .......... .......... 32%  323K 10m17s
 54300K .......... .......... .......... .......... .......... 32%  441K 10m16s
 54350K .......... .......... .......... .......... .......... 32%  313K 10m16s
 54400K .......... .......... .......... .......... .......... 32%  211K 10m16s
 54450K .......... .......... .......... .......... .......... 32%  255K 10m15s
 54500K .......... .......... .......... .......... .......... 32%  714K 10m14s
 54550K .......... .......... .......... .......... .......... 32%  278K 10m14s
 54600K .......... .......... .......... .......... .......... 32%  178K 10m14s
 54650K .......... .......... .......... .......... .......... 32%  447K 10m13s
 54700K .......... .......... .......... .......... .......... 32% 74.4K 10m14s
 54750K .......... .......... .......... .......... .......... 32%  286K 10m13s
 54800K .......... .......... .......... .......... .......... 32%  335K 10m13s
 54850K .......... .......... .......... .......... .......... 33%  173K 10m12s
 54900K .......... .......... .......... .......... .......... 33%  153K 10m12s
 54950K .......... .......... .......... .......... .......... 33%  200K 10m12s
 55000K .......... .......... .......... .......... .......... 33%  157K 10m12s
 55050K .......... .......... .......... .......... .......... 33%  248K 10m11s
 55100K .......... .......... .......... .......... .......... 33%  122K 10m11s
 55150K .......... .......... .......... .......... .......... 33%  115K 10m11s
 55200K .......... .......... .......... .......... .......... 33%  192K 10m11s
 55250K .......... .......... .......... .......... .......... 33%  483K 10m10s
 55300K .......... .......... .......... .......... .......... 33%  329K 10m10s
 55350K .......... .......... .......... .......... .......... 33%  220K 10m9s
 55400K .......... .......... .......... .......... .......... 33%  307K 10m9s
 55450K .......... .......... .......... .......... .......... 33%  145K 10m9s
 55500K .......... .......... .......... .......... .......... 33%  195K 10m8s
 55550K .......... .......... .......... .......... .......... 33%  133K 10m8s
 55600K .......... .......... .......... .......... .......... 33%  296K 10m8s
 55650K .......... .......... .......... .......... .......... 33%  337K 10m7s
 55700K .......... .......... .......... .......... .......... 33%  170K 10m7s
 55750K .......... .......... .......... .......... .......... 33%  420K 10m7s
 55800K .......... .......... .......... .......... .......... 33%  338K 10m6s
 55850K .......... .......... .......... .......... .......... 33%  123K 10m6s
 55900K .......... .......... .......... .......... .......... 33%  213K 10m6s
 55950K .......... .......... .......... .......... .......... 33%  178K 10m5s
 56000K .......... .......... .......... .......... .......... 33%  189K 10m5s
 56050K .......... .......... .......... .......... .......... 33%  107K 10m5s
 56100K .......... .......... .......... .......... .......... 33% 79.6K 10m6s
 56150K .......... .......... .......... .......... .......... 33%  277K 10m5s
 56200K .......... .......... .......... .......... .......... 33%  106K 10m5s
 56250K .......... .......... .......... .......... .......... 33%  316K 10m5s
 56300K .......... .......... .......... .......... .......... 33%  302K 10m4s
 56350K .......... .......... .......... .......... .......... 33%  147K 10m4s
 56400K .......... .......... .......... .......... .......... 33%  178K 10m4s
 56450K .......... .......... .......... .......... .......... 33%  143K 10m4s
 56500K .......... .......... .......... .......... .......... 34%  262K 10m3s
 56550K .......... .......... .......... .......... .......... 34%  436K 10m3s
 56600K .......... .......... .......... .......... .......... 34%  105K 10m3s
 56650K .......... .......... .......... .......... .......... 34%  281K 10m2s
 56700K .......... .......... .......... .......... .......... 34%  266K 10m2s
 56750K .......... .......... .......... .......... .......... 34%  255K 10m2s
 56800K .......... .......... .......... .......... .......... 34%  154K 10m1s
 56850K .......... .......... .......... .......... .......... 34%  131K 10m1s
 56900K .......... .......... .......... .......... .......... 34%  244K 10m1s
 56950K .......... .......... .......... .......... .......... 34%  149K 10m1s
 57000K .......... .......... .......... .......... .......... 34%  357K 10m0s
 57050K .......... .......... .......... .......... .......... 34%  455K 10m0s
 57100K .......... .......... .......... .......... .......... 34%  143K 9m59s
 57150K .......... .......... .......... .......... .......... 34%  399K 9m59s
 57200K .......... .......... .......... .......... .......... 34%  122K 9m59s
 57250K .......... .......... .......... .......... .......... 34%  167K 9m59s
 57300K .......... .......... .......... .......... .......... 34%  542K 9m58s
 57350K .......... .......... .......... .......... .......... 34%  260K 9m58s
 57400K .......... .......... .......... .......... .......... 34%  163K 9m57s
 57450K .......... .......... .......... .......... .......... 34%  203K 9m57s
 57500K .......... .......... .......... .......... .......... 34%  145K 9m57s
 57550K .......... .......... .......... .......... .......... 34%  336K 9m56s
 57600K .......... .......... .......... .......... .......... 34%  178K 9m56s
 57650K .......... .......... .......... .......... .......... 34%  190K 9m56s
 57700K .......... .......... .......... .......... .......... 34%  270K 9m55s
 57750K .......... .......... .......... .......... .......... 34%  154K 9m55s
 57800K .......... .......... .......... .......... .......... 34% 69.7K 9m56s
 57850K .......... .......... .......... .......... .......... 34%  332K 9m55s
 57900K .......... .......... .......... .......... .......... 34%  102K 9m55s
 57950K .......... .......... .......... .......... .......... 34%  199K 9m55s
 58000K .......... .......... .......... .......... .......... 34%  122K 9m55s
 58050K .......... .......... .......... .......... .......... 34%  260K 9m55s
 58100K .......... .......... .......... .......... .......... 34%  148K 9m54s
 58150K .......... .......... .......... .......... .......... 35%  380K 9m54s
 58200K .......... .......... .......... .......... .......... 35%  266K 9m53s
 58250K .......... .......... .......... .......... .......... 35% 78.5K 9m54s
 58300K .......... .......... .......... .......... .......... 35%  319K 9m53s
 58350K .......... .......... .......... .......... .......... 35%  315K 9m53s
 58400K .......... .......... .......... .......... .......... 35%  184K 9m53s
 58450K .......... .......... .......... .......... .......... 35%  131K 9m53s
 58500K .......... .......... .......... .......... .......... 35%  277K 9m52s
 58550K .......... .......... .......... .......... .......... 35%  378K 9m52s
 58600K .......... .......... .......... .......... .......... 35%  313K 9m51s
 58650K .......... .......... .......... .......... .......... 35%  497K 9m50s
 58700K .......... .......... .......... .......... .......... 35%  245K 9m50s
 58750K .......... .......... .......... .......... .......... 35%  730K 9m49s
 58800K .......... .......... .......... .......... .......... 35%  163K 9m49s
 58850K .......... .......... .......... .......... .......... 35%  352K 9m49s
 58900K .......... .......... .......... .......... .......... 35%  235K 9m48s
 58950K .......... .......... .......... .......... .......... 35%  241K 9m48s
 59000K .......... .......... .......... .......... .......... 35%  463K 9m47s
 59050K .......... .......... .......... .......... .......... 35%  122K 9m47s
 59100K .......... .......... .......... .......... .......... 35%  245K 9m47s
 59150K .......... .......... .......... .......... .......... 35%  209K 9m47s
 59200K .......... .......... .......... .......... .......... 35%  360K 9m46s
 59250K .......... .......... .......... .......... .......... 35%  431K 9m46s
 59300K .......... .......... .......... .......... .......... 35%  381K 9m45s
 59350K .......... .......... .......... .......... .......... 35%  292K 9m45s
 59400K .......... .......... .......... .......... .......... 35%  471K 9m44s
 59450K .......... .......... .......... .......... .......... 35%  286K 9m43s
 59500K .......... .......... .......... .......... .......... 35%  590K 9m43s
 59550K .......... .......... .......... .......... .......... 35%  300K 9m42s
 59600K .......... .......... .......... .......... .......... 35%  120K 9m42s
 59650K .......... .......... .......... .......... .......... 35%  459K 9m42s
 59700K .......... .......... .......... .......... .......... 35%  264K 9m41s
 59750K .......... .......... .......... .......... .......... 35%  356K 9m41s
 59800K .......... .......... .......... .......... .......... 35%  536K 9m40s
 59850K .......... .......... .......... .......... .......... 36%  193K 9m40s
 59900K .......... .......... .......... .......... .......... 36%  125K 9m40s
 59950K .......... .......... .......... .......... .......... 36%  205K 9m40s
 60000K .......... .......... .......... .......... .......... 36%  382K 9m39s
 60050K .......... .......... .......... .......... .......... 36%  292K 9m39s
 60100K .......... .......... .......... .......... .......... 36%  199K 9m38s
 60150K .......... .......... .......... .......... .......... 36%  337K 9m38s
 60200K .......... .......... .......... .......... .......... 36%  325K 9m37s
 60250K .......... .......... .......... .......... .......... 36%  450K 9m37s
 60300K .......... .......... .......... .......... .......... 36%  422K 9m36s
 60350K .......... .......... .......... .......... .......... 36%  360K 9m36s
 60400K .......... .......... .......... .......... .......... 36%  165K 9m36s
 60450K .......... .......... .......... .......... .......... 36%  225K 9m35s
 60500K .......... .......... .......... .......... .......... 36%  196K 9m35s
 60550K .......... .......... .......... .......... .......... 36%  565K 9m34s
 60600K .......... .......... .......... .......... .......... 36%  169K 9m34s
 60650K .......... .......... .......... .......... .......... 36%  319K 9m34s
 60700K .......... .......... .......... .......... .......... 36%  399K 9m33s
 60750K .......... .......... .......... .......... .......... 36%  351K 9m33s
 60800K .......... .......... .......... .......... .......... 36%  164K 9m32s
 60850K .......... .......... .......... .......... .......... 36%  311K 9m32s
 60900K .......... .......... .......... .......... .......... 36%  221K 9m32s
 60950K .......... .......... .......... .......... .......... 36%  159K 9m31s
 61000K .......... .......... .......... .......... .......... 36%  228K 9m31s
 61050K .......... .......... .......... .......... .......... 36%  364K 9m31s
 61100K .......... .......... .......... .......... .......... 36%  266K 9m30s
 61150K .......... .......... .......... .......... .......... 36%  333K 9m30s
 61200K .......... .......... .......... .......... .......... 36% 90.9K 9m30s
 61250K .......... .......... .......... .......... .......... 36%  345K 9m29s
 61300K .......... .......... .......... .......... .......... 36%  342K 9m29s
 61350K .......... .......... .......... .......... .......... 36%  424K 9m28s
 61400K .......... .......... .......... .......... .......... 36%  289K 9m28s
 61450K .......... .......... .......... .......... .......... 36%  412K 9m27s
 61500K .......... .......... .......... .......... .......... 37%  366K 9m27s
 61550K .......... .......... .......... .......... .......... 37% 71.7K 9m27s
 61600K .......... .......... .......... .......... .......... 37%  180K 9m27s
 61650K .......... .......... .......... .......... .......... 37% 97.6K 9m27s
 61700K .......... .......... .......... .......... .......... 37%  335K 9m27s
 61750K .......... .......... .......... .......... .......... 37%  284K 9m26s
 61800K .......... .......... .......... .......... .......... 37%  419K 9m26s
 61850K .......... .......... .......... .......... .......... 37%  226K 9m25s
 61900K .......... .......... .......... .......... .......... 37%  234K 9m25s
 61950K .......... .......... .......... .......... .......... 37%  201K 9m25s
 62000K .......... .......... .......... .......... .......... 37%  205K 9m24s
 62050K .......... .......... .......... .......... .......... 37%  343K 9m24s
 62100K .......... .......... .......... .......... .......... 37% 61.7K 9m25s
 62150K .......... .......... .......... .......... .......... 37% 94.0K 9m25s
 62200K .......... .......... .......... .......... .......... 37% 93.4K 9m25s
 62250K .......... .......... .......... .......... .......... 37%  238K 9m25s
 62300K .......... .......... .......... .......... .......... 37%  131K 9m24s
 62350K .......... .......... .......... .......... .......... 37%  123K 9m24s
 62400K .......... .......... .......... .......... .......... 37%  110K 9m24s
 62450K .......... .......... .......... .......... .......... 37% 50.7K 9m25s
 62500K .......... .......... .......... .......... .......... 37% 39.0K 9m27s
 62550K .......... .......... .......... .......... .......... 37%  359K 9m26s
 62600K .......... .......... .......... .......... .......... 37%  264K 9m26s
 62650K .......... .......... .......... .......... .......... 37%  115K 9m26s
 62700K .......... .......... .......... .......... .......... 37% 86.9K 9m26s
 62750K .......... .......... .......... .......... .......... 37%  127K 9m26s
 62800K .......... .......... .......... .......... .......... 37%  143K 9m26s
 62850K .......... .......... .......... .......... .......... 37%  129K 9m26s
 62900K .......... .......... .......... .......... .......... 37%  411K 9m25s
 62950K .......... .......... .......... .......... .......... 37%  256K 9m25s
 63000K .......... .......... .......... .......... .......... 37%  111K 9m25s
 63050K .......... .......... .......... .......... .......... 37% 37.4K 9m26s
 63100K .......... .......... .......... .......... .......... 37%  163K 9m26s
 63150K .......... .......... .......... .......... .......... 38%  184K 9m26s
 63200K .......... .......... .......... .......... .......... 38%  199K 9m25s
 63250K .......... .......... .......... .......... .......... 38%  104K 9m26s
 63300K .......... .......... .......... .......... .......... 38%  261K 9m25s
 63350K .......... .......... .......... .......... .......... 38%  215K 9m25s
 63400K .......... .......... .......... .......... .......... 38%  181K 9m25s
 63450K .......... .......... .......... .......... .......... 38% 45.9K 9m26s
 63500K .......... .......... .......... .......... .......... 38% 90.9K 9m26s
 63550K .......... .......... .......... .......... .......... 38%  320K 9m25s
 63600K .......... .......... .......... .......... .......... 38%  102K 9m25s
 63650K .......... .......... .......... .......... .......... 38%  348K 9m25s
 63700K .......... .......... .......... .......... .......... 38% 35.0K 9m26s
 63750K .......... .......... .......... .......... .......... 38%  150K 9m26s
 63800K .......... .......... .......... .......... .......... 38%  587K 9m26s
 63850K .......... .......... .......... .......... .......... 38% 46.8K 9m27s
 63900K .......... .......... .......... .......... .......... 38%  116K 9m27s
 63950K .......... .......... .......... .......... .......... 38% 84.1K 9m27s
 64000K .......... .......... .......... .......... .......... 38%  170K 9m27s
 64050K .......... .......... .......... .......... .......... 38%  167K 9m26s
 64100K .......... .......... .......... .......... .......... 38% 23.2K 9m29s
 64150K .......... .......... .......... .......... .......... 38% 60.3K 9m30s
 64200K .......... .......... .......... .......... .......... 38% 69.7K 9m30s
 64250K .......... .......... .......... .......... .......... 38% 54.6K 9m31s
 64300K .......... .......... .......... .......... .......... 38%  264K 9m30s
 64350K .......... .......... .......... .......... .......... 38%  335K 9m30s
 64400K .......... .......... .......... .......... .......... 38%  246K 9m30s
 64450K .......... .......... .......... .......... .......... 38%  138K 9m29s
 64500K .......... .......... .......... .......... .......... 38%  154K 9m29s
 64550K .......... .......... .......... .......... .......... 38%  255K 9m29s
 64600K .......... .......... .......... .......... .......... 38%  381K 9m28s
 64650K .......... .......... .......... .......... .......... 38% 99.4K 9m28s
 64700K .......... .......... .......... .......... .......... 38% 46.7K 9m29s
 64750K .......... .......... .......... .......... .......... 38%  198K 9m29s
 64800K .......... .......... .......... .......... .......... 39%  308K 9m28s
 64850K .......... .......... .......... .......... .......... 39%  131K 9m28s
 64900K .......... .......... .......... .......... .......... 39%  276K 9m28s
 64950K .......... .......... .......... .......... .......... 39% 75.1K 9m28s
 65000K .......... .......... .......... .......... .......... 39%  261K 9m28s
 65050K .......... .......... .......... .......... .......... 39%  516K 9m27s
 65100K .......... .......... .......... .......... .......... 39% 64.3K 9m28s
 65150K .......... .......... .......... .......... .......... 39%  107K 9m28s
 65200K .......... .......... .......... .......... .......... 39% 88.3K 9m28s
 65250K .......... .......... .......... .......... .......... 39% 68.7K 9m28s
 65300K .......... .......... .......... .......... .......... 39%  482K 9m28s
 65350K .......... .......... .......... .......... .......... 39% 91.6K 9m28s
 65400K .......... .......... .......... .......... .......... 39% 69.6K 9m28s
 65450K .......... .......... .......... .......... .......... 39%  115K 9m28s
 65500K .......... .......... .......... .......... .......... 39%  102K 9m28s
 65550K .......... .......... .......... .......... .......... 39%  482K 9m28s
 65600K .......... .......... .......... .......... .......... 39%  378K 9m27s
 65650K .......... .......... .......... .......... .......... 39%  349K 9m27s
 65700K .......... .......... .......... .......... .......... 39%  360K 9m26s
 65750K .......... .......... .......... .......... .......... 39%  927K 9m26s
 65800K .......... .......... .......... .......... .......... 39%  350K 9m25s
 65850K .......... .......... .......... .......... .......... 39%  503K 9m25s
 65900K .......... .......... .......... .......... .......... 39%  422K 9m24s
 65950K .......... .......... .......... .......... .......... 39%  378K 9m23s
 66000K .......... .......... .......... .......... .......... 39%  682K 9m23s
 66050K .......... .......... .......... .......... .......... 39%  280K 9m22s
 66100K .......... .......... .......... .......... .......... 39%  339K 9m22s
 66150K .......... .......... .......... .......... .......... 39%  283K 9m22s
 66200K .......... .......... .......... .......... .......... 39%  306K 9m21s
 66250K .......... .......... .......... .......... .......... 39%  273K 9m21s
 66300K .......... .......... .......... .......... .......... 39%  298K 9m20s
 66350K .......... .......... .......... .......... .......... 39%  262K 9m20s
 66400K .......... .......... .......... .......... .......... 39%  319K 9m19s
 66450K .......... .......... .......... .......... .......... 39%  231K 9m19s
 66500K .......... .......... .......... .......... .......... 40%  469K 9m18s
 66550K .......... .......... .......... .......... .......... 40%  182K 9m18s
 66600K .......... .......... .......... .......... .......... 40%  272K 9m18s
 66650K .......... .......... .......... .......... .......... 40%  709K 9m17s
 66700K .......... .......... .......... .......... .......... 40%  310K 9m17s
 66750K .......... .......... .......... .......... .......... 40%  308K 9m16s
 66800K .......... .......... .......... .......... .......... 40%  311K 9m16s
 66850K .......... .......... .......... .......... .......... 40%  180K 9m15s
 66900K .......... .......... .......... .......... .......... 40%  655K 9m15s
 66950K .......... .......... .......... .......... .......... 40%  269K 9m14s
 67000K .......... .......... .......... .......... .......... 40%  293K 9m14s
 67050K .......... .......... .......... .......... .......... 40%  245K 9m14s
 67100K .......... .......... .......... .......... .......... 40%  228K 9m13s
 67150K .......... .......... .......... .......... .......... 40%  332K 9m13s
 67200K .......... .......... .......... .......... .......... 40%  271K 9m12s
 67250K .......... .......... .......... .......... .......... 40%  200K 9m12s
 67300K .......... .......... .......... .......... .......... 40%  418K 9m12s
 67350K .......... .......... .......... .......... .......... 40%  365K 9m11s
 67400K .......... .......... .......... .......... .......... 40%  240K 9m11s
 67450K .......... .......... .......... .......... .......... 40%  478K 9m10s
 67500K .......... .......... .......... .......... .......... 40%  326K 9m10s
 67550K .......... .......... .......... .......... .......... 40%  295K 9m9s
 67600K .......... .......... .......... .......... .......... 40%  264K 9m9s
 67650K .......... .......... .......... .......... .......... 40%  368K 9m8s
 67700K .......... .......... .......... .......... .......... 40%  384K 9m8s
 67750K .......... .......... .......... .......... .......... 40%  413K 9m7s
 67800K .......... .......... .......... .......... .......... 40%  320K 9m7s
 67850K .......... .......... .......... .......... .......... 40%  208K 9m7s
 67900K .......... .......... .......... .......... .......... 40%  273K 9m6s
 67950K .......... .......... .......... .......... .......... 40%  223K 9m6s
 68000K .......... .......... .......... .......... .......... 40%  338K 9m5s
 68050K .......... .......... .......... .......... .......... 40%  477K 9m5s
 68100K .......... .......... .......... .......... .......... 40%  425K 9m4s
 68150K .......... .......... .......... .......... .......... 41%  224K 9m4s
 68200K .......... .......... .......... .......... .......... 41%  512K 9m3s
 68250K .......... .......... .......... .......... .......... 41%  281K 9m3s
 68300K .......... .......... .......... .......... .......... 41%  254K 9m3s
 68350K .......... .......... .......... .......... .......... 41%  427K 9m2s
 68400K .......... .......... .......... .......... .......... 41%  276K 9m2s
 68450K .......... .......... .......... .......... .......... 41%  394K 9m1s
 68500K .......... .......... .......... .......... .......... 41%  445K 9m1s
 68550K .......... .......... .......... .......... .......... 41%  309K 9m0s
 68600K .......... .......... .......... .......... .......... 41%  196K 9m0s
 68650K .......... .......... .......... .......... .......... 41%  260K 9m0s
 68700K .......... .......... .......... .......... .......... 41%  458K 8m59s
 68750K .......... .......... .......... .......... .......... 41%  305K 8m59s
 68800K .......... .......... .......... .......... .......... 41%  292K 8m58s
 68850K .......... .......... .......... .......... .......... 41%  363K 8m58s
 68900K .......... .......... .......... .......... .......... 41%  252K 8m57s
 68950K .......... .......... .......... .......... .......... 41%  350K 8m57s
 69000K .......... .......... .......... .......... .......... 41%  505K 8m56s
 69050K .......... .......... .......... .......... .......... 41%  268K 8m56s
 69100K .......... .......... .......... .......... .......... 41%  323K 8m55s
 69150K .......... .......... .......... .......... .......... 41%  309K 8m55s
 69200K .......... .......... .......... .......... .......... 41%  336K 8m55s
 69250K .......... .......... .......... .......... .......... 41%  237K 8m54s
 69300K .......... .......... .......... .......... .......... 41%  388K 8m54s
 69350K .......... .......... .......... .......... .......... 41%  338K 8m53s
 69400K .......... .......... .......... .......... .......... 41%  432K 8m53s
 69450K .......... .......... .......... .......... .......... 41%  219K 8m52s
 69500K .......... .......... .......... .......... .......... 41%  254K 8m52s
 69550K .......... .......... .......... .......... .......... 41%  269K 8m52s
 69600K .......... .......... .......... .......... .......... 41% 51.3K 8m52s
 69650K .......... .......... .......... .......... .......... 41% 42.0K 8m53s
 69700K .......... .......... .......... .......... .......... 41% 38.9K 8m54s
 69750K .......... .......... .......... .......... .......... 41% 61.9K 8m55s
 69800K .......... .......... .......... .......... .......... 42% 37.6K 8m56s
 69850K .......... .......... .......... .......... .......... 42%  136K 8m56s
 69900K .......... .......... .......... .......... .......... 42% 51.1K 8m57s
 69950K .......... .......... .......... .......... .......... 42% 30.4K 8m58s
 70000K .......... .......... .......... .......... .......... 42%  599K 8m58s
 70050K .......... .......... .......... .......... .......... 42%  150K 8m57s
 70100K .......... .......... .......... .......... .......... 42% 81.2K 8m58s
 70150K .......... .......... .......... .......... .......... 42% 97.9K 8m58s
 70200K .......... .......... .......... .......... .......... 42% 44.5K 8m59s
 70250K .......... .......... .......... .......... .......... 42% 46.7K 8m59s
 70300K .......... .......... .......... .......... .......... 42%  511K 8m59s
 70350K .......... .......... .......... .......... .......... 42%  126K 8m59s
 70400K .......... .......... .......... .......... .......... 42% 24.7K 9m1s
 70450K .......... .......... .......... .......... .......... 42% 34.7K 9m2s
 70500K .......... .......... .......... .......... .......... 42% 66.7K 9m2s
 70550K .......... .......... .......... .......... .......... 42% 89.9K 9m3s
 70600K .......... .......... .......... .......... .......... 42% 45.6K 9m3s
 70650K .......... .......... .......... .......... .......... 42% 74.9K 9m4s
 70700K .......... .......... .......... .......... .......... 42% 31.7K 9m5s
 70750K .......... .......... .......... .......... .......... 42% 42.9K 9m6s
 70800K .......... .......... .......... .......... .......... 42% 34.9K 9m7s
 70850K .......... .......... .......... .......... .......... 42%  270K 9m7s
 70900K .......... .......... .......... .......... .......... 42% 78.9K 9m7s
 70950K .......... .......... .......... .......... .......... 42% 65.2K 9m7s
 71000K .......... .......... .......... .......... .......... 42%  367K 9m7s
 71050K .......... .......... .......... .......... .......... 42% 88.2K 9m7s
 71100K .......... .......... .......... .......... .......... 42% 25.8K 9m9s
 71150K .......... .......... .......... .......... .......... 42% 47.8K 9m10s
 71200K .......... .......... .......... .......... .......... 42%  102K 9m10s
 71250K .......... .......... .......... .......... .......... 42% 64.1K 9m10s
 71300K .......... .......... .......... .......... .......... 42%  323K 9m9s
 71350K .......... .......... .......... .......... .......... 42% 48.4K 9m10s
 71400K .......... .......... .......... .......... .......... 42% 35.6K 9m11s
 71450K .......... .......... .......... .......... .......... 43%  318K 9m11s
 71500K .......... .......... .......... .......... .......... 43% 91.0K 9m11s
 71550K .......... .......... .......... .......... .......... 43% 82.5K 9m11s
 71600K .......... .......... .......... .......... .......... 43% 82.8K 9m11s
 71650K .......... .......... .......... .......... .......... 43% 58.9K 9m12s
 71700K .......... .......... .......... .......... .......... 43% 47.7K 9m12s
 71750K .......... .......... .......... .......... .......... 43% 60.1K 9m13s
 71800K .......... .......... .......... .......... .......... 43% 85.1K 9m13s
 71850K .......... .......... .......... .......... .......... 43% 43.7K 9m14s
 71900K .......... .......... .......... .......... .......... 43%  574K 9m13s
 71950K .......... .......... .......... .......... .......... 43% 62.7K 9m13s
 72000K .......... .......... .......... .......... .......... 43% 29.6K 9m15s
 72050K .......... .......... .......... .......... .......... 43% 48.9K 9m16s
 72100K .......... .......... .......... .......... .......... 43% 68.3K 9m16s
 72150K .......... .......... .......... .......... .......... 43% 38.5K 9m17s
 72200K .......... .......... .......... .......... .......... 43%  516K 9m16s
 72250K .......... .......... .......... .......... .......... 43% 53.3K 9m17s
 72300K .......... .......... .......... .......... .......... 43% 25.2K 9m19s
 72350K .......... .......... .......... .......... .......... 43% 59.0K 9m19s
 72400K .......... .......... .......... .......... .......... 43% 58.7K 9m20s
 72450K .......... .......... .......... .......... .......... 43% 90.4K 9m20s
 72500K .......... .......... .......... .......... .......... 43% 34.1K 9m21s
 72550K .......... .......... .......... .......... .......... 43% 86.4K 9m21s
 72600K .......... .......... .......... .......... .......... 43% 24.3K 9m23s
 72650K .......... .......... .......... .......... .......... 43% 54.0K 9m23s
 72700K .......... .......... .......... .......... .......... 43% 68.6K 9m24s
 72750K .......... .......... .......... .......... .......... 43%  152K 9m23s
 72800K .......... .......... .......... .......... .......... 43% 49.2K 9m24s
 72850K .......... .......... .......... .......... .......... 43% 48.7K 9m25s
 72900K .......... .......... .......... .......... .......... 43% 85.2K 9m25s
 72950K .......... .......... .......... .......... .......... 43% 30.7K 9m26s
 73000K .......... .......... .......... .......... .......... 43% 42.7K 9m27s
 73050K .......... .......... .......... .......... .......... 43% 76.3K 9m27s
 73100K .......... .......... .......... .......... .......... 43% 49.0K 9m28s
 73150K .......... .......... .......... .......... .......... 44% 59.4K 9m28s
 73200K .......... .......... .......... .......... .......... 44% 84.7K 9m28s
 73250K .......... .......... .......... .......... .......... 44% 93.3K 9m28s
 73300K .......... .......... .......... .......... .......... 44% 38.7K 9m29s
 73350K .......... .......... .......... .......... .......... 44% 81.1K 9m29s
 73400K .......... .......... .......... .......... .......... 44% 35.3K 9m30s
 73450K .......... .......... .......... .......... .......... 44%  106K 9m30s
 73500K .......... .......... .......... .......... .......... 44%  116K 9m30s
 73550K .......... .......... .......... .......... .......... 44% 59.2K 9m30s
 73600K .......... .......... .......... .......... .......... 44%  114K 9m30s
 73650K .......... .......... .......... .......... .......... 44% 27.7K 9m32s
 73700K .......... .......... .......... .......... .......... 44% 69.5K 9m32s
 73750K .......... .......... .......... .......... .......... 44%  386K 9m31s
 73800K .......... .......... .......... .......... .......... 44%  560K 9m31s
 73850K .......... .......... .......... .......... .......... 44%  253K 9m30s
 73900K .......... .......... .......... .......... .......... 44%  237K 9m30s
 73950K .......... .......... .......... .......... .......... 44%  264K 9m29s
 74000K .......... .......... .......... .......... .......... 44%  497K 9m29s
 74050K .......... .......... .......... .......... .......... 44%  621K 9m28s
 74100K .......... .......... .......... .......... .......... 44%  351K 9m28s
 74150K .......... .......... .......... .......... .......... 44%  388K 9m27s
 74200K .......... .......... .......... .......... .......... 44%  276K 9m27s
 74250K .......... .......... .......... .......... .......... 44%  147K 9m27s
 74300K .......... .......... .......... .......... .......... 44%  339K 9m26s
 74350K .......... .......... .......... .......... .......... 44%  157K 9m26s
 74400K .......... .......... .......... .......... .......... 44%  237K 9m25s
 74450K .......... .......... .......... .......... .......... 44%  504K 9m25s
 74500K .......... .......... .......... .......... .......... 44%  168K 9m24s
 74550K .......... .......... .......... .......... .......... 44% 96.7K 9m24s
 74600K .......... .......... .......... .......... .......... 44%  222K 9m24s
 74650K .......... .......... .......... .......... .......... 44%  284K 9m23s
 74700K .......... .......... .......... .......... .......... 44%  332K 9m23s
 74750K .......... .......... .......... .......... .......... 44%  362K 9m22s
 74800K .......... .......... .......... .......... .......... 45%  551K 9m22s
 74850K .......... .......... .......... .......... .......... 45%  200K 9m22s
 74900K .......... .......... .......... .......... .......... 45%  436K 9m21s
 74950K .......... .......... .......... .......... .......... 45% 68.8K 9m21s
 75000K .......... .......... .......... .......... .......... 45%  251K 9m21s
 75050K .......... .......... .......... .......... .......... 45%  471K 9m20s
 75100K .......... .......... .......... .......... .......... 45%  148K 9m20s
 75150K .......... .......... .......... .......... .......... 45%  227K 9m20s
 75200K .......... .......... .......... .......... .......... 45%  125K 9m19s
 75250K .......... .......... .......... .......... .......... 45%  297K 9m19s
 75300K .......... .......... .......... .......... .......... 45%  441K 9m18s
 75350K .......... .......... .......... .......... .......... 45%  311K 9m18s
 75400K .......... .......... .......... .......... .......... 45%  271K 9m17s
 75450K .......... .......... .......... .......... .......... 45%  169K 9m17s
 75500K .......... .......... .......... .......... .......... 45%  722K 9m16s
 75550K .......... .......... .......... .......... .......... 45%  538K 9m16s
 75600K .......... .......... .......... .......... .......... 45%  216K 9m15s
 75650K .......... .......... .......... .......... .......... 45%  249K 9m15s
 75700K .......... .......... .......... .......... .......... 45%  130K 9m15s
 75750K .......... .......... .......... .......... .......... 45%  121K 9m15s
 75800K .......... .......... .......... .......... .......... 45%  217K 9m14s
 75850K .......... .......... .......... .......... .......... 45%  191K 9m14s
 75900K .......... .......... .......... .......... .......... 45%  228K 9m13s
 75950K .......... .......... .......... .......... .......... 45%  467K 9m13s
 76000K .......... .......... .......... .......... .......... 45%  235K 9m13s
 76050K .......... .......... .......... .......... .......... 45%  262K 9m12s
 76100K .......... .......... .......... .......... .......... 45%  109K 9m12s
 76150K .......... .......... .......... .......... .......... 45%  658K 9m11s
 76200K .......... .......... .......... .......... .......... 45%  180K 9m11s
 76250K .......... .......... .......... .......... .......... 45%  286K 9m11s
 76300K .......... .......... .......... .......... .......... 45%  361K 9m10s
 76350K .......... .......... .......... .......... .......... 45%  216K 9m10s
 76400K .......... .......... .......... .......... .......... 45%  224K 9m9s
 76450K .......... .......... .......... .......... .......... 46%  419K 9m9s
 76500K .......... .......... .......... .......... .......... 46%  149K 9m8s
 76550K .......... .......... .......... .......... .......... 46%  420K 9m8s
 76600K .......... .......... .......... .......... .......... 46%  329K 9m7s
 76650K .......... .......... .......... .......... .......... 46%  238K 9m7s
 76700K .......... .......... .......... .......... .......... 46%  439K 9m7s
 76750K .......... .......... .......... .......... .......... 46%  238K 9m6s
 76800K .......... .......... .......... .......... .......... 46%  123K 9m6s
 76850K .......... .......... .......... .......... .......... 46%  175K 9m6s
 76900K .......... .......... .......... .......... .......... 46%  102K 9m6s
 76950K .......... .......... .......... .......... .......... 46%  483K 9m5s
 77000K .......... .......... .......... .......... .......... 46%  457K 9m4s
 77050K .......... .......... .......... .......... .......... 46%  204K 9m4s
 77100K .......... .......... .......... .......... .......... 46%  319K 9m4s
 77150K .......... .......... .......... .......... .......... 46%  141K 9m3s
 77200K .......... .......... .......... .......... .......... 46%  218K 9m3s
 77250K .......... .......... .......... .......... .......... 46%  424K 9m2s
 77300K .......... .......... .......... .......... .......... 46%  255K 9m2s
 77350K .......... .......... .......... .......... .......... 46%  144K 9m2s
 77400K .......... .......... .......... .......... .......... 46%  117K 9m2s
 77450K .......... .......... .......... .......... .......... 46%  185K 9m1s
 77500K .......... .......... .......... .......... .......... 46%  118K 9m1s
 77550K .......... .......... .......... .......... .......... 46%  146K 9m1s
 77600K .......... .......... .......... .......... .......... 46%  183K 9m0s
 77650K .......... .......... .......... .......... .......... 46%  539K 9m0s
 77700K .......... .......... .......... .......... .......... 46%  193K 9m0s
 77750K .......... .......... .......... .......... .......... 46%  587K 8m59s
 77800K .......... .......... .......... .......... .......... 46%  217K 8m59s
 77850K .......... .......... .......... .......... .......... 46%  187K 8m58s
 77900K .......... .......... .......... .......... .......... 46%  437K 8m58s
 77950K .......... .......... .......... .......... .......... 46%  332K 8m57s
 78000K .......... .......... .......... .......... .......... 46%  705K 8m57s
 78050K .......... .......... .......... .......... .......... 46%  489K 8m56s
 78100K .......... .......... .......... .......... .......... 47%  116K 8m56s
 78150K .......... .......... .......... .......... .......... 47%  984K 8m55s
 78200K .......... .......... .......... .......... .......... 47%  394K 8m55s
 78250K .......... .......... .......... .......... .......... 47%  254K 8m54s
 78300K .......... .......... .......... .......... .......... 47%  610K 8m54s
 78350K .......... .......... .......... .......... .......... 47%  434K 8m53s
 78400K .......... .......... .......... .......... .......... 47%  281K 8m53s
 78450K .......... .......... .......... .......... .......... 47%  369K 8m52s
 78500K .......... .......... .......... .......... .......... 47%  361K 8m52s
 78550K .......... .......... .......... .......... .......... 47%  393K 8m51s
 78600K .......... .......... .......... .......... .......... 47%  212K 8m51s
 78650K .......... .......... .......... .......... .......... 47%  479K 8m51s
 78700K .......... .......... .......... .......... .......... 47%  183K 8m50s
 78750K .......... .......... .......... .......... .......... 47%  284K 8m50s
 78800K .......... .......... .......... .......... .......... 47%  356K 8m49s
 78850K .......... .......... .......... .......... .......... 47%  407K 8m49s
 78900K .......... .......... .......... .......... .......... 47%  192K 8m48s
 78950K .......... .......... .......... .......... .......... 47%  212K 8m48s
 79000K .......... .......... .......... .......... .......... 47%  347K 8m48s
 79050K .......... .......... .......... .......... .......... 47%  378K 8m47s
 79100K .......... .......... .......... .......... .......... 47%  343K 8m47s
 79150K .......... .......... .......... .......... .......... 47%  402K 8m46s
 79200K .......... .......... .......... .......... .......... 47%  128K 8m46s
 79250K .......... .......... .......... .......... .......... 47%  425K 8m45s
 79300K .......... .......... .......... .......... .......... 47%  411K 8m45s
 79350K .......... .......... .......... .......... .......... 47%  341K 8m44s
 79400K .......... .......... .......... .......... .......... 47%  298K 8m44s
 79450K .......... .......... .......... .......... .......... 47%  419K 8m44s
 79500K .......... .......... .......... .......... .......... 47%  461K 8m43s
 79550K .......... .......... .......... .......... .......... 47%  298K 8m43s
 79600K .......... .......... .......... .......... .......... 47%  348K 8m42s
 79650K .......... .......... .......... .......... .......... 47%  456K 8m42s
 79700K .......... .......... .......... .......... .......... 47%  230K 8m41s
 79750K .......... .......... .......... .......... .......... 47%  579K 8m41s
 79800K .......... .......... .......... .......... .......... 48%  329K 8m40s
 79850K .......... .......... .......... .......... .......... 48%  420K 8m40s
 79900K .......... .......... .......... .......... .......... 48%  328K 8m39s
 79950K .......... .......... .......... .......... .......... 48%  214K 8m39s
 80000K .......... .......... .......... .......... .......... 48%  354K 8m38s
 80050K .......... .......... .......... .......... .......... 48%  309K 8m38s
 80100K .......... .......... .......... .......... .......... 48%  262K 8m38s
 80150K .......... .......... .......... .......... .......... 48%  292K 8m37s
 80200K .......... .......... .......... .......... .......... 48%  299K 8m37s
 80250K .......... .......... .......... .......... .......... 48%  365K 8m36s
 80300K .......... .......... .......... .......... .......... 48%  342K 8m36s
 80350K .......... .......... .......... .......... .......... 48%  591K 8m35s
 80400K .......... .......... .......... .......... .......... 48%  624K 8m35s
 80450K .......... .......... .......... .......... .......... 48%  225K 8m34s
 80500K .......... .......... .......... .......... .......... 48%  392K 8m34s
 80550K .......... .......... .......... .......... .......... 48%  305K 8m33s
 80600K .......... .......... .......... .......... .......... 48%  201K 8m33s
 80650K .......... .......... .......... .......... .......... 48%  342K 8m33s
 80700K .......... .......... .......... .......... .......... 48%  365K 8m32s
 80750K .......... .......... .......... .......... .......... 48%  160K 8m32s
 80800K .......... .......... .......... .......... .......... 48%  467K 8m31s
 80850K .......... .......... .......... .......... .......... 48%  369K 8m31s
 80900K .......... .......... .......... .......... .......... 48%  366K 8m30s
 80950K .......... .......... .......... .......... .......... 48%  372K 8m30s
 81000K .......... .......... .......... .......... .......... 48%  529K 8m29s
 81050K .......... .......... .......... .......... .......... 48%  681K 8m29s
 81100K .......... .......... .......... .......... .......... 48%  314K 8m28s
 81150K .......... .......... .......... .......... .......... 48%  270K 8m28s
 81200K .......... .......... .......... .......... .......... 48%  350K 8m27s
 81250K .......... .......... .......... .......... .......... 48%  360K 8m27s
 81300K .......... .......... .......... .......... .......... 48%  303K 8m27s
 81350K .......... .......... .......... .......... .......... 48%  407K 8m26s
 81400K .......... .......... .......... .......... .......... 48%  433K 8m26s
 81450K .......... .......... .......... .......... .......... 49%  192K 8m25s
 81500K .......... .......... .......... .......... .......... 49%  255K 8m25s
 81550K .......... .......... .......... .......... .......... 49%  348K 8m24s
 81600K .......... .......... .......... .......... .......... 49%  368K 8m24s
 81650K .......... .......... .......... .......... .......... 49%  444K 8m23s
 81700K .......... .......... .......... .......... .......... 49%  226K 8m23s
 81750K .......... .......... .......... .......... .......... 49%  394K 8m23s
 81800K .......... .......... .......... .......... .......... 49%  416K 8m22s
 81850K .......... .......... .......... .......... .......... 49%  263K 8m22s
 81900K .......... .......... .......... .......... .......... 49%  535K 8m21s
 81950K .......... .......... .......... .......... .......... 49%  440K 8m21s
 82000K .......... .......... .......... .......... .......... 49%  778K 8m20s
 82050K .......... .......... .......... .......... .......... 49%  404K 8m20s
 82100K .......... .......... .......... .......... .......... 49%  361K 8m19s
 82150K .......... .......... .......... .......... .......... 49%  615K 8m19s
 82200K .......... .......... .......... .......... .......... 49%  263K 8m18s
 82250K .......... .......... .......... .......... .......... 49%  614K 8m18s
 82300K .......... .......... .......... .......... .......... 49%  352K 8m17s
 82350K .......... .......... .......... .......... .......... 49%  295K 8m17s
 82400K .......... .......... .......... .......... .......... 49%  610K 8m16s
 82450K .......... .......... .......... .......... .......... 49%  325K 8m16s
 82500K .......... .......... .......... .......... .......... 49%  355K 8m16s
 82550K .......... .......... .......... .......... .......... 49%  444K 8m15s
 82600K .......... .......... .......... .......... .......... 49%  281K 8m15s
 82650K .......... .......... .......... .......... .......... 49%  793K 8m14s
 82700K .......... .......... .......... .......... .......... 49%  403K 8m14s
 82750K .......... .......... .......... .......... .......... 49%  333K 8m13s
 82800K .......... .......... .......... .......... .......... 49%  269K 8m13s
 82850K .......... .......... .......... .......... .......... 49%  348K 8m12s
 82900K .......... .......... .......... .......... .......... 49%  373K 8m12s
 82950K .......... .......... .......... .......... .......... 49%  516K 8m11s
 83000K .......... .......... .......... .......... .......... 49%  150K 8m11s
 83050K .......... .......... .......... .......... .......... 49%  463K 8m11s
 83100K .......... .......... .......... .......... .......... 50%  291K 8m10s
 83150K .......... .......... .......... .......... .......... 50%  426K 8m10s
 83200K .......... .......... .......... .......... .......... 50%  486K 8m9s
 83250K .......... .......... .......... .......... .......... 50%  610K 8m9s
 83300K .......... .......... .......... .......... .......... 50%  236K 8m8s
 83350K .......... .......... .......... .......... .......... 50%  283K 8m8s
 83400K .......... .......... .......... .......... .......... 50%  545K 8m7s
 83450K .......... .......... .......... .......... .......... 50%  508K 8m7s
 83500K .......... .......... .......... .......... .......... 50%  238K 8m7s
 83550K .......... .......... .......... .......... .......... 50%  612K 8m6s
 83600K .......... .......... .......... .......... .......... 50%  283K 8m6s
 83650K .......... .......... .......... .......... .......... 50%  541K 8m5s
 83700K .......... .......... .......... .......... .......... 50%  402K 8m5s
 83750K .......... .......... .......... .......... .......... 50%  316K 8m4s
 83800K .......... .......... .......... .......... .......... 50%  496K 8m4s
 83850K .......... .......... .......... .......... .......... 50%  318K 8m3s
 83900K .......... .......... .......... .......... .......... 50%  405K 8m3s
 83950K .......... .......... .......... .......... .......... 50%  453K 8m2s
 84000K .......... .......... .......... .......... .......... 50%  548K 8m2s
 84050K .......... .......... .......... .......... .......... 50%  228K 8m2s
 84100K .......... .......... .......... .......... .......... 50%  434K 8m1s
 84150K .......... .......... .......... .......... .......... 50%  365K 8m1s
 84200K .......... .......... .......... .......... .......... 50%  285K 8m0s
 84250K .......... .......... .......... .......... .......... 50%  363K 8m0s
 84300K .......... .......... .......... .......... .......... 50%  369K 7m59s
 84350K .......... .......... .......... .......... .......... 50%  321K 7m59s
 84400K .......... .......... .......... .......... .......... 50%  337K 7m59s
 84450K .......... .......... .......... .......... .......... 50%  484K 7m58s
 84500K .......... .......... .......... .......... .......... 50%  386K 7m58s
 84550K .......... .......... .......... .......... .......... 50%  276K 7m57s
 84600K .......... .......... .......... .......... .......... 50%  557K 7m57s
 84650K .......... .......... .......... .......... .......... 50%  321K 7m56s
 84700K .......... .......... .......... .......... .......... 50%  442K 7m56s
 84750K .......... .......... .......... .......... .......... 51%  314K 7m55s
 84800K .......... .......... .......... .......... .......... 51%  319K 7m55s
 84850K .......... .......... .......... .......... .......... 51%  247K 7m55s
 84900K .......... .......... .......... .......... .......... 51%  340K 7m54s
 84950K .......... .......... .......... .......... .......... 51%  349K 7m54s
 85000K .......... .......... .......... .......... .......... 51%  455K 7m53s
 85050K .......... .......... .......... .......... .......... 51%  397K 7m53s
 85100K .......... .......... .......... .......... .......... 51%  279K 7m52s
 85150K .......... .......... .......... .......... .......... 51%  402K 7m52s
 85200K .......... .......... .......... .......... .......... 51%  264K 7m52s
 85250K .......... .......... .......... .......... .......... 51%  539K 7m51s
 85300K .......... .......... .......... .......... .......... 51%  360K 7m51s
 85350K .......... .......... .......... .......... .......... 51%  276K 7m50s
 85400K .......... .......... .......... .......... .......... 51%  527K 7m50s
 85450K .......... .......... .......... .......... .......... 51%  388K 7m49s
 85500K .......... .......... .......... .......... .......... 51%  455K 7m49s
 85550K .......... .......... .......... .......... .......... 51%  327K 7m48s
 85600K .......... .......... .......... .......... .......... 51%  319K 7m48s
 85650K .......... .......... .......... .......... .......... 51%  516K 7m48s
 85700K .......... .......... .......... .......... .......... 51%  449K 7m47s
 85750K .......... .......... .......... .......... .......... 51%  240K 7m47s
 85800K .......... .......... .......... .......... .......... 51%  348K 7m46s
 85850K .......... .......... .......... .......... .......... 51%  605K 7m46s
 85900K .......... .......... .......... .......... .......... 51%  317K 7m45s
 85950K .......... .......... .......... .......... .......... 51%  361K 7m45s
 86000K .......... .......... .......... .......... .......... 51%  903K 7m45s
 86050K .......... .......... .......... .......... .......... 51%  451K 7m44s
 86100K .......... .......... .......... .......... .......... 51%  806K 7m44s
 86150K .......... .......... .......... .......... .......... 51%  108K 7m43s
 86200K .......... .......... .......... .......... .......... 51%  716K 7m43s
 86250K .......... .......... .......... .......... .......... 51%  594K 7m42s
 86300K .......... .......... .......... .......... .......... 51%  480K 7m42s
 86350K .......... .......... .......... .......... .......... 51%  416K 7m42s
 86400K .......... .......... .......... .......... .......... 51%  298K 7m41s
 86450K .......... .......... .......... .......... .......... 52%  264K 7m41s
 86500K .......... .......... .......... .......... .......... 52%  534K 7m40s
 86550K .......... .......... .......... .......... .......... 52%  499K 7m40s
 86600K .......... .......... .......... .......... .......... 52%  340K 7m39s
 86650K .......... .......... .......... .......... .......... 52%  426K 7m39s
 86700K .......... .......... .......... .......... .......... 52%  337K 7m39s
 86750K .......... .......... .......... .......... .......... 52%  249K 7m38s
 86800K .......... .......... .......... .......... .......... 52%  286K 7m38s
 86850K .......... .......... .......... .......... .......... 52%  396K 7m37s
 86900K .......... .......... .......... .......... .......... 52%  579K 7m37s
 86950K .......... .......... .......... .......... .......... 52%  284K 7m36s
 87000K .......... .......... .......... .......... .......... 52%  689K 7m36s
 87050K .......... .......... .......... .......... .......... 52%  146K 7m36s
 87100K .......... .......... .......... .......... .......... 52%  199K 7m35s
 87150K .......... .......... .......... .......... .......... 52%  430K 7m35s
 87200K .......... .......... .......... .......... .......... 52%  348K 7m35s
 87250K .......... .......... .......... .......... .......... 52%  242K 7m34s
 87300K .......... .......... .......... .......... .......... 52%  193K 7m34s
 87350K .......... .......... .......... .......... .......... 52%  244K 7m34s
 87400K .......... .......... .......... .......... .......... 52%  375K 7m33s
 87450K .......... .......... .......... .......... .......... 52%  262K 7m33s
 87500K .......... .......... .......... .......... .......... 52%  282K 7m32s
 87550K .......... .......... .......... .......... .......... 52%  141K 7m32s
 87600K .......... .......... .......... .......... .......... 52%  297K 7m32s
 87650K .......... .......... .......... .......... .......... 52%  470K 7m31s
 87700K .......... .......... .......... .......... .......... 52%  228K 7m31s
 87750K .......... .......... .......... .......... .......... 52%  162K 7m31s
 87800K .......... .......... .......... .......... .......... 52%  350K 7m30s
 87850K .......... .......... .......... .......... .......... 52%  222K 7m30s
 87900K .......... .......... .......... .......... .......... 52%  401K 7m29s
 87950K .......... .......... .......... .......... .......... 52%  255K 7m29s
 88000K .......... .......... .......... .......... .......... 52%  136K 7m29s
 88050K .......... .......... .......... .......... .......... 52%  235K 7m29s
 88100K .......... .......... .......... .......... .......... 53%  161K 7m28s
 88150K .......... .......... .......... .......... .......... 53%  625K 7m28s
 88200K .......... .......... .......... .......... .......... 53%  588K 7m27s
 88250K .......... .......... .......... .......... .......... 53%  345K 7m27s
 88300K .......... .......... .......... .......... .......... 53%  458K 7m26s
 88350K .......... .......... .......... .......... .......... 53%  371K 7m26s
 88400K .......... .......... .......... .......... .......... 53%  330K 7m26s
 88450K .......... .......... .......... .......... .......... 53%  289K 7m25s
 88500K .......... .......... .......... .......... .......... 53%  302K 7m25s
 88550K .......... .......... .......... .......... .......... 53%  434K 7m24s
 88600K .......... .......... .......... .......... .......... 53%  180K 7m24s
 88650K .......... .......... .......... .......... .......... 53%  198K 7m24s
 88700K .......... .......... .......... .......... .......... 53%  229K 7m24s
 88750K .......... .......... .......... .......... .......... 53%  555K 7m23s
 88800K .......... .......... .......... .......... .......... 53%  450K 7m23s
 88850K .......... .......... .......... .......... .......... 53%  301K 7m22s
 88900K .......... .......... .......... .......... .......... 53%  330K 7m22s
 88950K .......... .......... .......... .......... .......... 53%  273K 7m21s
 89000K .......... .......... .......... .......... .......... 53%  344K 7m21s
 89050K .......... .......... .......... .......... .......... 53%  409K 7m21s
 89100K .......... .......... .......... .......... .......... 53%  407K 7m20s
 89150K .......... .......... .......... .......... .......... 53%  388K 7m20s
 89200K .......... .......... .......... .......... .......... 53%  263K 7m19s
 89250K .......... .......... .......... .......... .......... 53%  673K 7m19s
 89300K .......... .......... .......... .......... .......... 53%  353K 7m19s
 89350K .......... .......... .......... .......... .......... 53%  259K 7m18s
 89400K .......... .......... .......... .......... .......... 53%  502K 7m18s
 89450K .......... .......... .......... .......... .......... 53%  272K 7m17s
 89500K .......... .......... .......... .......... .......... 53%  213K 7m17s
 89550K .......... .......... .......... .......... .......... 53%  427K 7m17s
 89600K .......... .......... .......... .......... .......... 53%  215K 7m16s
 89650K .......... .......... .......... .......... .......... 53%  344K 7m16s
 89700K .......... .......... .......... .......... .......... 53%  215K 7m16s
 89750K .......... .......... .......... .......... .......... 54%  361K 7m15s
 89800K .......... .......... .......... .......... .......... 54%  363K 7m15s
 89850K .......... .......... .......... .......... .......... 54%  257K 7m14s
 89900K .......... .......... .......... .......... .......... 54%  304K 7m14s
 89950K .......... .......... .......... .......... .......... 54%  237K 7m14s
 90000K .......... .......... .......... .......... .......... 54%  287K 7m13s
 90050K .......... .......... .......... .......... .......... 54%  436K 7m13s
 90100K .......... .......... .......... .......... .......... 54%  407K 7m12s
 90150K .......... .......... .......... .......... .......... 54%  225K 7m12s
 90200K .......... .......... .......... .......... .......... 54%  486K 7m12s
 90250K .......... .......... .......... .......... .......... 54%  301K 7m11s
 90300K .......... .......... .......... .......... .......... 54%  304K 7m11s
 90350K .......... .......... .......... .......... .......... 54%  316K 7m10s
 90400K .......... .......... .......... .......... .......... 54%  275K 7m10s
 90450K .......... .......... .......... .......... .......... 54%  364K 7m10s
 90500K .......... .......... .......... .......... .......... 54%  422K 7m9s
 90550K .......... .......... .......... .......... .......... 54%  283K 7m9s
 90600K .......... .......... .......... .......... .......... 54%  411K 7m8s
 90650K .......... .......... .......... .......... .......... 54%  452K 7m8s
 90700K .......... .......... .......... .......... .......... 54%  154K 7m8s
 90750K .......... .......... .......... .......... .......... 54%  312K 7m7s
 90800K .......... .......... .......... .......... .......... 54%  303K 7m7s
 90850K .......... .......... .......... .......... .......... 54%  351K 7m7s
 90900K .......... .......... .......... .......... .......... 54%  249K 7m6s
 90950K .......... .......... .......... .......... .......... 54%  282K 7m6s
 91000K .......... .......... .......... .......... .......... 54%  332K 7m6s
 91050K .......... .......... .......... .......... .......... 54%  223K 7m5s
 91100K .......... .......... .......... .......... .......... 54%  272K 7m5s
 91150K .......... .......... .......... .......... .......... 54%  554K 7m4s
 91200K .......... .......... .......... .......... .......... 54%  198K 7m4s
 91250K .......... .......... .......... .......... .......... 54%  151K 7m4s
 91300K .......... .......... .......... .......... .......... 54%  258K 7m3s
 91350K .......... .......... .......... .......... .......... 54%  119K 7m3s
 91400K .......... .......... .......... .......... .......... 55%  545K 7m3s
 91450K .......... .......... .......... .......... .......... 55%  133K 7m3s
 91500K .......... .......... .......... .......... .......... 55%  247K 7m2s
 91550K .......... .......... .......... .......... .......... 55%  424K 7m2s
 91600K .......... .......... .......... .......... .......... 55%  259K 7m2s
 91650K .......... .......... .......... .......... .......... 55%  414K 7m1s
 91700K .......... .......... .......... .......... .......... 55%  253K 7m1s
 91750K .......... .......... .......... .......... .......... 55%  282K 7m0s
 91800K .......... .......... .......... .......... .......... 55%  266K 7m0s
 91850K .......... .......... .......... .......... .......... 55%  262K 7m0s
 91900K .......... .......... .......... .......... .......... 55%  281K 6m59s
 91950K .......... .......... .......... .......... .......... 55%  232K 6m59s
 92000K .......... .......... .......... .......... .......... 55%  349K 6m59s
 92050K .......... .......... .......... .......... .......... 55%  264K 6m58s
 92100K .......... .......... .......... .......... .......... 55%  317K 6m58s
 92150K .......... .......... .......... .......... .......... 55%  701K 6m57s
 92200K .......... .......... .......... .......... .......... 55%  288K 6m57s
 92250K .......... .......... .......... .......... .......... 55%  195K 6m57s
 92300K .......... .......... .......... .......... .......... 55%  502K 6m56s
 92350K .......... .......... .......... .......... .......... 55%  194K 6m56s
 92400K .......... .......... .......... .......... .......... 55%  279K 6m56s
 92450K .......... .......... .......... .......... .......... 55%  203K 6m55s
 92500K .......... .......... .......... .......... .......... 55%  488K 6m55s
 92550K .......... .......... .......... .......... .......... 55%  229K 6m55s
 92600K .......... .......... .......... .......... .......... 55%  241K 6m54s
 92650K .......... .......... .......... .......... .......... 55%  266K 6m54s
 92700K .......... .......... .......... .......... .......... 55%  209K 6m54s
 92750K .......... .......... .......... .......... .......... 55%  341K 6m53s
 92800K .......... .......... .......... .......... .......... 55%  360K 6m53s
 92850K .......... .......... .......... .......... .......... 55%  174K 6m52s
 92900K .......... .......... .......... .......... .......... 55%  283K 6m52s
 92950K .......... .......... .......... .......... .......... 55%  214K 6m52s
 93000K .......... .......... .......... .......... .......... 55%  271K 6m51s
 93050K .......... .......... .......... .......... .......... 55%  384K 6m51s
 93100K .......... .......... .......... .......... .......... 56%  389K 6m51s
 93150K .......... .......... .......... .......... .......... 56%  232K 6m50s
 93200K .......... .......... .......... .......... .......... 56%  321K 6m50s
 93250K .......... .......... .......... .......... .......... 56%  482K 6m50s
 93300K .......... .......... .......... .......... .......... 56%  341K 6m49s
 93350K .......... .......... .......... .......... .......... 56%  230K 6m49s
 93400K .......... .......... .......... .......... .......... 56%  560K 6m48s
 93450K .......... .......... .......... .......... .......... 56%  215K 6m48s
 93500K .......... .......... .......... .......... .......... 56%  318K 6m48s
 93550K .......... .......... .......... .......... .......... 56%  509K 6m47s
 93600K .......... .......... .......... .......... .......... 56%  243K 6m47s
 93650K .......... .......... .......... .......... .......... 56%  493K 6m47s
 93700K .......... .......... .......... .......... .......... 56%  314K 6m46s
 93750K .......... .......... .......... .......... .......... 56%  219K 6m46s
 93800K .......... .......... .......... .......... .......... 56%  545K 6m45s
 93850K .......... .......... .......... .......... .......... 56%  266K 6m45s
 93900K .......... .......... .......... .......... .......... 56%  228K 6m45s
 93950K .......... .......... .......... .......... .......... 56%  365K 6m44s
 94000K .......... .......... .......... .......... .......... 56%  334K 6m44s
 94050K .......... .......... .......... .......... .......... 56%  543K 6m44s
 94100K .......... .......... .......... .......... .......... 56%  312K 6m43s
 94150K .......... .......... .......... .......... .......... 56%  493K 6m43s
 94200K .......... .......... .......... .......... .......... 56%  144K 6m43s
 94250K .......... .......... .......... .......... .......... 56%  331K 6m42s
 94300K .......... .......... .......... .......... .......... 56%  416K 6m42s
 94350K .......... .......... .......... .......... .......... 56%  400K 6m41s
 94400K .......... .......... .......... .......... .......... 56%  516K 6m41s
 94450K .......... .......... .......... .......... .......... 56% 86.2K 6m41s
 94500K .......... .......... .......... .......... .......... 56%  350K 6m40s
 94550K .......... .......... .......... .......... .......... 56%  335K 6m40s
 94600K .......... .......... .......... .......... .......... 56%  249K 6m40s
 94650K .......... .......... .......... .......... .......... 56%  441K 6m39s
 94700K .......... .......... .......... .......... .......... 56%  338K 6m39s
 94750K .......... .......... .......... .......... .......... 57%  250K 6m39s
 94800K .......... .......... .......... .......... .......... 57%  450K 6m38s
 94850K .......... .......... .......... .......... .......... 57%  160K 6m38s
 94900K .......... .......... .......... .......... .......... 57%  294K 6m38s
 94950K .......... .......... .......... .......... .......... 57%  224K 6m37s
 95000K .......... .......... .......... .......... .......... 57%  176K 6m37s
 95050K .......... .......... .......... .......... .......... 57%  242K 6m37s
 95100K .......... .......... .......... .......... .......... 57% 89.4K 6m37s
 95150K .......... .......... .......... .......... .......... 57%  239K 6m36s
 95200K .......... .......... .......... .......... .......... 57%  443K 6m36s
 95250K .......... .......... .......... .......... .......... 57%  262K 6m36s
 95300K .......... .......... .......... .......... .......... 57%  297K 6m35s
 95350K .......... .......... .......... .......... .......... 57%  390K 6m35s
 95400K .......... .......... .......... .......... .......... 57%  343K 6m34s
 95450K .......... .......... .......... .......... .......... 57%  265K 6m34s
 95500K .......... .......... .......... .......... .......... 57%  296K 6m34s
 95550K .......... .......... .......... .......... .......... 57%  131K 6m34s
 95600K .......... .......... .......... .......... .......... 57%  319K 6m33s
 95650K .......... .......... .......... .......... .......... 57%  183K 6m33s
 95700K .......... .......... .......... .......... .......... 57%  166K 6m33s
 95750K .......... .......... .......... .......... .......... 57%  278K 6m32s
 95800K .......... .......... .......... .......... .......... 57% 85.8K 6m32s
 95850K .......... .......... .......... .......... .......... 57%  355K 6m32s
 95900K .......... .......... .......... .......... .......... 57%  372K 6m31s
 95950K .......... .......... .......... .......... .......... 57%  182K 6m31s
 96000K .......... .......... .......... .......... .......... 57%  239K 6m31s
 96050K .......... .......... .......... .......... .......... 57%  212K 6m31s
 96100K .......... .......... .......... .......... .......... 57%  231K 6m30s
 96150K .......... .......... .......... .......... .......... 57%  101K 6m30s
 96200K .......... .......... .......... .......... .......... 57%  358K 6m30s
 96250K .......... .......... .......... .......... .......... 57%  206K 6m29s
 96300K .......... .......... .......... .......... .......... 57%  346K 6m29s
 96350K .......... .......... .......... .......... .......... 57%  285K 6m29s
 96400K .......... .......... .......... .......... .......... 58%  360K 6m28s
 96450K .......... .......... .......... .......... .......... 58%  252K 6m28s
 96500K .......... .......... .......... .......... .......... 58%  415K 6m28s
 96550K .......... .......... .......... .......... .......... 58%  346K 6m27s
 96600K .......... .......... .......... .......... .......... 58% 79.7K 6m27s
 96650K .......... .......... .......... .......... .......... 58%  334K 6m27s
 96700K .......... .......... .......... .......... .......... 58%  241K 6m26s
 96750K .......... .......... .......... .......... .......... 58%  402K 6m26s
 96800K .......... .......... .......... .......... .......... 58%  303K 6m26s
 96850K .......... .......... .......... .......... .......... 58% 84.1K 6m26s
 96900K .......... .......... .......... .......... .......... 58%  174K 6m25s
 96950K .......... .......... .......... .......... .......... 58%  338K 6m25s
 97000K .......... .......... .......... .......... .......... 58%  190K 6m25s
 97050K .......... .......... .......... .......... .......... 58%  251K 6m24s
 97100K .......... .......... .......... .......... .......... 58%  289K 6m24s
 97150K .......... .......... .......... .......... .......... 58%  310K 6m24s
 97200K .......... .......... .......... .......... .......... 58%  344K 6m23s
 97250K .......... .......... .......... .......... .......... 58%  227K 6m23s
 97300K .......... .......... .......... .......... .......... 58%  421K 6m23s
 97350K .......... .......... .......... .......... .......... 58%  161K 6m22s
 97400K .......... .......... .......... .......... .......... 58%  398K 6m22s
 97450K .......... .......... .......... .......... .......... 58% 66.2K 6m22s
 97500K .......... .......... .......... .......... .......... 58%  203K 6m22s
 97550K .......... .......... .......... .......... .......... 58%  497K 6m21s
 97600K .......... .......... .......... .......... .......... 58%  157K 6m21s
 97650K .......... .......... .......... .......... .......... 58%  457K 6m21s
 97700K .......... .......... .......... .......... .......... 58%  343K 6m20s
 97750K .......... .......... .......... .......... .......... 58% 75.4K 6m20s
 97800K .......... .......... .......... .......... .......... 58%  534K 6m20s
 97850K .......... .......... .......... .......... .......... 58%  243K 6m20s
 97900K .......... .......... .......... .......... .......... 58%  160K 6m19s
 97950K .......... .......... .......... .......... .......... 58%  307K 6m19s
 98000K .......... .......... .......... .......... .......... 58%  300K 6m19s
 98050K .......... .......... .......... .......... .......... 59%  131K 6m18s
 98100K .......... .......... .......... .......... .......... 59%  268K 6m18s
 98150K .......... .......... .......... .......... .......... 59%  397K 6m18s
 98200K .......... .......... .......... .......... .......... 59%  464K 6m17s
 98250K .......... .......... .......... .......... .......... 59%  348K 6m17s
 98300K .......... .......... .......... .......... .......... 59% 61.5K 6m17s
 98350K .......... .......... .......... .......... .......... 59% 70.8K 6m17s
 98400K .......... .......... .......... .......... .......... 59% 77.5K 6m17s
 98450K .......... .......... .......... .......... .......... 59% 94.0K 6m17s
 98500K .......... .......... .......... .......... .......... 59% 50.1K 6m17s
 98550K .......... .......... .......... .......... .......... 59% 58.0K 6m17s
 98600K .......... .......... .......... .......... .......... 59% 53.2K 6m17s
 98650K .......... .......... .......... .......... .......... 59%  327K 6m17s
 98700K .......... .......... .......... .......... .......... 59% 49.2K 6m17s
 98750K .......... .......... .......... .......... .......... 59%  113K 6m17s
 98800K .......... .......... .......... .......... .......... 59% 90.8K 6m17s
 98850K .......... .......... .......... .......... .......... 59% 26.1K 6m18s
 98900K .......... .......... .......... .......... .......... 59%  110K 6m18s
 98950K .......... .......... .......... .......... .......... 59% 53.2K 6m18s
 99000K .......... .......... .......... .......... .......... 59% 71.5K 6m18s
 99050K .......... .......... .......... .......... .......... 59% 46.4K 6m18s
 99100K .......... .......... .......... .......... .......... 59% 26.1K 6m19s
 99150K .......... .......... .......... .......... .......... 59% 28.5K 6m20s
 99200K .......... .......... .......... .......... .......... 59% 30.3K 6m20s
 99250K .......... .......... .......... .......... .......... 59% 30.3K 6m21s
 99300K .......... .......... .......... .......... .......... 59%  309K 6m21s
 99350K .......... .......... .......... .......... .......... 59% 51.7K 6m21s
 99400K .......... .......... .......... .......... .......... 59% 47.9K 6m21s
 99450K .......... .......... .......... .......... .......... 59% 88.3K 6m21s
 99500K .......... .......... .......... .......... .......... 59% 58.8K 6m21s
 99550K .......... .......... .......... .......... .......... 59% 26.0K 6m22s
 99600K .......... .......... .......... .......... .......... 59% 44.6K 6m22s
 99650K .......... .......... .......... .......... .......... 59% 90.5K 6m22s
 99700K .......... .......... .......... .......... .......... 59%  516K 6m21s
 99750K .......... .......... .......... .......... .......... 60% 41.2K 6m22s
 99800K .......... .......... .......... .......... .......... 60% 54.3K 6m22s
 99850K .......... .......... .......... .......... .......... 60% 93.7K 6m22s
 99900K .......... .......... .......... .......... .......... 60% 24.4K 6m23s
 99950K .......... .......... .......... .......... .......... 60% 28.8K 6m23s
100000K .......... .......... .......... .......... .......... 60% 24.9K 6m24s
100050K .......... .......... .......... .......... .......... 60% 41.5K 6m25s
100100K .......... .......... .......... .......... .......... 60% 65.9K 6m25s
100150K .......... .......... .......... .......... .......... 60% 28.9K 6m25s
100200K .......... .......... .......... .......... .......... 60% 26.1K 6m26s
100250K .......... .......... .......... .......... .......... 60%  115K 6m26s
100300K .......... .......... .......... .......... .......... 60% 51.6K 6m26s
100350K .......... .......... .......... .......... .......... 60% 49.7K 6m26s
100400K .......... .......... .......... .......... .......... 60% 92.7K 6m26s
100450K .......... .......... .......... .......... .......... 60% 36.5K 6m26s
100500K .......... .......... .......... .......... .......... 60% 81.6K 6m26s
100550K .......... .......... .......... .......... .......... 60% 48.1K 6m27s
100600K .......... .......... .......... .......... .......... 60%  616K 6m26s
100650K .......... .......... .......... .......... .......... 60% 76.2K 6m26s
100700K .......... .......... .......... .......... .......... 60% 29.8K 6m27s
100750K .......... .......... .......... .......... .......... 60%  599K 6m26s
100800K .......... .......... .......... .......... .......... 60% 81.6K 6m26s
100850K .......... .......... .......... .......... .......... 60% 50.6K 6m26s
100900K .......... .......... .......... .......... .......... 60%  129K 6m26s
100950K .......... .......... .......... .......... .......... 60% 43.4K 6m26s
101000K .......... .......... .......... .......... .......... 60%  198K 6m26s
101050K .......... .......... .......... .......... .......... 60%  146K 6m26s
101100K .......... .......... .......... .......... .......... 60% 25.6K 6m26s
101150K .......... .......... .......... .......... .......... 60%  577K 6m26s
101200K .......... .......... .......... .......... .......... 60%  104K 6m26s
101250K .......... .......... .......... .......... .......... 60%  523K 6m25s
101300K .......... .......... .......... .......... .......... 60%  107K 6m25s
101350K .......... .......... .......... .......... .......... 60% 26.8K 6m26s
101400K .......... .......... .......... .......... .......... 61% 51.9K 6m26s
101450K .......... .......... .......... .......... .......... 61%  104K 6m26s
101500K .......... .......... .......... .......... .......... 61% 84.4K 6m26s
101550K .......... .......... .......... .......... .......... 61% 36.0K 6m26s
101600K .......... .......... .......... .......... .......... 61% 62.8K 6m26s
101650K .......... .......... .......... .......... .......... 61% 42.3K 6m26s
101700K .......... .......... .......... .......... .......... 61%  115K 6m26s
101750K .......... .......... .......... .......... .......... 61%  590K 6m26s
101800K .......... .......... .......... .......... .......... 61% 39.2K 6m26s
101850K .......... .......... .......... .......... .......... 61% 40.1K 6m26s
101900K .......... .......... .......... .......... .......... 61% 87.2K 6m26s
101950K .......... .......... .......... .......... .......... 61% 98.5K 6m26s
102000K .......... .......... .......... .......... .......... 61%  107K 6m26s
102050K .......... .......... .......... .......... .......... 61% 47.6K 6m26s
102100K .......... .......... .......... .......... .......... 61%  106K 6m26s
102150K .......... .......... .......... .......... .......... 61% 28.2K 6m27s
102200K .......... .......... .......... .......... .......... 61%  106K 6m26s
102250K .......... .......... .......... .......... .......... 61% 91.9K 6m26s
102300K .......... .......... .......... .......... .......... 61%  296K 6m26s
102350K .......... .......... .......... .......... .......... 61% 97.4K 6m26s
102400K .......... .......... .......... .......... .......... 61%  660K 6m25s
102450K .......... .......... .......... .......... .......... 61%  495K 6m25s
102500K .......... .......... .......... .......... .......... 61%  504K 6m24s
102550K .......... .......... .......... .......... .......... 61%  518K 6m24s
102600K .......... .......... .......... .......... .......... 61%  570K 6m23s
102650K .......... .......... .......... .......... .......... 61%  483K 6m23s
102700K .......... .......... .......... .......... .......... 61%  434K 6m23s
102750K .......... .......... .......... .......... .......... 61%  792K 6m22s
102800K .......... .......... .......... .......... .......... 61%  349K 6m22s
102850K .......... .......... .......... .......... .......... 61%  490K 6m21s
102900K .......... .......... .......... .......... .......... 61%  485K 6m21s
102950K .......... .......... .......... .......... .......... 61%  393K 6m21s
103000K .......... .......... .......... .......... .......... 61%  230K 6m20s
103050K .......... .......... .......... .......... .......... 62%  332K 6m20s
103100K .......... .......... .......... .......... .......... 62%  370K 6m19s
103150K .......... .......... .......... .......... .......... 62%  415K 6m19s
103200K .......... .......... .......... .......... .......... 62%  359K 6m19s
103250K .......... .......... .......... .......... .......... 62%  339K 6m18s
103300K .......... .......... .......... .......... .......... 62%  337K 6m18s
103350K .......... .......... .......... .......... .......... 62%  327K 6m17s
103400K .......... .......... .......... .......... .......... 62%  606K 6m17s
103450K .......... .......... .......... .......... .......... 62%  152K 6m17s
103500K .......... .......... .......... .......... .......... 62%  474K 6m16s
103550K .......... .......... .......... .......... .......... 62%  689K 6m16s
103600K .......... .......... .......... .......... .......... 62%  470K 6m15s
103650K .......... .......... .......... .......... .......... 62%  226K 6m15s
103700K .......... .......... .......... .......... .......... 62%  365K 6m15s
103750K .......... .......... .......... .......... .......... 62%  698K 6m14s
103800K .......... .......... .......... .......... .......... 62%  461K 6m14s
103850K .......... .......... .......... .......... .......... 62%  163K 6m14s
103900K .......... .......... .......... .......... .......... 62%  426K 6m13s
103950K .......... .......... .......... .......... .......... 62%  224K 6m13s
104000K .......... .......... .......... .......... .......... 62%  404K 6m12s
104050K .......... .......... .......... .......... .......... 62%  334K 6m12s
104100K .......... .......... .......... .......... .......... 62%  284K 6m12s
104150K .......... .......... .......... .......... .......... 62%  673K 6m11s
104200K .......... .......... .......... .......... .......... 62%  358K 6m11s
104250K .......... .......... .......... .......... .......... 62%  406K 6m10s
104300K .......... .......... .......... .......... .......... 62%  446K 6m10s
104350K .......... .......... .......... .......... .......... 62%  314K 6m10s
104400K .......... .......... .......... .......... .......... 62%  348K 6m9s
104450K .......... .......... .......... .......... .......... 62%  401K 6m9s
104500K .......... .......... .......... .......... .......... 62%  289K 6m8s
104550K .......... .......... .......... .......... .......... 62%  209K 6m8s
104600K .......... .......... .......... .......... .......... 62%  483K 6m8s
104650K .......... .......... .......... .......... .......... 62%  335K 6m7s
104700K .......... .......... .......... .......... .......... 63%  436K 6m7s
104750K .......... .......... .......... .......... .......... 63%  278K 6m7s
104800K .......... .......... .......... .......... .......... 63%  682K 6m6s
104850K .......... .......... .......... .......... .......... 63%  410K 6m6s
104900K .......... .......... .......... .......... .......... 63%  264K 6m5s
104950K .......... .......... .......... .......... .......... 63%  571K 6m5s
105000K .......... .......... .......... .......... .......... 63%  486K 6m4s
105050K .......... .......... .......... .......... .......... 63%  456K 6m4s
105100K .......... .......... .......... .......... .......... 63%  428K 6m4s
105150K .......... .......... .......... .......... .......... 63%  200K 6m3s
105200K .......... .......... .......... .......... .......... 63%  321K 6m3s
105250K .......... .......... .......... .......... .......... 63%  304K 6m3s
105300K .......... .......... .......... .......... .......... 63%  434K 6m2s
105350K .......... .......... .......... .......... .......... 63%  321K 6m2s
105400K .......... .......... .......... .......... .......... 63%  483K 6m1s
105450K .......... .......... .......... .......... .......... 63%  478K 6m1s
105500K .......... .......... .......... .......... .......... 63%  230K 6m1s
105550K .......... .......... .......... .......... .......... 63%  515K 6m0s
105600K .......... .......... .......... .......... .......... 63%  552K 6m0s
105650K .......... .......... .......... .......... .......... 63%  281K 5m59s
105700K .......... .......... .......... .......... .......... 63%  362K 5m59s
105750K .......... .......... .......... .......... .......... 63%  282K 5m59s
105800K .......... .......... .......... .......... .......... 63%  357K 5m58s
105850K .......... .......... .......... .......... .......... 63%  832K 5m58s
105900K .......... .......... .......... .......... .......... 63%  399K 5m57s
105950K .......... .......... .......... .......... .......... 63%  375K 5m57s
106000K .......... .......... .......... .......... .......... 63%  586K 5m57s
106050K .......... .......... .......... .......... .......... 63%  300K 5m56s
106100K .......... .......... .......... .......... .......... 63%  254K 5m56s
106150K .......... .......... .......... .......... .......... 63%  266K 5m56s
106200K .......... .......... .......... .......... .......... 63%  577K 5m55s
106250K .......... .......... .......... .......... .......... 63%  297K 5m55s
106300K .......... .......... .......... .......... .......... 63%  415K 5m54s
106350K .......... .......... .......... .......... .......... 63%  295K 5m54s
106400K .......... .......... .......... .......... .......... 64%  375K 5m54s
106450K .......... .......... .......... .......... .......... 64%  447K 5m53s
106500K .......... .......... .......... .......... .......... 64%  896K 5m53s
106550K .......... .......... .......... .......... .......... 64%  458K 5m52s
106600K .......... .......... .......... .......... .......... 64%  156K 5m52s
106650K .......... .......... .......... .......... .......... 64%  227K 5m52s
106700K .......... .......... .......... .......... .......... 64%  455K 5m51s
106750K .......... .......... .......... .......... .......... 64%  433K 5m51s
106800K .......... .......... .......... .......... .......... 64%  266K 5m51s
106850K .......... .......... .......... .......... .......... 64%  397K 5m50s
106900K .......... .......... .......... .......... .......... 64%  237K 5m50s
106950K .......... .......... .......... .......... .......... 64%  374K 5m50s
107000K .......... .......... .......... .......... .......... 64%  237K 5m49s
107050K .......... .......... .......... .......... .......... 64%  209K 5m49s
107100K .......... .......... .......... .......... .......... 64%  257K 5m49s
107150K .......... .......... .......... .......... .......... 64%  128K 5m48s
107200K .......... .......... .......... .......... .......... 64%  179K 5m48s
107250K .......... .......... .......... .......... .......... 64%  242K 5m48s
107300K .......... .......... .......... .......... .......... 64%  257K 5m47s
107350K .......... .......... .......... .......... .......... 64%  304K 5m47s
107400K .......... .......... .......... .......... .......... 64%  140K 5m47s
107450K .......... .......... .......... .......... .......... 64%  380K 5m46s
107500K .......... .......... .......... .......... .......... 64%  220K 5m46s
107550K .......... .......... .......... .......... .......... 64%  203K 5m46s
107600K .......... .......... .......... .......... .......... 64%  329K 5m45s
107650K .......... .......... .......... .......... .......... 64%  171K 5m45s
107700K .......... .......... .......... .......... .......... 64%  287K 5m45s
107750K .......... .......... .......... .......... .......... 64%  326K 5m44s
107800K .......... .......... .......... .......... .......... 64%  262K 5m44s
107850K .......... .......... .......... .......... .......... 64%  154K 5m44s
107900K .......... .......... .......... .......... .......... 64%  425K 5m43s
107950K .......... .......... .......... .......... .......... 64%  237K 5m43s
108000K .......... .......... .......... .......... .......... 64%  413K 5m42s
108050K .......... .......... .......... .......... .......... 65%  401K 5m42s
108100K .......... .......... .......... .......... .......... 65% 78.8K 5m42s
108150K .......... .......... .......... .......... .......... 65%  209K 5m42s
108200K .......... .......... .......... .......... .......... 65%  191K 5m41s
108250K .......... .......... .......... .......... .......... 65%  424K 5m41s
108300K .......... .......... .......... .......... .......... 65%  306K 5m41s
108350K .......... .......... .......... .......... .......... 65%  293K 5m40s
108400K .......... .......... .......... .......... .......... 65%  450K 5m40s
108450K .......... .......... .......... .......... .......... 65%  216K 5m40s
108500K .......... .......... .......... .......... .......... 65%  284K 5m39s
108550K .......... .......... .......... .......... .......... 65%  319K 5m39s
108600K .......... .......... .......... .......... .......... 65%  161K 5m39s
108650K .......... .......... .......... .......... .......... 65%  543K 5m38s
108700K .......... .......... .......... .......... .......... 65%  285K 5m38s
108750K .......... .......... .......... .......... .......... 65%  316K 5m37s
108800K .......... .......... .......... .......... .......... 65%  497K 5m37s
108850K .......... .......... .......... .......... .......... 65%  277K 5m37s
108900K .......... .......... .......... .......... .......... 65%  345K 5m36s
108950K .......... .......... .......... .......... .......... 65%  390K 5m36s
109000K .......... .......... .......... .......... .......... 65%  196K 5m36s
109050K .......... .......... .......... .......... .......... 65%  383K 5m35s
109100K .......... .......... .......... .......... .......... 65%  120K 5m35s
109150K .......... .......... .......... .......... .......... 65%  423K 5m35s
109200K .......... .......... .......... .......... .......... 65%  229K 5m34s
109250K .......... .......... .......... .......... .......... 65%  149K 5m34s
109300K .......... .......... .......... .......... .......... 65%  248K 5m34s
109350K .......... .......... .......... .......... .......... 65%  256K 5m33s
109400K .......... .......... .......... .......... .......... 65%  101K 5m33s
109450K .......... .......... .......... .......... .......... 65%  139K 5m33s
109500K .......... .......... .......... .......... .......... 65%  151K 5m33s
109550K .......... .......... .......... .......... .......... 65%  172K 5m32s
109600K .......... .......... .......... .......... .......... 65%  279K 5m32s
109650K .......... .......... .......... .......... .......... 65%  175K 5m32s
109700K .......... .......... .......... .......... .......... 66%  375K 5m31s
109750K .......... .......... .......... .......... .......... 66%  116K 5m31s
109800K .......... .......... .......... .......... .......... 66%  230K 5m31s
109850K .......... .......... .......... .......... .......... 66%  434K 5m30s
109900K .......... .......... .......... .......... .......... 66%  242K 5m30s
109950K .......... .......... .......... .......... .......... 66%  319K 5m30s
110000K .......... .......... .......... .......... .......... 66%  151K 5m29s
110050K .......... .......... .......... .......... .......... 66%  168K 5m29s
110100K .......... .......... .......... .......... .......... 66%  326K 5m29s
110150K .......... .......... .......... .......... .......... 66%  247K 5m28s
110200K .......... .......... .......... .......... .......... 66%  375K 5m28s
110250K .......... .......... .......... .......... .......... 66%  181K 5m28s
110300K .......... .......... .......... .......... .......... 66%  314K 5m27s
110350K .......... .......... .......... .......... .......... 66%  238K 5m27s
110400K .......... .......... .......... .......... .......... 66%  273K 5m27s
110450K .......... .......... .......... .......... .......... 66%  122K 5m26s
110500K .......... .......... .......... .......... .......... 66%  250K 5m26s
110550K .......... .......... .......... .......... .......... 66%  259K 5m26s
110600K .......... .......... .......... .......... .......... 66%  335K 5m25s
110650K .......... .......... .......... .......... .......... 66%  195K 5m25s
110700K .......... .......... .......... .......... .......... 66%  101K 5m25s
110750K .......... .......... .......... .......... .......... 66%  460K 5m24s
110800K .......... .......... .......... .......... .......... 66%  313K 5m24s
110850K .......... .......... .......... .......... .......... 66%  306K 5m24s
110900K .......... .......... .......... .......... .......... 66%  397K 5m23s
110950K .......... .......... .......... .......... .......... 66%  365K 5m23s
111000K .......... .......... .......... .......... .......... 66%  358K 5m23s
111050K .......... .......... .......... .......... .......... 66%  544K 5m22s
111100K .......... .......... .......... .......... .......... 66%  317K 5m22s
111150K .......... .......... .......... .......... .......... 66%  490K 5m22s
111200K .......... .......... .......... .......... .......... 66%  256K 5m21s
111250K .......... .......... .......... .......... .......... 66%  109K 5m21s
111300K .......... .......... .......... .......... .......... 66%  253K 5m21s
111350K .......... .......... .......... .......... .......... 67%  215K 5m20s
111400K .......... .......... .......... .......... .......... 67%  164K 5m20s
111450K .......... .......... .......... .......... .......... 67%  207K 5m20s
111500K .......... .......... .......... .......... .......... 67%  105K 5m20s
111550K .......... .......... .......... .......... .......... 67%  314K 5m19s
111600K .......... .......... .......... .......... .......... 67% 57.2K 5m19s
111650K .......... .......... .......... .......... .......... 67%  638K 5m19s
111700K .......... .......... .......... .......... .......... 67%  131K 5m18s
111750K .......... .......... .......... .......... .......... 67%  365K 5m18s
111800K .......... .......... .......... .......... .......... 67%  299K 5m18s
111850K .......... .......... .......... .......... .......... 67%  238K 5m17s
111900K .......... .......... .......... .......... .......... 67%  476K 5m17s
111950K .......... .......... .......... .......... .......... 67%  325K 5m17s
112000K .......... .......... .......... .......... .......... 67%  239K 5m16s
112050K .......... .......... .......... .......... .......... 67%  332K 5m16s
112100K .......... .......... .......... .......... .......... 67%  420K 5m16s
112150K .......... .......... .......... .......... .......... 67%  297K 5m15s
112200K .......... .......... .......... .......... .......... 67%  300K 5m15s
112250K .......... .......... .......... .......... .......... 67%  425K 5m15s
112300K .......... .......... .......... .......... .......... 67%  246K 5m14s
112350K .......... .......... .......... .......... .......... 67%  480K 5m14s
112400K .......... .......... .......... .......... .......... 67%  339K 5m13s
112450K .......... .......... .......... .......... .......... 67%  196K 5m13s
112500K .......... .......... .......... .......... .......... 67%  354K 5m13s
112550K .......... .......... .......... .......... .......... 67%  107K 5m13s
112600K .......... .......... .......... .......... .......... 67%  295K 5m12s
112650K .......... .......... .......... .......... .......... 67%  490K 5m12s
112700K .......... .......... .......... .......... .......... 67%  135K 5m12s
112750K .......... .......... .......... .......... .......... 67%  489K 5m11s
112800K .......... .......... .......... .......... .......... 67%  442K 5m11s
112850K .......... .......... .......... .......... .......... 67%  113K 5m11s
112900K .......... .......... .......... .......... .......... 67% 48.0K 5m11s
112950K .......... .......... .......... .......... .......... 67%  170K 5m10s
113000K .......... .......... .......... .......... .......... 67%  427K 5m10s
113050K .......... .......... .......... .......... .......... 68%  127K 5m10s
113100K .......... .......... .......... .......... .......... 68%  162K 5m10s
113150K .......... .......... .......... .......... .......... 68%  382K 5m9s
113200K .......... .......... .......... .......... .......... 68%  185K 5m9s
113250K .......... .......... .......... .......... .......... 68%  131K 5m9s
113300K .......... .......... .......... .......... .......... 68%  458K 5m8s
113350K .......... .......... .......... .......... .......... 68%  115K 5m8s
113400K .......... .......... .......... .......... .......... 68%  123K 5m8s
113450K .......... .......... .......... .......... .......... 68%  101K 5m8s
113500K .......... .......... .......... .......... .......... 68%  372K 5m7s
113550K .......... .......... .......... .......... .......... 68%  328K 5m7s
113600K .......... .......... .......... .......... .......... 68%  285K 5m6s
113650K .......... .......... .......... .......... .......... 68%  183K 5m6s
113700K .......... .......... .......... .......... .......... 68%  443K 5m6s
113750K .......... .......... .......... .......... .......... 68%  144K 5m6s
113800K .......... .......... .......... .......... .......... 68%  103K 5m5s
113850K .......... .......... .......... .......... .......... 68%  418K 5m5s
113900K .......... .......... .......... .......... .......... 68%  257K 5m5s
113950K .......... .......... .......... .......... .......... 68%  310K 5m4s
114000K .......... .......... .......... .......... .......... 68%  425K 5m4s
114050K .......... .......... .......... .......... .......... 68%  250K 5m4s
114100K .......... .......... .......... .......... .......... 68%  168K 5m3s
114150K .......... .......... .......... .......... .......... 68%  377K 5m3s
114200K .......... .......... .......... .......... .......... 68%  348K 5m3s
114250K .......... .......... .......... .......... .......... 68%  138K 5m2s
114300K .......... .......... .......... .......... .......... 68%  213K 5m2s
114350K .......... .......... .......... .......... .......... 68%  276K 5m2s
114400K .......... .......... .......... .......... .......... 68%  285K 5m1s
114450K .......... .......... .......... .......... .......... 68%  246K 5m1s
114500K .......... .......... .......... .......... .......... 68%  362K 5m1s
114550K .......... .......... .......... .......... .......... 68%  323K 5m0s
114600K .......... .......... .......... .......... .......... 68% 71.9K 5m0s
114650K .......... .......... .......... .......... .......... 68%  130K 5m0s
114700K .......... .......... .......... .......... .......... 69%  163K 5m0s
114750K .......... .......... .......... .......... .......... 69%  834K 4m59s
114800K .......... .......... .......... .......... .......... 69%  454K 4m59s
114850K .......... .......... .......... .......... .......... 69%  393K 4m59s
114900K .......... .......... .......... .......... .......... 69%  834K 4m58s
114950K .......... .......... .......... .......... .......... 69%  250K 4m58s
115000K .......... .......... .......... .......... .......... 69%  811K 4m57s
115050K .......... .......... .......... .......... .......... 69%  659K 4m57s
115100K .......... .......... .......... .......... .......... 69%  266K 4m57s
115150K .......... .......... .......... .......... .......... 69%  450K 4m56s
115200K .......... .......... .......... .......... .......... 69%  300K 4m56s
115250K .......... .......... .......... .......... .......... 69%  294K 4m56s
115300K .......... .......... .......... .......... .......... 69%  468K 4m55s
115350K .......... .......... .......... .......... .......... 69%  315K 4m55s
115400K .......... .......... .......... .......... .......... 69%  403K 4m55s
115450K .......... .......... .......... .......... .......... 69%  518K 4m54s
115500K .......... .......... .......... .......... .......... 69%  295K 4m54s
115550K .......... .......... .......... .......... .......... 69%  344K 4m53s
115600K .......... .......... .......... .......... .......... 69%  210K 4m53s
115650K .......... .......... .......... .......... .......... 69%  626K 4m53s
115700K .......... .......... .......... .......... .......... 69%  204K 4m52s
115750K .......... .......... .......... .......... .......... 69%  218K 4m52s
115800K .......... .......... .......... .......... .......... 69%  644K 4m52s
115850K .......... .......... .......... .......... .......... 69%  343K 4m51s
115900K .......... .......... .......... .......... .......... 69%  338K 4m51s
115950K .......... .......... .......... .......... .......... 69%  417K 4m51s
116000K .......... .......... .......... .......... .......... 69%  333K 4m50s
116050K .......... .......... .......... .......... .......... 69%  283K 4m50s
116100K .......... .......... .......... .......... .......... 69%  261K 4m50s
116150K .......... .......... .......... .......... .......... 69%  169K 4m49s
116200K .......... .......... .......... .......... .......... 69%  224K 4m49s
116250K .......... .......... .......... .......... .......... 69%  353K 4m49s
116300K .......... .......... .......... .......... .......... 69%  408K 4m48s
116350K .......... .......... .......... .......... .......... 70%  520K 4m48s
116400K .......... .......... .......... .......... .......... 70%  174K 4m48s
116450K .......... .......... .......... .......... .......... 70%  580K 4m47s
116500K .......... .......... .......... .......... .......... 70%  352K 4m47s
116550K .......... .......... .......... .......... .......... 70%  261K 4m47s
116600K .......... .......... .......... .......... .......... 70%  472K 4m46s
116650K .......... .......... .......... .......... .......... 70%  322K 4m46s
116700K .......... .......... .......... .......... .......... 70%  576K 4m46s
116750K .......... .......... .......... .......... .......... 70%  335K 4m45s
116800K .......... .......... .......... .......... .......... 70%  325K 4m45s
116850K .......... .......... .......... .......... .......... 70%  190K 4m45s
116900K .......... .......... .......... .......... .......... 70%  271K 4m44s
116950K .......... .......... .......... .......... .......... 70%  400K 4m44s
117000K .......... .......... .......... .......... .......... 70%  425K 4m44s
117050K .......... .......... .......... .......... .......... 70%  330K 4m43s
117100K .......... .......... .......... .......... .......... 70%  393K 4m43s
117150K .......... .......... .......... .......... .......... 70%  296K 4m42s
117200K .......... .......... .......... .......... .......... 70%  330K 4m42s
117250K .......... .......... .......... .......... .......... 70%  346K 4m42s
117300K .......... .......... .......... .......... .......... 70%  136K 4m42s
117350K .......... .......... .......... .......... .......... 70%  219K 4m41s
117400K .......... .......... .......... .......... .......... 70%  323K 4m41s
117450K .......... .......... .......... .......... .......... 70%  224K 4m41s
117500K .......... .......... .......... .......... .......... 70%  377K 4m40s
117550K .......... .......... .......... .......... .......... 70%  308K 4m40s
117600K .......... .......... .......... .......... .......... 70%  125K 4m40s
117650K .......... .......... .......... .......... .......... 70%  379K 4m39s
117700K .......... .......... .......... .......... .......... 70%  287K 4m39s
117750K .......... .......... .......... .......... .......... 70%  490K 4m39s
117800K .......... .......... .......... .......... .......... 70%  280K 4m38s
117850K .......... .......... .......... .......... .......... 70%  366K 4m38s
117900K .......... .......... .......... .......... .......... 70%  405K 4m38s
117950K .......... .......... .......... .......... .......... 70%  482K 4m37s
118000K .......... .......... .......... .......... .......... 71%  395K 4m37s
118050K .......... .......... .......... .......... .......... 71%  419K 4m36s
118100K .......... .......... .......... .......... .......... 71%  308K 4m36s
118150K .......... .......... .......... .......... .......... 71%  493K 4m36s
118200K .......... .......... .......... .......... .......... 71%  352K 4m35s
118250K .......... .......... .......... .......... .......... 71%  272K 4m35s
118300K .......... .......... .......... .......... .......... 71%  363K 4m35s
118350K .......... .......... .......... .......... .......... 71%  412K 4m34s
118400K .......... .......... .......... .......... .......... 71%  382K 4m34s
118450K .......... .......... .......... .......... .......... 71%  244K 4m34s
118500K .......... .......... .......... .......... .......... 71%  327K 4m33s
118550K .......... .......... .......... .......... .......... 71%  538K 4m33s
118600K .......... .......... .......... .......... .......... 71%  308K 4m33s
118650K .......... .......... .......... .......... .......... 71%  304K 4m32s
118700K .......... .......... .......... .......... .......... 71%  435K 4m32s
118750K .......... .......... .......... .......... .......... 71% 86.0K 4m32s
118800K .......... .......... .......... .......... .......... 71%  537K 4m31s
118850K .......... .......... .......... .......... .......... 71%  589K 4m31s
118900K .......... .......... .......... .......... .......... 71%  365K 4m31s
118950K .......... .......... .......... .......... .......... 71%  391K 4m30s
119000K .......... .......... .......... .......... .......... 71%  800K 4m30s
119050K .......... .......... .......... .......... .......... 71%  355K 4m30s
119100K .......... .......... .......... .......... .......... 71%  670K 4m29s
119150K .......... .......... .......... .......... .......... 71%  366K 4m29s
119200K .......... .......... .......... .......... .......... 71%  172K 4m29s
119250K .......... .......... .......... .......... .......... 71%  493K 4m28s
119300K .......... .......... .......... .......... .......... 71%  478K 4m28s
119350K .......... .......... .......... .......... .......... 71%  336K 4m28s
119400K .......... .......... .......... .......... .......... 71%  372K 4m27s
119450K .......... .......... .......... .......... .......... 71%  209K 4m27s
119500K .......... .......... .......... .......... .......... 71%  158K 4m27s
119550K .......... .......... .......... .......... .......... 71%  261K 4m26s
119600K .......... .......... .......... .......... .......... 71%  451K 4m26s
119650K .......... .......... .......... .......... .......... 71%  342K 4m26s
119700K .......... .......... .......... .......... .......... 72%  147K 4m25s
119750K .......... .......... .......... .......... .......... 72%  207K 4m25s
119800K .......... .......... .......... .......... .......... 72%  440K 4m25s
119850K .......... .......... .......... .......... .......... 72%  309K 4m24s
119900K .......... .......... .......... .......... .......... 72%  261K 4m24s
119950K .......... .......... .......... .......... .......... 72%  299K 4m24s
120000K .......... .......... .......... .......... .......... 72%  368K 4m23s
120050K .......... .......... .......... .......... .......... 72%  563K 4m23s
120100K .......... .......... .......... .......... .......... 72%  305K 4m23s
120150K .......... .......... .......... .......... .......... 72%  194K 4m22s
120200K .......... .......... .......... .......... .......... 72%  248K 4m22s
120250K .......... .......... .......... .......... .......... 72%  239K 4m22s
120300K .......... .......... .......... .......... .......... 72%  373K 4m21s
120350K .......... .......... .......... .......... .......... 72%  204K 4m21s
120400K .......... .......... .......... .......... .......... 72%  163K 4m21s
120450K .......... .......... .......... .......... .......... 72%  307K 4m21s
120500K .......... .......... .......... .......... .......... 72%  119K 4m20s
120550K .......... .......... .......... .......... .......... 72%  433K 4m20s
120600K .......... .......... .......... .......... .......... 72%  158K 4m20s
120650K .......... .......... .......... .......... .......... 72%  107K 4m20s
120700K .......... .......... .......... .......... .......... 72%  144K 4m19s
120750K .......... .......... .......... .......... .......... 72%  204K 4m19s
120800K .......... .......... .......... .......... .......... 72%  350K 4m19s
120850K .......... .......... .......... .......... .......... 72%  577K 4m18s
120900K .......... .......... .......... .......... .......... 72%  130K 4m18s
120950K .......... .......... .......... .......... .......... 72%  474K 4m18s
121000K .......... .......... .......... .......... .......... 72%  363K 4m17s
121050K .......... .......... .......... .......... .......... 72%  283K 4m17s
121100K .......... .......... .......... .......... .......... 72%  318K 4m17s
121150K .......... .......... .......... .......... .......... 72%  308K 4m16s
121200K .......... .......... .......... .......... .......... 72%  339K 4m16s
121250K .......... .......... .......... .......... .......... 72%  115K 4m16s
121300K .......... .......... .......... .......... .......... 72%  452K 4m15s
121350K .......... .......... .......... .......... .......... 73%  391K 4m15s
121400K .......... .......... .......... .......... .......... 73%  184K 4m15s
121450K .......... .......... .......... .......... .......... 73%  151K 4m15s
121500K .......... .......... .......... .......... .......... 73%  125K 4m14s
121550K .......... .......... .......... .......... .......... 73% 95.3K 4m14s
121600K .......... .......... .......... .......... .......... 73%  165K 4m14s
121650K .......... .......... .......... .......... .......... 73%  361K 4m13s
121700K .......... .......... .......... .......... .......... 73%  154K 4m13s
121750K .......... .......... .......... .......... .......... 73%  610K 4m13s
121800K .......... .......... .......... .......... .......... 73%  307K 4m13s
121850K .......... .......... .......... .......... .......... 73%  269K 4m12s
121900K .......... .......... .......... .......... .......... 73%  266K 4m12s
121950K .......... .......... .......... .......... .......... 73%  251K 4m12s
122000K .......... .......... .......... .......... .......... 73%  536K 4m11s
122050K .......... .......... .......... .......... .......... 73%  335K 4m11s
122100K .......... .......... .......... .......... .......... 73%  176K 4m11s
122150K .......... .......... .......... .......... .......... 73%  180K 4m10s
122200K .......... .......... .......... .......... .......... 73%  507K 4m10s
122250K .......... .......... .......... .......... .......... 73%  411K 4m10s
122300K .......... .......... .......... .......... .......... 73%  173K 4m9s
122350K .......... .......... .......... .......... .......... 73%  265K 4m9s
122400K .......... .......... .......... .......... .......... 73%  257K 4m9s
122450K .......... .......... .......... .......... .......... 73%  246K 4m8s
122500K .......... .......... .......... .......... .......... 73%  225K 4m8s
122550K .......... .......... .......... .......... .......... 73%  133K 4m8s
122600K .......... .......... .......... .......... .......... 73%  265K 4m7s
122650K .......... .......... .......... .......... .......... 73%  152K 4m7s
122700K .......... .......... .......... .......... .......... 73%  321K 4m7s
122750K .......... .......... .......... .......... .......... 73%  200K 4m7s
122800K .......... .......... .......... .......... .......... 73%  400K 4m6s
122850K .......... .......... .......... .......... .......... 73%  672K 4m6s
122900K .......... .......... .......... .......... .......... 73%  401K 4m6s
122950K .......... .......... .......... .......... .......... 73%  519K 4m5s
123000K .......... .......... .......... .......... .......... 74%  301K 4m5s
123050K .......... .......... .......... .......... .......... 74%  580K 4m5s
123100K .......... .......... .......... .......... .......... 74%  473K 4m4s
123150K .......... .......... .......... .......... .......... 74%  185K 4m4s
123200K .......... .......... .......... .......... .......... 74%  499K 4m4s
123250K .......... .......... .......... .......... .......... 74%  334K 4m3s
123300K .......... .......... .......... .......... .......... 74%  486K 4m3s
123350K .......... .......... .......... .......... .......... 74%  767K 4m3s
123400K .......... .......... .......... .......... .......... 74%  279K 4m2s
123450K .......... .......... .......... .......... .......... 74%  444K 4m2s
123500K .......... .......... .......... .......... .......... 74%  391K 4m2s
123550K .......... .......... .......... .......... .......... 74%  383K 4m1s
123600K .......... .......... .......... .......... .......... 74%  470K 4m1s
123650K .......... .......... .......... .......... .......... 74%  341K 4m1s
123700K .......... .......... .......... .......... .......... 74%  159K 4m0s
123750K .......... .......... .......... .......... .......... 74%  534K 4m0s
123800K .......... .......... .......... .......... .......... 74%  340K 4m0s
123850K .......... .......... .......... .......... .......... 74%  434K 3m59s
123900K .......... .......... .......... .......... .......... 74%  286K 3m59s
123950K .......... .......... .......... .......... .......... 74%  146K 3m59s
124000K .......... .......... .......... .......... .......... 74%  747K 3m58s
124050K .......... .......... .......... .......... .......... 74%  318K 3m58s
124100K .......... .......... .......... .......... .......... 74%  218K 3m58s
124150K .......... .......... .......... .......... .......... 74%  622K 3m57s
124200K .......... .......... .......... .......... .......... 74%  247K 3m57s
124250K .......... .......... .......... .......... .......... 74%  407K 3m57s
124300K .......... .......... .......... .......... .......... 74%  435K 3m56s
124350K .......... .......... .......... .......... .......... 74%  354K 3m56s
124400K .......... .......... .......... .......... .......... 74%  743K 3m56s
124450K .......... .......... .......... .......... .......... 74%  238K 3m55s
124500K .......... .......... .......... .......... .......... 74%  505K 3m55s
124550K .......... .......... .......... .......... .......... 74%  226K 3m55s
124600K .......... .......... .......... .......... .......... 74%  350K 3m54s
124650K .......... .......... .......... .......... .......... 75%  488K 3m54s
124700K .......... .......... .......... .......... .......... 75%  313K 3m54s
124750K .......... .......... .......... .......... .......... 75%  319K 3m53s
124800K .......... .......... .......... .......... .......... 75%  279K 3m53s
124850K .......... .......... .......... .......... .......... 75%  283K 3m53s
124900K .......... .......... .......... .......... .......... 75%  562K 3m52s
124950K .......... .......... .......... .......... .......... 75%  317K 3m52s
125000K .......... .......... .......... .......... .......... 75%  635K 3m52s
125050K .......... .......... .......... .......... .......... 75%  690K 3m51s
125100K .......... .......... .......... .......... .......... 75%  283K 3m51s
125150K .......... .......... .......... .......... .......... 75%  305K 3m51s
125200K .......... .......... .......... .......... .......... 75%  279K 3m50s
125250K .......... .......... .......... .......... .......... 75%  521K 3m50s
125300K .......... .......... .......... .......... .......... 75%  301K 3m50s
125350K .......... .......... .......... .......... .......... 75%  229K 3m49s
125400K .......... .......... .......... .......... .......... 75%  342K 3m49s
125450K .......... .......... .......... .......... .......... 75%  279K 3m49s
125500K .......... .......... .......... .......... .......... 75%  388K 3m49s
125550K .......... .......... .......... .......... .......... 75%  404K 3m48s
125600K .......... .......... .......... .......... .......... 75%  466K 3m48s
125650K .......... .......... .......... .......... .......... 75%  452K 3m48s
125700K .......... .......... .......... .......... .......... 75%  318K 3m47s
125750K .......... .......... .......... .......... .......... 75%  180K 3m47s
125800K .......... .......... .......... .......... .......... 75%  357K 3m47s
125850K .......... .......... .......... .......... .......... 75%  229K 3m46s
125900K .......... .......... .......... .......... .......... 75%  318K 3m46s
125950K .......... .......... .......... .......... .......... 75%  255K 3m46s
126000K .......... .......... .......... .......... .......... 75%  313K 3m45s
126050K .......... .......... .......... .......... .......... 75%  280K 3m45s
126100K .......... .......... .......... .......... .......... 75%  301K 3m45s
126150K .......... .......... .......... .......... .......... 75%  415K 3m44s
126200K .......... .......... .......... .......... .......... 75%  256K 3m44s
126250K .......... .......... .......... .......... .......... 75%  503K 3m44s
126300K .......... .......... .......... .......... .......... 75%  268K 3m43s
126350K .......... .......... .......... .......... .......... 76%  401K 3m43s
126400K .......... .......... .......... .......... .......... 76%  395K 3m43s
126450K .......... .......... .......... .......... .......... 76%  361K 3m42s
126500K .......... .......... .......... .......... .......... 76%  231K 3m42s
126550K .......... .......... .......... .......... .......... 76%  503K 3m42s
126600K .......... .......... .......... .......... .......... 76%  322K 3m41s
126650K .......... .......... .......... .......... .......... 76%  613K 3m41s
126700K .......... .......... .......... .......... .......... 76%  225K 3m41s
126750K .......... .......... .......... .......... .......... 76%  342K 3m41s
126800K .......... .......... .......... .......... .......... 76%  393K 3m40s
126850K .......... .......... .......... .......... .......... 76%  235K 3m40s
126900K .......... .......... .......... .......... .......... 76%  321K 3m40s
126950K .......... .......... .......... .......... .......... 76%  444K 3m39s
127000K .......... .......... .......... .......... .......... 76%  305K 3m39s
127050K .......... .......... .......... .......... .......... 76%  592K 3m39s
127100K .......... .......... .......... .......... .......... 76%  381K 3m38s
127150K .......... .......... .......... .......... .......... 76%  595K 3m38s
127200K .......... .......... .......... .......... .......... 76%  578K 3m38s
127250K .......... .......... .......... .......... .......... 76%  338K 3m37s
127300K .......... .......... .......... .......... .......... 76%  172K 3m37s
127350K .......... .......... .......... .......... .......... 76%  136K 3m37s
127400K .......... .......... .......... .......... .......... 76%  175K 3m36s
127450K .......... .......... .......... .......... .......... 76%  134K 3m36s
127500K .......... .......... .......... .......... .......... 76%  298K 3m36s
127550K .......... .......... .......... .......... .......... 76%  349K 3m36s
127600K .......... .......... .......... .......... .......... 76%  105K 3m35s
127650K .......... .......... .......... .......... .......... 76%  139K 3m35s
127700K .......... .......... .......... .......... .......... 76% 67.3K 3m35s
127750K .......... .......... .......... .......... .......... 76% 91.7K 3m35s
127800K .......... .......... .......... .......... .......... 76%  521K 3m34s
127850K .......... .......... .......... .......... .......... 76%  243K 3m34s
127900K .......... .......... .......... .......... .......... 76%  121K 3m34s
127950K .......... .......... .......... .......... .......... 76%  289K 3m34s
128000K .......... .......... .......... .......... .......... 77%  267K 3m33s
128050K .......... .......... .......... .......... .......... 77%  444K 3m33s
128100K .......... .......... .......... .......... .......... 77%  287K 3m33s
128150K .......... .......... .......... .......... .......... 77%  121K 3m32s
128200K .......... .......... .......... .......... .......... 77%  390K 3m32s
128250K .......... .......... .......... .......... .......... 77%  159K 3m32s
128300K .......... .......... .......... .......... .......... 77%  449K 3m31s
128350K .......... .......... .......... .......... .......... 77% 88.1K 3m31s
128400K .......... .......... .......... .......... .......... 77%  305K 3m31s
128450K .......... .......... .......... .......... .......... 77%  315K 3m31s
128500K .......... .......... .......... .......... .......... 77%  503K 3m30s
128550K .......... .......... .......... .......... .......... 77%  291K 3m30s
128600K .......... .......... .......... .......... .......... 77%  329K 3m30s
128650K .......... .......... .......... .......... .......... 77%  620K 3m29s
128700K .......... .......... .......... .......... .......... 77%  107K 3m29s
128750K .......... .......... .......... .......... .......... 77%  387K 3m29s
128800K .......... .......... .......... .......... .......... 77%  325K 3m29s
128850K .......... .......... .......... .......... .......... 77%  225K 3m28s
128900K .......... .......... .......... .......... .......... 77%  194K 3m28s
128950K .......... .......... .......... .......... .......... 77%  351K 3m28s
129000K .......... .......... .......... .......... .......... 77% 99.8K 3m27s
129050K .......... .......... .......... .......... .......... 77%  521K 3m27s
129100K .......... .......... .......... .......... .......... 77%  211K 3m27s
129150K .......... .......... .......... .......... .......... 77%  753K 3m26s
129200K .......... .......... .......... .......... .......... 77%  388K 3m26s
129250K .......... .......... .......... .......... .......... 77%  536K 3m26s
129300K .......... .......... .......... .......... .......... 77%  425K 3m25s
129350K .......... .......... .......... .......... .......... 77%  156K 3m25s
129400K .......... .......... .......... .......... .......... 77%  502K 3m25s
129450K .......... .......... .......... .......... .......... 77%  120K 3m25s
129500K .......... .......... .......... .......... .......... 77%  274K 3m24s
129550K .......... .......... .......... .......... .......... 77%  224K 3m24s
129600K .......... .......... .......... .......... .......... 77% 95.0K 3m24s
129650K .......... .......... .......... .......... .......... 78%  342K 3m23s
129700K .......... .......... .......... .......... .......... 78%  583K 3m23s
129750K .......... .......... .......... .......... .......... 78%  232K 3m23s
129800K .......... .......... .......... .......... .......... 78%  372K 3m23s
129850K .......... .......... .......... .......... .......... 78%  141K 3m22s
129900K .......... .......... .......... .......... .......... 78%  534K 3m22s
129950K .......... .......... .......... .......... .......... 78%  262K 3m22s
130000K .......... .......... .......... .......... .......... 78%  331K 3m21s
130050K .......... .......... .......... .......... .......... 78%  347K 3m21s
130100K .......... .......... .......... .......... .......... 78%  124K 3m21s
130150K .......... .......... .......... .......... .......... 78%  510K 3m20s
130200K .......... .......... .......... .......... .......... 78%  292K 3m20s
130250K .......... .......... .......... .......... .......... 78%  402K 3m20s
130300K .......... .......... .......... .......... .......... 78%  117K 3m20s
130350K .......... .......... .......... .......... .......... 78%  424K 3m19s
130400K .......... .......... .......... .......... .......... 78%  364K 3m19s
130450K .......... .......... .......... .......... .......... 78%  378K 3m19s
130500K .......... .......... .......... .......... .......... 78%  442K 3m18s
130550K .......... .......... .......... .......... .......... 78%  286K 3m18s
130600K .......... .......... .......... .......... .......... 78%  109K 3m18s
130650K .......... .......... .......... .......... .......... 78%  122K 3m18s
130700K .......... .......... .......... .......... .......... 78%  102K 3m17s
130750K .......... .......... .......... .......... .......... 78% 86.0K 3m17s
130800K .......... .......... .......... .......... .......... 78%  477K 3m17s
130850K .......... .......... .......... .......... .......... 78%  133K 3m17s
130900K .......... .......... .......... .......... .......... 78%  225K 3m16s
130950K .......... .......... .......... .......... .......... 78%  217K 3m16s
131000K .......... .......... .......... .......... .......... 78%  381K 3m16s
131050K .......... .......... .......... .......... .......... 78%  369K 3m15s
131100K .......... .......... .......... .......... .......... 78%  323K 3m15s
131150K .......... .......... .......... .......... .......... 78%  765K 3m15s
131200K .......... .......... .......... .......... .......... 78%  265K 3m14s
131250K .......... .......... .......... .......... .......... 78%  720K 3m14s
131300K .......... .......... .......... .......... .......... 79%  668K 3m14s
131350K .......... .......... .......... .......... .......... 79%  179K 3m13s
131400K .......... .......... .......... .......... .......... 79%  697K 3m13s
131450K .......... .......... .......... .......... .......... 79%  354K 3m13s
131500K .......... .......... .......... .......... .......... 79%  434K 3m12s
131550K .......... .......... .......... .......... .......... 79%  704K 3m12s
131600K .......... .......... .......... .......... .......... 79%  171K 3m12s
131650K .......... .......... .......... .......... .......... 79%  617K 3m12s
131700K .......... .......... .......... .......... .......... 79%  384K 3m11s
131750K .......... .......... .......... .......... .......... 79%  449K 3m11s
131800K .......... .......... .......... .......... .......... 79%  204K 3m11s
131850K .......... .......... .......... .......... .......... 79%  270K 3m10s
131900K .......... .......... .......... .......... .......... 79%  363K 3m10s
131950K .......... .......... .......... .......... .......... 79%  140K 3m10s
132000K .......... .......... .......... .......... .......... 79%  333K 3m9s
132050K .......... .......... .......... .......... .......... 79%  163K 3m9s
132100K .......... .......... .......... .......... .......... 79%  237K 3m9s
132150K .......... .......... .......... .......... .......... 79%  361K 3m9s
132200K .......... .......... .......... .......... .......... 79%  327K 3m8s
132250K .......... .......... .......... .......... .......... 79%  503K 3m8s
132300K .......... .......... .......... .......... .......... 79%  446K 3m8s
132350K .......... .......... .......... .......... .......... 79%  303K 3m7s
132400K .......... .......... .......... .......... .......... 79%  175K 3m7s
132450K .......... .......... .......... .......... .......... 79%  258K 3m7s
132500K .......... .......... .......... .......... .......... 79%  389K 3m6s
132550K .......... .......... .......... .......... .......... 79%  106K 3m6s
132600K .......... .......... .......... .......... .......... 79%  336K 3m6s
132650K .......... .......... .......... .......... .......... 79%  318K 3m6s
132700K .......... .......... .......... .......... .......... 79%  302K 3m5s
132750K .......... .......... .......... .......... .......... 79%  139K 3m5s
132800K .......... .......... .......... .......... .......... 79%  194K 3m5s
132850K .......... .......... .......... .......... .......... 79%  141K 3m4s
132900K .......... .......... .......... .......... .......... 79%  241K 3m4s
132950K .......... .......... .......... .......... .......... 79%  416K 3m4s
133000K .......... .......... .......... .......... .......... 80%  146K 3m4s
133050K .......... .......... .......... .......... .......... 80% 97.0K 3m3s
133100K .......... .......... .......... .......... .......... 80%  396K 3m3s
133150K .......... .......... .......... .......... .......... 80%  190K 3m3s
133200K .......... .......... .......... .......... .......... 80%  560K 3m2s
133250K .......... .......... .......... .......... .......... 80%  239K 3m2s
133300K .......... .......... .......... .......... .......... 80%  163K 3m2s
133350K .......... .......... .......... .......... .......... 80%  340K 3m2s
133400K .......... .......... .......... .......... .......... 80%  284K 3m1s
133450K .......... .......... .......... .......... .......... 80%  299K 3m1s
133500K .......... .......... .......... .......... .......... 80%  385K 3m1s
133550K .......... .......... .......... .......... .......... 80%  338K 3m0s
133600K .......... .......... .......... .......... .......... 80%  461K 3m0s
133650K .......... .......... .......... .......... .......... 80%  272K 3m0s
133700K .......... .......... .......... .......... .......... 80%  115K 3m0s
133750K .......... .......... .......... .......... .......... 80%  148K 2m59s
133800K .......... .......... .......... .......... .......... 80%  372K 2m59s
133850K .......... .......... .......... .......... .......... 80%  334K 2m59s
133900K .......... .......... .......... .......... .......... 80%  340K 2m58s
133950K .......... .......... .......... .......... .......... 80%  236K 2m58s
134000K .......... .......... .......... .......... .......... 80%  286K 2m58s
134050K .......... .......... .......... .......... .......... 80%  421K 2m57s
134100K .......... .......... .......... .......... .......... 80%  381K 2m57s
134150K .......... .......... .......... .......... .......... 80%  323K 2m57s
134200K .......... .......... .......... .......... .......... 80%  149K 2m57s
134250K .......... .......... .......... .......... .......... 80%  241K 2m56s
134300K .......... .......... .......... .......... .......... 80%  472K 2m56s
134350K .......... .......... .......... .......... .......... 80%  225K 2m56s
134400K .......... .......... .......... .......... .......... 80%  608K 2m55s
134450K .......... .......... .......... .......... .......... 80%  376K 2m55s
134500K .......... .......... .......... .......... .......... 80%  436K 2m55s
134550K .......... .......... .......... .......... .......... 80%  192K 2m54s
134600K .......... .......... .......... .......... .......... 80%  202K 2m54s
134650K .......... .......... .......... .......... .......... 81%  361K 2m54s
134700K .......... .......... .......... .......... .......... 81%  119K 2m54s
134750K .......... .......... .......... .......... .......... 81%  187K 2m53s
134800K .......... .......... .......... .......... .......... 81%  196K 2m53s
134850K .......... .......... .......... .......... .......... 81%  231K 2m53s
134900K .......... .......... .......... .......... .......... 81%  183K 2m52s
134950K .......... .......... .......... .......... .......... 81%  215K 2m52s
135000K .......... .......... .......... .......... .......... 81%  664K 2m52s
135050K .......... .......... .......... .......... .......... 81%  127K 2m52s
135100K .......... .......... .......... .......... .......... 81%  223K 2m51s
135150K .......... .......... .......... .......... .......... 81%  224K 2m51s
135200K .......... .......... .......... .......... .......... 81%  193K 2m51s
135250K .......... .......... .......... .......... .......... 81%  222K 2m50s
135300K .......... .......... .......... .......... .......... 81%  142K 2m50s
135350K .......... .......... .......... .......... .......... 81%  579K 2m50s
135400K .......... .......... .......... .......... .......... 81%  338K 2m50s
135450K .......... .......... .......... .......... .......... 81%  215K 2m49s
135500K .......... .......... .......... .......... .......... 81%  277K 2m49s
135550K .......... .......... .......... .......... .......... 81%  275K 2m49s
135600K .......... .......... .......... .......... .......... 81%  468K 2m48s
135650K .......... .......... .......... .......... .......... 81%  336K 2m48s
135700K .......... .......... .......... .......... .......... 81%  152K 2m48s
135750K .......... .......... .......... .......... .......... 81%  278K 2m48s
135800K .......... .......... .......... .......... .......... 81%  298K 2m47s
135850K .......... .......... .......... .......... .......... 81%  313K 2m47s
135900K .......... .......... .......... .......... .......... 81%  370K 2m47s
135950K .......... .......... .......... .......... .......... 81%  208K 2m46s
136000K .......... .......... .......... .......... .......... 81%  494K 2m46s
136050K .......... .......... .......... .......... .......... 81%  130K 2m46s
136100K .......... .......... .......... .......... .......... 81%  222K 2m46s
136150K .......... .......... .......... .......... .......... 81%  183K 2m45s
136200K .......... .......... .......... .......... .......... 81%  221K 2m45s
136250K .......... .......... .......... .......... .......... 81%  192K 2m45s
136300K .......... .......... .......... .......... .......... 82%  304K 2m44s
136350K .......... .......... .......... .......... .......... 82%  120K 2m44s
136400K .......... .......... .......... .......... .......... 82%  228K 2m44s
136450K .......... .......... .......... .......... .......... 82%  375K 2m44s
136500K .......... .......... .......... .......... .......... 82%  484K 2m43s
136550K .......... .......... .......... .......... .......... 82%  295K 2m43s
136600K .......... .......... .......... .......... .......... 82%  209K 2m43s
136650K .......... .......... .......... .......... .......... 82%  142K 2m42s
136700K .......... .......... .......... .......... .......... 82%  155K 2m42s
136750K .......... .......... .......... .......... .......... 82%  305K 2m42s
136800K .......... .......... .......... .......... .......... 82%  160K 2m42s
136850K .......... .......... .......... .......... .......... 82%  141K 2m41s
136900K .......... .......... .......... .......... .......... 82%  168K 2m41s
136950K .......... .......... .......... .......... .......... 82%  381K 2m41s
137000K .......... .......... .......... .......... .......... 82%  180K 2m40s
137050K .......... .......... .......... .......... .......... 82%  139K 2m40s
137100K .......... .......... .......... .......... .......... 82%  291K 2m40s
137150K .......... .......... .......... .......... .......... 82%  171K 2m40s
137200K .......... .......... .......... .......... .......... 82%  140K 2m39s
137250K .......... .......... .......... .......... .......... 82%  260K 2m39s
137300K .......... .......... .......... .......... .......... 82%  291K 2m39s
137350K .......... .......... .......... .......... .......... 82%  118K 2m39s
137400K .......... .......... .......... .......... .......... 82%  162K 2m38s
137450K .......... .......... .......... .......... .......... 82%  106K 2m38s
137500K .......... .......... .......... .......... .......... 82% 99.3K 2m38s
137550K .......... .......... .......... .......... .......... 82%  499K 2m38s
137600K .......... .......... .......... .......... .......... 82%  269K 2m37s
137650K .......... .......... .......... .......... .......... 82%  115K 2m37s
137700K .......... .......... .......... .......... .......... 82%  240K 2m37s
137750K .......... .......... .......... .......... .......... 82%  300K 2m36s
137800K .......... .......... .......... .......... .......... 82%  246K 2m36s
137850K .......... .......... .......... .......... .......... 82%  302K 2m36s
137900K .......... .......... .......... .......... .......... 82%  269K 2m36s
137950K .......... .......... .......... .......... .......... 83%  357K 2m35s
138000K .......... .......... .......... .......... .......... 83%  309K 2m35s
138050K .......... .......... .......... .......... .......... 83%  174K 2m35s
138100K .......... .......... .......... .......... .......... 83%  304K 2m34s
138150K .......... .......... .......... .......... .......... 83%  134K 2m34s
138200K .......... .......... .......... .......... .......... 83%  343K 2m34s
138250K .......... .......... .......... .......... .......... 83%  323K 2m33s
138300K .......... .......... .......... .......... .......... 83%  301K 2m33s
138350K .......... .......... .......... .......... .......... 83%  105K 2m33s
138400K .......... .......... .......... .......... .......... 83%  428K 2m33s
138450K .......... .......... .......... .......... .......... 83%  130K 2m32s
138500K .......... .......... .......... .......... .......... 83%  434K 2m32s
138550K .......... .......... .......... .......... .......... 83%  171K 2m32s
138600K .......... .......... .......... .......... .......... 83%  130K 2m32s
138650K .......... .......... .......... .......... .......... 83%  416K 2m31s
138700K .......... .......... .......... .......... .......... 83%  298K 2m31s
138750K .......... .......... .......... .......... .......... 83%  276K 2m31s
138800K .......... .......... .......... .......... .......... 83%  276K 2m30s
138850K .......... .......... .......... .......... .......... 83%  277K 2m30s
138900K .......... .......... .......... .......... .......... 83%  153K 2m30s
138950K .......... .......... .......... .......... .......... 83%  271K 2m30s
139000K .......... .......... .......... .......... .......... 83%  175K 2m29s
139050K .......... .......... .......... .......... .......... 83%  140K 2m29s
139100K .......... .......... .......... .......... .......... 83%  219K 2m29s
139150K .......... .......... .......... .......... .......... 83%  188K 2m28s
139200K .......... .......... .......... .......... .......... 83%  230K 2m28s
139250K .......... .......... .......... .......... .......... 83%  973K 2m28s
139300K .......... .......... .......... .......... .......... 83%  695K 2m28s
139350K .......... .......... .......... .......... .......... 83%  291K 2m27s
139400K .......... .......... .......... .......... .......... 83%  325K 2m27s
139450K .......... .......... .......... .......... .......... 83%  246K 2m27s
139500K .......... .......... .......... .......... .......... 83%  301K 2m26s
139550K .......... .......... .......... .......... .......... 83% 99.1K 2m26s
139600K .......... .......... .......... .......... .......... 83%  253K 2m26s
139650K .......... .......... .......... .......... .......... 84%  508K 2m26s
139700K .......... .......... .......... .......... .......... 84%  117K 2m25s
139750K .......... .......... .......... .......... .......... 84%  348K 2m25s
139800K .......... .......... .......... .......... .......... 84%  488K 2m25s
139850K .......... .......... .......... .......... .......... 84%  215K 2m24s
139900K .......... .......... .......... .......... .......... 84%  440K 2m24s
139950K .......... .......... .......... .......... .......... 84%  337K 2m24s
140000K .......... .......... .......... .......... .......... 84%  518K 2m23s
140050K .......... .......... .......... .......... .......... 84%  333K 2m23s
140100K .......... .......... .......... .......... .......... 84%  269K 2m23s
140150K .......... .......... .......... .......... .......... 84%  239K 2m23s
140200K .......... .......... .......... .......... .......... 84%  213K 2m22s
140250K .......... .......... .......... .......... .......... 84%  126K 2m22s
140300K .......... .......... .......... .......... .......... 84%  392K 2m22s
140350K .......... .......... .......... .......... .......... 84%  237K 2m21s
140400K .......... .......... .......... .......... .......... 84%  153K 2m21s
140450K .......... .......... .......... .......... .......... 84%  162K 2m21s
140500K .......... .......... .......... .......... .......... 84%  753K 2m21s
140550K .......... .......... .......... .......... .......... 84%  149K 2m20s
140600K .......... .......... .......... .......... .......... 84%  215K 2m20s
140650K .......... .......... .......... .......... .......... 84%  326K 2m20s
140700K .......... .......... .......... .......... .......... 84%  267K 2m20s
140750K .......... .......... .......... .......... .......... 84%  284K 2m19s
140800K .......... .......... .......... .......... .......... 84%  225K 2m19s
140850K .......... .......... .......... .......... .......... 84%  200K 2m19s
140900K .......... .......... .......... .......... .......... 84%  316K 2m18s
140950K .......... .......... .......... .......... .......... 84%  369K 2m18s
141000K .......... .......... .......... .......... .......... 84%  315K 2m18s
141050K .......... .......... .......... .......... .......... 84%  432K 2m17s
141100K .......... .......... .......... .......... .......... 84%  281K 2m17s
141150K .......... .......... .......... .......... .......... 84%  287K 2m17s
141200K .......... .......... .......... .......... .......... 84%  347K 2m17s
141250K .......... .......... .......... .......... .......... 84%  106K 2m16s
141300K .......... .......... .......... .......... .......... 85%  474K 2m16s
141350K .......... .......... .......... .......... .......... 85%  372K 2m16s
141400K .......... .......... .......... .......... .......... 85%  607K 2m15s
141450K .......... .......... .......... .......... .......... 85%  214K 2m15s
141500K .......... .......... .......... .......... .......... 85%  386K 2m15s
141550K .......... .......... .......... .......... .......... 85%  304K 2m15s
141600K .......... .......... .......... .......... .......... 85%  266K 2m14s
141650K .......... .......... .......... .......... .......... 85%  334K 2m14s
141700K .......... .......... .......... .......... .......... 85%  236K 2m14s
141750K .......... .......... .......... .......... .......... 85%  145K 2m13s
141800K .......... .......... .......... .......... .......... 85%  393K 2m13s
141850K .......... .......... .......... .......... .......... 85%  174K 2m13s
141900K .......... .......... .......... .......... .......... 85%  242K 2m13s
141950K .......... .......... .......... .......... .......... 85%  201K 2m12s
142000K .......... .......... .......... .......... .......... 85%  192K 2m12s
142050K .......... .......... .......... .......... .......... 85%  414K 2m12s
142100K .......... .......... .......... .......... .......... 85%  189K 2m11s
142150K .......... .......... .......... .......... .......... 85%  281K 2m11s
142200K .......... .......... .......... .......... .......... 85%  367K 2m11s
142250K .......... .......... .......... .......... .......... 85%  256K 2m11s
142300K .......... .......... .......... .......... .......... 85%  412K 2m10s
142350K .......... .......... .......... .......... .......... 85%  478K 2m10s
142400K .......... .......... .......... .......... .......... 85%  177K 2m10s
142450K .......... .......... .......... .......... .......... 85%  179K 2m9s
142500K .......... .......... .......... .......... .......... 85%  642K 2m9s
142550K .......... .......... .......... .......... .......... 85%  603K 2m9s
142600K .......... .......... .......... .......... .......... 85%  238K 2m9s
142650K .......... .......... .......... .......... .......... 85%  744K 2m8s
142700K .......... .......... .......... .......... .......... 85%  317K 2m8s
142750K .......... .......... .......... .......... .......... 85%  312K 2m8s
142800K .......... .......... .......... .......... .......... 85%  448K 2m7s
142850K .......... .......... .......... .......... .......... 85%  239K 2m7s
142900K .......... .......... .......... .......... .......... 85%  315K 2m7s
142950K .......... .......... .......... .......... .......... 86%  358K 2m7s
143000K .......... .......... .......... .......... .......... 86%  382K 2m6s
143050K .......... .......... .......... .......... .......... 86%  545K 2m6s
143100K .......... .......... .......... .......... .......... 86%  335K 2m6s
143150K .......... .......... .......... .......... .......... 86%  112K 2m5s
143200K .......... .......... .......... .......... .......... 86%  291K 2m5s
143250K .......... .......... .......... .......... .......... 86%  514K 2m5s
143300K .......... .......... .......... .......... .......... 86%  273K 2m5s
143350K .......... .......... .......... .......... .......... 86%  135K 2m4s
143400K .......... .......... .......... .......... .......... 86%  538K 2m4s
143450K .......... .......... .......... .......... .......... 86% 99.3K 2m4s
143500K .......... .......... .......... .......... .......... 86%  160K 2m3s
143550K .......... .......... .......... .......... .......... 86%  562K 2m3s
143600K .......... .......... .......... .......... .......... 86%  169K 2m3s
143650K .......... .......... .......... .......... .......... 86%  523K 2m3s
143700K .......... .......... .......... .......... .......... 86%  557K 2m2s
143750K .......... .......... .......... .......... .......... 86%  195K 2m2s
143800K .......... .......... .......... .......... .......... 86%  431K 2m2s
143850K .......... .......... .......... .......... .......... 86%  434K 2m1s
143900K .......... .......... .......... .......... .......... 86%  193K 2m1s
143950K .......... .......... .......... .......... .......... 86%  131K 2m1s
144000K .......... .......... .......... .......... .......... 86%  106K 2m1s
144050K .......... .......... .......... .......... .......... 86%  171K 2m0s
144100K .......... .......... .......... .......... .......... 86% 89.4K 2m0s
144150K .......... .......... .......... .......... .......... 86%  465K 2m0s
144200K .......... .......... .......... .......... .......... 86%  329K 2m0s
144250K .......... .......... .......... .......... .......... 86% 89.7K 1m59s
144300K .......... .......... .......... .......... .......... 86% 86.6K 1m59s
144350K .......... .......... .......... .......... .......... 86% 98.4K 1m59s
144400K .......... .......... .......... .......... .......... 86%  209K 1m59s
144450K .......... .......... .......... .......... .......... 86%  267K 1m58s
144500K .......... .......... .......... .......... .......... 86%  304K 1m58s
144550K .......... .......... .......... .......... .......... 86%  232K 1m58s
144600K .......... .......... .......... .......... .......... 87%  357K 1m57s
144650K .......... .......... .......... .......... .......... 87%  135K 1m57s
144700K .......... .......... .......... .......... .......... 87% 65.0K 1m57s
144750K .......... .......... .......... .......... .......... 87%  153K 1m57s
144800K .......... .......... .......... .......... .......... 87%  523K 1m56s
144850K .......... .......... .......... .......... .......... 87%  134K 1m56s
144900K .......... .......... .......... .......... .......... 87%  148K 1m56s
144950K .......... .......... .......... .......... .......... 87% 86.4K 1m56s
145000K .......... .......... .......... .......... .......... 87%  114K 1m55s
145050K .......... .......... .......... .......... .......... 87%  193K 1m55s
145100K .......... .......... .......... .......... .......... 87%  138K 1m55s
145150K .......... .......... .......... .......... .......... 87% 58.8K 1m55s
145200K .......... .......... .......... .......... .......... 87%  147K 1m54s
145250K .......... .......... .......... .......... .......... 87% 35.1K 1m54s
145300K .......... .......... .......... .......... .......... 87%  321K 1m54s
145350K .......... .......... .......... .......... .......... 87%  135K 1m54s
145400K .......... .......... .......... .......... .......... 87% 79.0K 1m54s
145450K .......... .......... .......... .......... .......... 87% 84.2K 1m53s
145500K .......... .......... .......... .......... .......... 87%  268K 1m53s
145550K .......... .......... .......... .......... .......... 87%  201K 1m53s
145600K .......... .......... .......... .......... .......... 87%  373K 1m53s
145650K .......... .......... .......... .......... .......... 87%  264K 1m52s
145700K .......... .......... .......... .......... .......... 87%  124K 1m52s
145750K .......... .......... .......... .......... .......... 87%  103K 1m52s
145800K .......... .......... .......... .......... .......... 87%  296K 1m51s
145850K .......... .......... .......... .......... .......... 87% 74.1K 1m51s
145900K .......... .......... .......... .......... .......... 87% 78.1K 1m51s
145950K .......... .......... .......... .......... .......... 87%  134K 1m51s
146000K .......... .......... .......... .......... .......... 87%  170K 1m50s
146050K .......... .......... .......... .......... .......... 87%  184K 1m50s
146100K .......... .......... .......... .......... .......... 87%  313K 1m50s
146150K .......... .......... .......... .......... .......... 87%  215K 1m50s
146200K .......... .......... .......... .......... .......... 87%  233K 1m49s
146250K .......... .......... .......... .......... .......... 87% 52.8K 1m49s
146300K .......... .......... .......... .......... .......... 88%  138K 1m49s
146350K .......... .......... .......... .......... .......... 88%  223K 1m49s
146400K .......... .......... .......... .......... .......... 88%  109K 1m48s
146450K .......... .......... .......... .......... .......... 88%  121K 1m48s
146500K .......... .......... .......... .......... .......... 88%  136K 1m48s
146550K .......... .......... .......... .......... .......... 88%  171K 1m48s
146600K .......... .......... .......... .......... .......... 88%  168K 1m47s
146650K .......... .......... .......... .......... .......... 88%  636K 1m47s
146700K .......... .......... .......... .......... .......... 88%  104K 1m47s
146750K .......... .......... .......... .......... .......... 88%  152K 1m47s
146800K .......... .......... .......... .......... .......... 88%  104K 1m46s
146850K .......... .......... .......... .......... .......... 88%  120K 1m46s
146900K .......... .......... .......... .......... .......... 88%  296K 1m46s
146950K .......... .......... .......... .......... .......... 88% 38.0K 1m46s
147000K .......... .......... .......... .......... .......... 88% 72.9K 1m45s
147050K .......... .......... .......... .......... .......... 88%  321K 1m45s
147100K .......... .......... .......... .......... .......... 88% 49.9K 1m45s
147150K .......... .......... .......... .......... .......... 88% 72.2K 1m45s
147200K .......... .......... .......... .......... .......... 88%  124K 1m44s
147250K .......... .......... .......... .......... .......... 88% 40.3K 1m44s
147300K .......... .......... .......... .......... .......... 88%  190K 1m44s
147350K .......... .......... .......... .......... .......... 88% 75.1K 1m44s
147400K .......... .......... .......... .......... .......... 88%  392K 1m43s
147450K .......... .......... .......... .......... .......... 88%  146K 1m43s
147500K .......... .......... .......... .......... .......... 88%  275K 1m43s
147550K .......... .......... .......... .......... .......... 88%  185K 1m43s
147600K .......... .......... .......... .......... .......... 88%  323K 1m42s
147650K .......... .......... .......... .......... .......... 88%  188K 1m42s
147700K .......... .......... .......... .......... .......... 88%  549K 1m42s
147750K .......... .......... .......... .......... .......... 88%  163K 1m42s
147800K .......... .......... .......... .......... .......... 88%  311K 1m41s
147850K .......... .......... .......... .......... .......... 88%  355K 1m41s
147900K .......... .......... .......... .......... .......... 88%  189K 1m41s
147950K .......... .......... .......... .......... .......... 89%  273K 1m40s
148000K .......... .......... .......... .......... .......... 89%  366K 1m40s
148050K .......... .......... .......... .......... .......... 89%  434K 1m40s
148100K .......... .......... .......... .......... .......... 89%  185K 99s
148150K .......... .......... .......... .......... .......... 89%  474K 99s
148200K .......... .......... .......... .......... .......... 89%  123K 99s
148250K .......... .......... .......... .......... .......... 89%  452K 99s
148300K .......... .......... .......... .......... .......... 89%  364K 98s
148350K .......... .......... .......... .......... .......... 89%  252K 98s
148400K .......... .......... .......... .......... .......... 89%  432K 98s
148450K .......... .......... .......... .......... .......... 89%  274K 97s
148500K .......... .......... .......... .......... .......... 89%  215K 97s
148550K .......... .......... .......... .......... .......... 89%  298K 97s
148600K .......... .......... .......... .......... .......... 89%  350K 97s
148650K .......... .......... .......... .......... .......... 89%  509K 96s
148700K .......... .......... .......... .......... .......... 89%  381K 96s
148750K .......... .......... .......... .......... .......... 89%  210K 96s
148800K .......... .......... .......... .......... .......... 89%  458K 95s
148850K .......... .......... .......... .......... .......... 89%  235K 95s
148900K .......... .......... .......... .......... .......... 89%  354K 95s
148950K .......... .......... .......... .......... .......... 89%  138K 95s
149000K .......... .......... .......... .......... .......... 89%  253K 94s
149050K .......... .......... .......... .......... .......... 89%  177K 94s
149100K .......... .......... .......... .......... .......... 89%  353K 94s
149150K .......... .......... .......... .......... .......... 89%  386K 94s
149200K .......... .......... .......... .......... .......... 89%  266K 93s
149250K .......... .......... .......... .......... .......... 89%  345K 93s
149300K .......... .......... .......... .......... .......... 89%  449K 93s
149350K .......... .......... .......... .......... .......... 89%  194K 92s
149400K .......... .......... .......... .......... .......... 89%  292K 92s
149450K .......... .......... .......... .......... .......... 89%  291K 92s
149500K .......... .......... .......... .......... .......... 89%  265K 92s
149550K .......... .......... .......... .......... .......... 89%  310K 91s
149600K .......... .......... .......... .......... .......... 90%  352K 91s
149650K .......... .......... .......... .......... .......... 90%  264K 91s
149700K .......... .......... .......... .......... .......... 90%  220K 90s
149750K .......... .......... .......... .......... .......... 90%  451K 90s
149800K .......... .......... .......... .......... .......... 90%  215K 90s
149850K .......... .......... .......... .......... .......... 90%  344K 90s
149900K .......... .......... .......... .......... .......... 90%  261K 89s
149950K .......... .......... .......... .......... .......... 90%  256K 89s
150000K .......... .......... .......... .......... .......... 90%  304K 89s
150050K .......... .......... .......... .......... .......... 90%  365K 88s
150100K .......... .......... .......... .......... .......... 90%  183K 88s
150150K .......... .......... .......... .......... .......... 90%  375K 88s
150200K .......... .......... .......... .......... .......... 90%  373K 88s
150250K .......... .......... .......... .......... .......... 90%  242K 87s
150300K .......... .......... .......... .......... .......... 90%  256K 87s
150350K .......... .......... .......... .......... .......... 90%  281K 87s
150400K .......... .......... .......... .......... .......... 90%  138K 86s
150450K .......... .......... .......... .......... .......... 90%  243K 86s
150500K .......... .......... .......... .......... .......... 90%  608K 86s
150550K .......... .......... .......... .......... .......... 90%  365K 86s
150600K .......... .......... .......... .......... .......... 90%  437K 85s
150650K .......... .......... .......... .......... .......... 90%  151K 85s
150700K .......... .......... .......... .......... .......... 90%  250K 85s
150750K .......... .......... .......... .......... .......... 90%  203K 84s
150800K .......... .......... .......... .......... .......... 90%  317K 84s
150850K .......... .......... .......... .......... .......... 90%  520K 84s
150900K .......... .......... .......... .......... .......... 90%  172K 84s
150950K .......... .......... .......... .......... .......... 90%  223K 83s
151000K .......... .......... .......... .......... .......... 90%  377K 83s
151050K .......... .......... .......... .......... .......... 90%  156K 83s
151100K .......... .......... .......... .......... .......... 90%  288K 82s
151150K .......... .......... .......... .......... .......... 90%  393K 82s
151200K .......... .......... .......... .......... .......... 90%  241K 82s
151250K .......... .......... .......... .......... .......... 91%  175K 82s
151300K .......... .......... .......... .......... .......... 91%  251K 81s
151350K .......... .......... .......... .......... .......... 91%  230K 81s
151400K .......... .......... .......... .......... .......... 91%  125K 81s
151450K .......... .......... .......... .......... .......... 91%  339K 81s
151500K .......... .......... .......... .......... .......... 91%  282K 80s
151550K .......... .......... .......... .......... .......... 91%  231K 80s
151600K .......... .......... .......... .......... .......... 91%  394K 80s
151650K .......... .......... .......... .......... .......... 91%  268K 79s
151700K .......... .......... .......... .......... .......... 91%  528K 79s
151750K .......... .......... .......... .......... .......... 91%  701K 79s
151800K .......... .......... .......... .......... .......... 91% 59.1K 79s
151850K .......... .......... .......... .......... .......... 91%  493K 78s
151900K .......... .......... .......... .......... .......... 91%  782K 78s
151950K .......... .......... .......... .......... .......... 91%  260K 78s
152000K .......... .......... .......... .......... .......... 91%  104K 77s
152050K .......... .......... .......... .......... .......... 91%  440K 77s
152100K .......... .......... .......... .......... .......... 91%  214K 77s
152150K .......... .......... .......... .......... .......... 91%  454K 77s
152200K .......... .......... .......... .......... .......... 91%  175K 76s
152250K .......... .......... .......... .......... .......... 91% 79.7K 76s
152300K .......... .......... .......... .......... .......... 91% 75.6K 76s
152350K .......... .......... .......... .......... .......... 91%  348K 76s
152400K .......... .......... .......... .......... .......... 91%  343K 75s
152450K .......... .......... .......... .......... .......... 91%  231K 75s
152500K .......... .......... .......... .......... .......... 91%  121K 75s
152550K .......... .......... .......... .......... .......... 91%  197K 75s
152600K .......... .......... .......... .......... .......... 91%  116K 74s
152650K .......... .......... .......... .......... .......... 91% 88.3K 74s
152700K .......... .......... .......... .......... .......... 91%  420K 74s
152750K .......... .......... .......... .......... .......... 91% 89.8K 73s
152800K .......... .......... .......... .......... .......... 91%  178K 73s
152850K .......... .......... .......... .......... .......... 91%  385K 73s
152900K .......... .......... .......... .......... .......... 91% 65.3K 73s
152950K .......... .......... .......... .......... .......... 92%  114K 72s
153000K .......... .......... .......... .......... .......... 92%  178K 72s
153050K .......... .......... .......... .......... .......... 92%  526K 72s
153100K .......... .......... .......... .......... .......... 92%  112K 72s
153150K .......... .......... .......... .......... .......... 92%  114K 71s
153200K .......... .......... .......... .......... .......... 92%  445K 71s
153250K .......... .......... .......... .......... .......... 92%  346K 71s
153300K .......... .......... .......... .......... .......... 92%  449K 70s
153350K .......... .......... .......... .......... .......... 92% 84.4K 70s
153400K .......... .......... .......... .......... .......... 92% 66.2K 70s
153450K .......... .......... .......... .......... .......... 92%  298K 70s
153500K .......... .......... .......... .......... .......... 92%  201K 69s
153550K .......... .......... .......... .......... .......... 92%  200K 69s
153600K .......... .......... .......... .......... .......... 92%  190K 69s
153650K .......... .......... .......... .......... .......... 92%  319K 69s
153700K .......... .......... .......... .......... .......... 92% 93.2K 68s
153750K .......... .......... .......... .......... .......... 92% 76.9K 68s
153800K .......... .......... .......... .......... .......... 92%  111K 68s
153850K .......... .......... .......... .......... .......... 92%  193K 68s
153900K .......... .......... .......... .......... .......... 92% 91.3K 67s
153950K .......... .......... .......... .......... .......... 92%  393K 67s
154000K .......... .......... .......... .......... .......... 92%  434K 67s
154050K .......... .......... .......... .......... .......... 92%  278K 66s
154100K .......... .......... .......... .......... .......... 92%  147K 66s
154150K .......... .......... .......... .......... .......... 92%  106K 66s
154200K .......... .......... .......... .......... .......... 92% 79.3K 66s
154250K .......... .......... .......... .......... .......... 92%  317K 65s
154300K .......... .......... .......... .......... .......... 92%  362K 65s
154350K .......... .......... .......... .......... .......... 92% 91.7K 65s
154400K .......... .......... .......... .......... .......... 92%  470K 65s
154450K .......... .......... .......... .......... .......... 92%  154K 64s
154500K .......... .......... .......... .......... .......... 92% 77.7K 64s
154550K .......... .......... .......... .......... .......... 92%  493K 64s
154600K .......... .......... .......... .......... .......... 93% 87.1K 64s
154650K .......... .......... .......... .......... .......... 93%  718K 63s
154700K .......... .......... .......... .......... .......... 93%  135K 63s
154750K .......... .......... .......... .......... .......... 93% 90.1K 63s
154800K .......... .......... .......... .......... .......... 93%  107K 62s
154850K .......... .......... .......... .......... .......... 93% 92.2K 62s
154900K .......... .......... .......... .......... .......... 93%  545K 62s
154950K .......... .......... .......... .......... .......... 93%  127K 62s
155000K .......... .......... .......... .......... .......... 93%  297K 61s
155050K .......... .......... .......... .......... .......... 93%  413K 61s
155100K .......... .......... .......... .......... .......... 93%  164K 61s
155150K .......... .......... .......... .......... .......... 93%  592K 61s
155200K .......... .......... .......... .......... .......... 93%  238K 60s
155250K .......... .......... .......... .......... .......... 93% 82.8K 60s
155300K .......... .......... .......... .......... .......... 93% 90.9K 60s
155350K .......... .......... .......... .......... .......... 93%  374K 59s
155400K .......... .......... .......... .......... .......... 93%  268K 59s
155450K .......... .......... .......... .......... .......... 93%  333K 59s
155500K .......... .......... .......... .......... .......... 93%  104K 59s
155550K .......... .......... .......... .......... .......... 93%  124K 58s
155600K .......... .......... .......... .......... .......... 93% 71.1K 58s
155650K .......... .......... .......... .......... .......... 93%  156K 58s
155700K .......... .......... .......... .......... .......... 93%  175K 58s
155750K .......... .......... .......... .......... .......... 93%  121K 57s
155800K .......... .......... .......... .......... .......... 93%  776K 57s
155850K .......... .......... .......... .......... .......... 93% 77.5K 57s
155900K .......... .......... .......... .......... .......... 93%  134K 57s
155950K .......... .......... .......... .......... .......... 93% 42.8K 56s
156000K .......... .......... .......... .......... .......... 93%  207K 56s
156050K .......... .......... .......... .......... .......... 93% 24.2K 56s
156100K .......... .......... .......... .......... .......... 93% 90.0K 56s
156150K .......... .......... .......... .......... .......... 93%  476K 55s
156200K .......... .......... .......... .......... .......... 93% 81.2K 55s
156250K .......... .......... .......... .......... .......... 94%  110K 55s
156300K .......... .......... .......... .......... .......... 94%  122K 55s
156350K .......... .......... .......... .......... .......... 94%  160K 54s
156400K .......... .......... .......... .......... .......... 94%  114K 54s
156450K .......... .......... .......... .......... .......... 94%  421K 54s
156500K .......... .......... .......... .......... .......... 94%  215K 53s
156550K .......... .......... .......... .......... .......... 94%  111K 53s
156600K .......... .......... .......... .......... .......... 94%  105K 53s
156650K .......... .......... .......... .......... .......... 94%  353K 53s
156700K .......... .......... .......... .......... .......... 94%  190K 52s
156750K .......... .......... .......... .......... .......... 94%  294K 52s
156800K .......... .......... .......... .......... .......... 94%  365K 52s
156850K .......... .......... .......... .......... .......... 94%  137K 52s
156900K .......... .......... .......... .......... .......... 94%  342K 51s
156950K .......... .......... .......... .......... .......... 94% 51.4K 51s
157000K .......... .......... .......... .......... .......... 94%  210K 51s
157050K .......... .......... .......... .......... .......... 94%  131K 50s
157100K .......... .......... .......... .......... .......... 94% 49.9K 50s
157150K .......... .......... .......... .......... .......... 94%  628K 50s
157200K .......... .......... .......... .......... .......... 94%  179K 50s
157250K .......... .......... .......... .......... .......... 94%  133K 49s
157300K .......... .......... .......... .......... .......... 94%  464K 49s
157350K .......... .......... .......... .......... .......... 94% 95.2K 49s
157400K .......... .......... .......... .......... .......... 94% 76.9K 49s
157450K .......... .......... .......... .......... .......... 94%  137K 48s
157500K .......... .......... .......... .......... .......... 94%  101K 48s
157550K .......... .......... .......... .......... .......... 94%  149K 48s
157600K .......... .......... .......... .......... .......... 94% 63.3K 48s
157650K .......... .......... .......... .......... .......... 94%  101K 47s
157700K .......... .......... .......... .......... .......... 94%  153K 47s
157750K .......... .......... .......... .......... .......... 94%  269K 47s
157800K .......... .......... .......... .......... .......... 94%  199K 46s
157850K .......... .......... .......... .......... .......... 94%  202K 46s
157900K .......... .......... .......... .......... .......... 95%  502K 46s
157950K .......... .......... .......... .......... .......... 95% 90.8K 46s
158000K .......... .......... .......... .......... .......... 95%  154K 45s
158050K .......... .......... .......... .......... .......... 95%  540K 45s
158100K .......... .......... .......... .......... .......... 95%  251K 45s
158150K .......... .......... .......... .......... .......... 95%  528K 44s
158200K .......... .......... .......... .......... .......... 95%  331K 44s
158250K .......... .......... .......... .......... .......... 95%  175K 44s
158300K .......... .......... .......... .......... .......... 95%  161K 44s
158350K .......... .......... .......... .......... .......... 95%  197K 43s
158400K .......... .......... .......... .......... .......... 95% 83.8K 43s
158450K .......... .......... .......... .......... .......... 95% 34.9K 43s
158500K .......... .......... .......... .......... .......... 95%  129K 43s
158550K .......... .......... .......... .......... .......... 95% 31.0K 42s
158600K .......... .......... .......... .......... .......... 95% 45.1K 42s
158650K .......... .......... .......... .......... .......... 95%  204K 42s
158700K .......... .......... .......... .......... .......... 95%  184K 42s
158750K .......... .......... .......... .......... .......... 95%  138K 41s
158800K .......... .......... .......... .......... .......... 95%  412K 41s
158850K .......... .......... .......... .......... .......... 95%  232K 41s
158900K .......... .......... .......... .......... .......... 95%  371K 41s
158950K .......... .......... .......... .......... .......... 95% 96.2K 40s
159000K .......... .......... .......... .......... .......... 95%  115K 40s
159050K .......... .......... .......... .......... .......... 95%  172K 40s
159100K .......... .......... .......... .......... .......... 95%  525K 39s
159150K .......... .......... .......... .......... .......... 95% 91.2K 39s
159200K .......... .......... .......... .......... .......... 95%  166K 39s
159250K .......... .......... .......... .......... .......... 95%  192K 39s
159300K .......... .......... .......... .......... .......... 95%  326K 38s
159350K .......... .......... .......... .......... .......... 95% 47.4K 38s
159400K .......... .......... .......... .......... .......... 95%  156K 38s
159450K .......... .......... .......... .......... .......... 95%  142K 38s
159500K .......... .......... .......... .......... .......... 95% 75.7K 37s
159550K .......... .......... .......... .......... .......... 95% 34.4K 37s
159600K .......... .......... .......... .......... .......... 96%  436K 37s
159650K .......... .......... .......... .......... .......... 96%  185K 36s
159700K .......... .......... .......... .......... .......... 96%  140K 36s
159750K .......... .......... .......... .......... .......... 96%  380K 36s
159800K .......... .......... .......... .......... .......... 96%  398K 36s
159850K .......... .......... .......... .......... .......... 96%  187K 35s
159900K .......... .......... .......... .......... .......... 96%  209K 35s
159950K .......... .......... .......... .......... .......... 96%  648K 35s
160000K .......... .......... .......... .......... .......... 96%  378K 34s
160050K .......... .......... .......... .......... .......... 96%  548K 34s
160100K .......... .......... .......... .......... .......... 96%  349K 34s
160150K .......... .......... .......... .......... .......... 96%  117K 34s
160200K .......... .......... .......... .......... .......... 96%  380K 33s
160250K .......... .......... .......... .......... .......... 96%  324K 33s
160300K .......... .......... .......... .......... .......... 96%  178K 33s
160350K .......... .......... .......... .......... .......... 96%  554K 33s
160400K .......... .......... .......... .......... .......... 96%  355K 32s
160450K .......... .......... .......... .......... .......... 96%  432K 32s
160500K .......... .......... .......... .......... .......... 96%  340K 32s
160550K .......... .......... .......... .......... .......... 96%  363K 31s
160600K .......... .......... .......... .......... .......... 96%  456K 31s
160650K .......... .......... .......... .......... .......... 96%  205K 31s
160700K .......... .......... .......... .......... .......... 96%  320K 31s
160750K .......... .......... .......... .......... .......... 96%  410K 30s
160800K .......... .......... .......... .......... .......... 96%  324K 30s
160850K .......... .......... .......... .......... .......... 96%  217K 30s
160900K .......... .......... .......... .......... .......... 96%  316K 29s
160950K .......... .......... .......... .......... .......... 96% 85.9K 29s
161000K .......... .......... .......... .......... .......... 96%  361K 29s
161050K .......... .......... .......... .......... .......... 96%  415K 29s
161100K .......... .......... .......... .......... .......... 96%  217K 28s
161150K .......... .......... .......... .......... .......... 96%  374K 28s
161200K .......... .......... .......... .......... .......... 96%  213K 28s
161250K .......... .......... .......... .......... .......... 97%  603K 27s
161300K .......... .......... .......... .......... .......... 97%  388K 27s
161350K .......... .......... .......... .......... .......... 97%  254K 27s
161400K .......... .......... .......... .......... .......... 97%  718K 27s
161450K .......... .......... .......... .......... .......... 97% 97.4K 26s
161500K .......... .......... .......... .......... .......... 97%  369K 26s
161550K .......... .......... .......... .......... .......... 97%  309K 26s
161600K .......... .......... .......... .......... .......... 97%  210K 26s
161650K .......... .......... .......... .......... .......... 97%  627K 25s
161700K .......... .......... .......... .......... .......... 97%  112K 25s
161750K .......... .......... .......... .......... .......... 97%  762K 25s
161800K .......... .......... .......... .......... .......... 97%  367K 24s
161850K .......... .......... .......... .......... .......... 97%  226K 24s
161900K .......... .......... .......... .......... .......... 97%  164K 24s
161950K .......... .......... .......... .......... .......... 97%  490K 24s
162000K .......... .......... .......... .......... .......... 97%  393K 23s
162050K .......... .......... .......... .......... .......... 97%  324K 23s
162100K .......... .......... .......... .......... .......... 97%  273K 23s
162150K .......... .......... .......... .......... .......... 97%  569K 22s
162200K .......... .......... .......... .......... .......... 97%  296K 22s
162250K .......... .......... .......... .......... .......... 97%  355K 22s
162300K .......... .......... .......... .......... .......... 97%  646K 22s
162350K .......... .......... .......... .......... .......... 97%  282K 21s
162400K .......... .......... .......... .......... .......... 97%  197K 21s
162450K .......... .......... .......... .......... .......... 97%  158K 21s
162500K .......... .......... .......... .......... .......... 97%  299K 20s
162550K .......... .......... .......... .......... .......... 97%  294K 20s
162600K .......... .......... .......... .......... .......... 97%  172K 20s
162650K .......... .......... .......... .......... .......... 97%  225K 20s
162700K .......... .......... .......... .......... .......... 97%  261K 19s
162750K .......... .......... .......... .......... .......... 97%  226K 19s
162800K .......... .......... .......... .......... .......... 97%  253K 19s
162850K .......... .......... .......... .......... .......... 97%  273K 19s
162900K .......... .......... .......... .......... .......... 98%  193K 18s
162950K .......... .......... .......... .......... .......... 98%  275K 18s
163000K .......... .......... .......... .......... .......... 98%  229K 18s
163050K .......... .......... .......... .......... .......... 98%  478K 17s
163100K .......... .......... .......... .......... .......... 98%  289K 17s
163150K .......... .......... .......... .......... .......... 98%  317K 17s
163200K .......... .......... .......... .......... .......... 98%  480K 17s
163250K .......... .......... .......... .......... .......... 98%  314K 16s
163300K .......... .......... .......... .......... .......... 98%  229K 16s
163350K .......... .......... .......... .......... .......... 98%  462K 16s
163400K .......... .......... .......... .......... .......... 98%  189K 15s
163450K .......... .......... .......... .......... .......... 98%  285K 15s
163500K .......... .......... .......... .......... .......... 98%  504K 15s
163550K .......... .......... .......... .......... .......... 98%  532K 15s
163600K .......... .......... .......... .......... .......... 98%  259K 14s
163650K .......... .......... .......... .......... .......... 98%  571K 14s
163700K .......... .......... .......... .......... .......... 98%  175K 14s
163750K .......... .......... .......... .......... .......... 98%  454K 14s
163800K .......... .......... .......... .......... .......... 98%  414K 13s
163850K .......... .......... .......... .......... .......... 98%  389K 13s
163900K .......... .......... .......... .......... .......... 98%  895K 13s
163950K .......... .......... .......... .......... .......... 98%  392K 12s
164000K .......... .......... .......... .......... .......... 98%  235K 12s
164050K .......... .......... .......... .......... .......... 98%  307K 12s
164100K .......... .......... .......... .......... .......... 98%  449K 12s
164150K .......... .......... .......... .......... .......... 98%  578K 11s
164200K .......... .......... .......... .......... .......... 98%  223K 11s
164250K .......... .......... .......... .......... .......... 98%  393K 11s
164300K .......... .......... .......... .......... .......... 98%  240K 10s
164350K .......... .......... .......... .......... .......... 98%  371K 10s
164400K .......... .......... .......... .......... .......... 98%  390K 10s
164450K .......... .......... .......... .......... .......... 98%  146K 10s
164500K .......... .......... .......... .......... .......... 98%  117K 9s
164550K .......... .......... .......... .......... .......... 99%  172K 9s
164600K .......... .......... .......... .......... .......... 99%  470K 9s
164650K .......... .......... .......... .......... .......... 99%  107K 9s
164700K .......... .......... .......... .......... .......... 99%  284K 8s
164750K .......... .......... .......... .......... .......... 99%  122K 8s
164800K .......... .......... .......... .......... .......... 99%  189K 8s
164850K .......... .......... .......... .......... .......... 99%  169K 7s
164900K .......... .......... .......... .......... .......... 99%  171K 7s
164950K .......... .......... .......... .......... .......... 99%  262K 7s
165000K .......... .......... .......... .......... .......... 99%  470K 7s
165050K .......... .......... .......... .......... .......... 99%  314K 6s
165100K .......... .......... .......... .......... .......... 99%  339K 6s
165150K .......... .......... .......... .......... .......... 99%  427K 6s
165200K .......... .......... .......... .......... .......... 99%  175K 6s
165250K .......... .......... .......... .......... .......... 99%  603K 5s
165300K .......... .......... .......... .......... .......... 99%  211K 5s
165350K .......... .......... .......... .......... .......... 99%  309K 5s
165400K .......... .......... .......... .......... .......... 99%  117K 4s
165450K .......... .......... .......... .......... .......... 99%  129K 4s
165500K .......... .......... .......... .......... .......... 99%  367K 4s
165550K .......... .......... .......... .......... .......... 99%  173K 4s
165600K .......... .......... .......... .......... .......... 99%  129K 3s
165650K .......... .......... .......... .......... .......... 99%  391K 3s
165700K .......... .......... .......... .......... .......... 99%  285K 3s
165750K .......... .......... .......... .......... .......... 99%  102K 2s
165800K .......... .......... .......... .......... .......... 99%  324K 2s
165850K .......... .......... .......... .......... .......... 99%  181K 2s
165900K .......... .......... .......... .......... .......... 99%  488K 2s
165950K .......... .......... .......... .......... .......... 99%  142K 1s
166000K .......... .......... .......... .......... .......... 99%  165K 1s
166050K .......... .......... .......... .......... .......... 99%  336K 1s
166100K .......... .......... .......... .......... .......... 99%  168K 1s
166150K .......... .......... .......... .......... .......... 99%  370K 0s
166200K .......... .......... .......... .......... .......... 99%  332K 0s
166250K ...                                                   100% 6.01T=15m14s

