
     0K .......... .......... .......... .......... ..........  0% 1.31M 4s
    50K .......... .......... .......... .......... ..........  1%  426K 9s
   100K .......... .......... .......... .......... ..........  2%  434K 10s
   150K .......... .......... .......... .......... ..........  3%  502K 10s
   200K .......... .......... .......... .......... ..........  4%  372K 11s
   250K .......... .......... .......... .......... ..........  5%  375K 12s
   300K .......... .......... .......... .......... ..........  6%  314K 12s
   350K .......... .......... .......... .......... ..........  6%  344K 13s
   400K .......... .......... .......... .......... ..........  7%  112K 17s
   450K .......... .......... .......... .......... ..........  8%  367K 16s
   500K .......... .......... .......... .......... ..........  9%  347K 16s
   550K .......... .......... .......... .......... .......... 10%  343K 16s
   600K .......... .......... .......... .......... .......... 11%  110K 18s
   650K .......... .......... .......... .......... .......... 12% 73.7K 21s
   700K .......... .......... .......... .......... .......... 12%  113K 23s
   750K .......... .......... .......... .......... .......... 13%  275K 22s
   800K .......... .......... .......... .......... .......... 14%  159K 23s
   850K .......... .......... .......... .......... .......... 15%  246K 22s
   900K .......... .......... .......... .......... .......... 16% 73.9K 24s
   950K .......... .......... .......... .......... .......... 17%  164K 24s
  1000K .......... .......... .......... .......... .......... 18% 75.0K 26s
  1050K .......... .......... .......... .......... .......... 18%  167K 26s
  1100K .......... .......... .......... .......... .......... 19%  111K 26s
  1150K .......... .......... .......... .......... .......... 20%  339K 25s
  1200K .......... .......... .......... .......... .......... 21%  126K 26s
  1250K .......... .......... .......... .......... .......... 22%  316K 25s
  1300K .......... .......... .......... .......... .......... 23%  121K 25s
  1350K .......... .......... .......... .......... .......... 24%  175K 25s
  1400K .......... .......... .......... .......... .......... 24%  326K 24s
  1450K .......... .......... .......... .......... .......... 25%  274K 24s
  1500K .......... .......... .......... .......... .......... 26%  342K 23s
  1550K .......... .......... .......... .......... .......... 27%  149K 23s
  1600K .......... .......... .......... .......... .......... 28% 72.3K 24s
  1650K .......... .......... .......... .......... .......... 29%  368K 23s
  1700K .......... .......... .......... .......... .......... 30%  129K 23s
  1750K .......... .......... .......... .......... .......... 31%  388K 22s
  1800K .......... .......... .......... .......... .......... 31%  300K 22s
  1850K .......... .......... .......... .......... .......... 32% 75.6K 22s
  1900K .......... .......... .......... .......... .......... 33% 56.7K 23s
  1950K .......... .......... .......... .......... .......... 34%  400K 23s
  2000K .......... .......... .......... .......... .......... 35%  183K 22s
  2050K .......... .......... .......... .......... .......... 36%  416K 22s
  2100K .......... .......... .......... .......... .......... 37%  146K 21s
  2150K .......... .......... .......... .......... .......... 37%  167K 21s
  2200K .......... .......... .......... .......... .......... 38%  363K 21s
  2250K .......... .......... .......... .......... .......... 39%  143K 20s
  2300K .......... .......... .......... .......... .......... 40%  437K 20s
  2350K .......... .......... .......... .......... .......... 41%  155K 20s
  2400K .......... .......... .......... .......... .......... 42%  108K 20s
  2450K .......... .......... .......... .......... .......... 43%  258K 19s
  2500K .......... .......... .......... .......... .......... 43%  243K 19s
  2550K .......... .......... .......... .......... .......... 44%  159K 19s
  2600K .......... .......... .......... .......... .......... 45%  157K 18s
  2650K .......... .......... .......... .......... .......... 46% 98.8K 18s
  2700K .......... .......... .......... .......... .......... 47%  101K 18s
  2750K .......... .......... .......... .......... .......... 48%  257K 18s
  2800K .......... .......... .......... .......... .......... 49%  196K 17s
  2850K .......... .......... .......... .......... .......... 49%  280K 17s
  2900K .......... .......... .......... .......... .......... 50%  335K 17s
  2950K .......... .......... .......... .......... .......... 51%  307K 16s
  3000K .......... .......... .......... .......... .......... 52%  302K 16s
  3050K .......... .......... .......... .......... .......... 53%  576K 15s
  3100K .......... .......... .......... .......... .......... 54%  222K 15s
  3150K .......... .......... .......... .......... .......... 55%  312K 15s
  3200K .......... .......... .......... .......... .......... 56%  294K 14s
  3250K .......... .......... .......... .......... .......... 56%  219K 14s
  3300K .......... .......... .......... .......... .......... 57%  169K 14s
  3350K .......... .......... .......... .......... .......... 58%  334K 13s
  3400K .......... .......... .......... .......... .......... 59%  116K 13s
  3450K .......... .......... .......... .......... .......... 60%  313K 13s
  3500K .......... .......... .......... .......... .......... 61%  363K 12s
  3550K .......... .......... .......... .......... .......... 62% 79.7K 12s
  3600K .......... .......... .......... .......... .......... 62%  125K 12s
  3650K .......... .......... .......... .......... .......... 63%  454K 12s
  3700K .......... .......... .......... .......... .......... 64%  148K 11s
  3750K .......... .......... .......... .......... .......... 65%  144K 11s
  3800K .......... .......... .......... .......... .......... 66%  125K 11s
  3850K .......... .......... .......... .......... .......... 67%  110K 11s
  3900K .......... .......... .......... .......... .......... 68%  282K 10s
  3950K .......... .......... .......... .......... .......... 68%  290K 10s
  4000K .......... .......... .......... .......... .......... 69%  389K 10s
  4050K .......... .......... .......... .......... .......... 70% 84.2K 10s
  4100K .......... .......... .......... .......... .......... 71%  785K 9s
  4150K .......... .......... .......... .......... .......... 72%  236K 9s
  4200K .......... .......... .......... .......... .......... 73%  395K 9s
  4250K .......... .......... .......... .......... .......... 74%  811K 8s
  4300K .......... .......... .......... .......... .......... 74%  721K 8s
  4350K .......... .......... .......... .......... .......... 75%  338K 8s
  4400K .......... .......... .......... .......... .......... 76%  524K 7s
  4450K .......... .......... .......... .......... .......... 77%  665K 7s
  4500K .......... .......... .......... .......... .......... 78%  290K 7s
  4550K .......... .......... .......... .......... .......... 79%  388K 6s
  4600K .......... .......... .......... .......... .......... 80%  175K 6s
  4650K .......... .......... .......... .......... .......... 80%  234K 6s
  4700K .......... .......... .......... .......... .......... 81%  449K 6s
  4750K .......... .......... .......... .......... .......... 82%  177K 5s
  4800K .......... .......... .......... .......... .......... 83%  290K 5s
  4850K .......... .......... .......... .......... .......... 84%  205K 5s
  4900K .......... .......... .......... .......... .......... 85%  390K 4s
  4950K .......... .......... .......... .......... .......... 86%  308K 4s
  5000K .......... .......... .......... .......... .......... 87%  148K 4s
  5050K .......... .......... .......... .......... .......... 87%  378K 4s
  5100K .......... .......... .......... .......... .......... 88%  189K 3s
  5150K .......... .......... .......... .......... .......... 89%  474K 3s
  5200K .......... .......... .......... .......... .......... 90%  114K 3s
  5250K .......... .......... .......... .......... .......... 91%  531K 3s
  5300K .......... .......... .......... .......... .......... 92%  504K 2s
  5350K .......... .......... .......... .......... .......... 93%  105K 2s
  5400K .......... .......... .......... .......... .......... 93%  253K 2s
  5450K .......... .......... .......... .......... .......... 94%  315K 2s
  5500K .......... .......... .......... .......... .......... 95%  312K 1s
  5550K .......... .......... .......... .......... .......... 96%  165K 1s
  5600K .......... .......... .......... .......... .......... 97%  128K 1s
  5650K .......... .......... .......... .......... .......... 98%  371K 1s
  5700K .......... .......... .......... .......... .......... 99% 82.6K 0s
  5750K .......... .......... .......... .......... .......... 99%  445K 0s
  5800K ...                                                   100% 5.94T=30s


     0K .......... .......... .......... .......... ..........  2%  330K 5s
    50K .......... .......... .......... .......... ..........  5% 77.4K 13s
   100K .......... .......... .......... .......... ..........  8%  125K 13s
   150K .......... .......... .......... .......... .......... 11% 92.4K 13s
   200K .......... .......... .......... .......... .......... 14%  399K 11s
   250K .......... .......... .......... .......... .......... 17% 53.9K 13s
   300K .......... .......... .......... .......... .......... 20% 43.5K 16s
   350K .......... .......... .......... .......... .......... 22% 56.6K 16s
   400K .......... .......... .......... .......... .......... 25%  487K 14s
   450K .......... .......... .......... .......... .......... 28%  435K 13s
   500K .......... .......... .......... .......... .......... 31% 23.9K 16s
   550K .......... .......... .......... .......... .......... 34%  488K 14s
   600K .......... .......... .......... .......... .......... 37%  143K 13s
   650K .......... .......... .......... .......... .......... 40%  373K 12s
   700K .......... .......... .......... .......... .......... 42% 65.4K 11s
   750K .......... .......... .......... .......... .......... 45% 67.1K 11s
   800K .......... .......... .......... .......... .......... 48%  186K 10s
   850K .......... .......... .......... .......... .......... 51% 74.4K 10s
   900K .......... .......... .......... .......... .......... 54%  502K 9s
   950K .......... .......... .......... .......... .......... 57%  217K 8s
  1000K .......... .......... .......... .......... .......... 60%  389K 7s
  1050K .......... .......... .......... .......... .......... 63%  102K 7s
  1100K .......... .......... .......... .......... .......... 65%  197K 6s
  1150K .......... .......... .......... .......... .......... 68%  292K 5s
  1200K .......... .......... .......... .......... .......... 71% 79.4K 5s
  1250K .......... .......... .......... .......... .......... 74% 66.4K 4s
  1300K .......... .......... .......... .......... .......... 77% 69.5K 4s
  1350K .......... .......... .......... .......... .......... 80% 74.4K 4s
  1400K .......... .......... .......... .......... .......... 83%  102K 3s
  1450K .......... .......... .......... .......... .......... 85%  391K 2s
  1500K .......... .......... .......... .......... .......... 88%  383K 2s
  1550K .......... .......... .......... .......... .......... 91%  366K 1s
  1600K .......... .......... .......... .......... .......... 94% 91.6K 1s
  1650K .......... .......... .......... .......... .......... 97%  270K 0s
  1700K .......... .......... .......... .......... .....     100%  490K=16s


     0K .......... .......... .......... .......... ..........  3% 57.8K 22s
    50K .......... .......... .......... .......... ..........  7% 52.7K 23s
   100K .......... .......... .......... .......... .......... 11% 46.3K 23s
   150K .......... .......... .......... .......... .......... 14% 37.5K 24s
   200K .......... .......... .......... .......... .......... 18%  138K 20s
   250K .......... .......... .......... .......... .......... 22% 1009K 16s
   300K .......... .......... .......... .......... .......... 25%  169K 14s
   350K .......... .......... .......... .......... .......... 29%  211K 12s
   400K .......... .......... .......... .......... .......... 33%  136K 11s
   450K .......... .......... .......... .......... .......... 37% 70.7K 11s
   500K .......... .......... .......... .......... .......... 40% 78.3K 10s
   550K .......... .......... .......... .......... .......... 44%  154K 9s
   600K .......... .......... .......... .......... .......... 48% 51.5K 9s
   650K .......... .......... .......... .......... .......... 51%  198K 8s
   700K .......... .......... .......... .......... .......... 55%  382K 7s
   750K .......... .......... .......... .......... .......... 59%  110K 6s
   800K .......... .......... .......... .......... .......... 63% 83.0K 6s
   850K .......... .......... .......... .......... .......... 66% 30.7K 6s
   900K .......... .......... .......... .......... .......... 70% 45.0K 5s
   950K .......... .......... .......... .......... .......... 74% 41.4K 5s
  1000K .......... .......... .......... .......... .......... 77% 34.7K 4s
  1050K .......... .......... .......... .......... .......... 81%  127K 3s
  1100K .......... .......... .......... .......... .......... 85% 84.1K 3s
  1150K .......... .......... .......... .......... .......... 89% 31.3K 2s
  1200K .......... .......... .......... .......... .......... 92%  620K 1s
  1250K .......... .......... .......... .......... .......... 96%  497K 1s
  1300K .......... .......... .......... .......... .......   100%  139K=18s


     0K .......... .......... .......... .......... ..........  6%  172K 4s
    50K .......... .......... .......... .......... .......... 13%  583K 3s
   100K .......... .......... .......... .......... .......... 19%  488K 2s
   150K .......... .......... .......... .......... .......... 26% 59.1K 4s
   200K .......... .......... .......... .......... .......... 32%  275K 3s
   250K .......... .......... .......... .......... .......... 39%  483K 3s
   300K .......... .......... .......... .......... .......... 45%  128K 2s
   350K .......... .......... .......... .......... .......... 52%  802K 2s
   400K .......... .......... .......... .......... .......... 58% 63.5K 2s
   450K .......... .......... .......... .......... .......... 65%  506K 2s
   500K .......... .......... .......... .......... .......... 71%  513K 1s
   550K .......... .......... .......... .......... .......... 78%  290K 1s
   600K .......... .......... .......... .......... .......... 84%  413K 1s
   650K .......... .......... .......... .......... .......... 91%  377K 0s
   700K .......... .......... .......... .......... .......... 97% 79.9K 0s
   750K .......... ........                                   100% 34.4K=4.6s


     0K .......... .......... .......... .......... ..........  1%  204K 18s
    50K .......... .......... .......... .......... ..........  2%  529K 12s
   100K .......... .......... .......... .......... ..........  3%  164K 15s
   150K .......... .......... .......... .......... ..........  5%  504K 13s
   200K .......... .......... .......... .......... ..........  6%  432K 12s
   250K .......... .......... .......... .......... ..........  7%  153K 14s
   300K .......... .......... .......... .......... ..........  9%  323K 13s
   350K .......... .......... .......... .......... .......... 10%  348K 12s
   400K .......... .......... .......... .......... .......... 11%  254K 12s
   450K .......... .......... .......... .......... .......... 13%  250K 12s
   500K .......... .......... .......... .......... .......... 14%  279K 12s
   550K .......... .......... .......... .......... .......... 15%  168K 12s
   600K .......... .......... .......... .......... .......... 17%  153K 13s
   650K .......... .......... .......... .......... .......... 18% 97.7K 14s
   700K .......... .......... .......... .......... .......... 19%  269K 14s
   750K .......... .......... .......... .......... .......... 21%  168K 14s
   800K .......... .......... .......... .......... .......... 22%  110K 14s
   850K .......... .......... .......... .......... .......... 23%  138K 14s
   900K .......... .......... .......... .......... .......... 25%  393K 14s
   950K .......... .......... .......... .......... .......... 26%  182K 13s
  1000K .......... .......... .......... .......... .......... 27%  708K 13s
  1050K .......... .......... .......... .......... .......... 29%  686K 12s
  1100K .......... .......... .......... .......... .......... 30%  259K 12s
  1150K .......... .......... .......... .......... .......... 31%  673K 11s
  1200K .......... .......... .......... .......... .......... 33%  324K 11s
  1250K .......... .......... .......... .......... .......... 34%  150K 11s
  1300K .......... .......... .......... .......... .......... 35%  340K 11s
  1350K .......... .......... .......... .......... .......... 37%  289K 10s
  1400K .......... .......... .......... .......... .......... 38%  801K 10s
  1450K .......... .......... .......... .......... .......... 39%  234K 10s
  1500K .......... .......... .......... .......... .......... 41%  429K 9s
  1550K .......... .......... .......... .......... .......... 42%  198K 9s
  1600K .......... .......... .......... .......... .......... 43%  207K 9s
  1650K .......... .......... .......... .......... .......... 45%  191K 9s
  1700K .......... .......... .......... .......... .......... 46%  190K 9s
  1750K .......... .......... .......... .......... .......... 47%  130K 9s
  1800K .......... .......... .......... .......... .......... 49%  290K 8s
  1850K .......... .......... .......... .......... .......... 50%  145K 8s
  1900K .......... .......... .......... .......... .......... 51%  660K 8s
  1950K .......... .......... .......... .......... .......... 53%  428K 8s
  2000K .......... .......... .......... .......... .......... 54%  526K 7s
  2050K .......... .......... .......... .......... .......... 55%  169K 7s
  2100K .......... .......... .......... .......... .......... 57%  192K 7s
  2150K .......... .......... .......... .......... .......... 58%  379K 7s
  2200K .......... .......... .......... .......... .......... 59%  242K 6s
  2250K .......... .......... .......... .......... .......... 61%  233K 6s
  2300K .......... .......... .......... .......... .......... 62%  233K 6s
  2350K .......... .......... .......... .......... .......... 63%  117K 6s
  2400K .......... .......... .......... .......... .......... 65%  339K 6s
  2450K .......... .......... .......... .......... .......... 66%  221K 5s
  2500K .......... .......... .......... .......... .......... 67%  186K 5s
  2550K .......... .......... .......... .......... .......... 69%  223K 5s
  2600K .......... .......... .......... .......... .......... 70%  160K 5s
  2650K .......... .......... .......... .......... .......... 71% 89.4K 5s
  2700K .......... .......... .......... .......... .......... 73%  123K 5s
  2750K .......... .......... .......... .......... .......... 74%  301K 4s
  2800K .......... .......... .......... .......... .......... 75%  178K 4s
  2850K .......... .......... .......... .......... .......... 77%  355K 4s
  2900K .......... .......... .......... .......... .......... 78%  354K 4s
  2950K .......... .......... .......... .......... .......... 79%  221K 3s
  3000K .......... .......... .......... .......... .......... 81%  105K 3s
  3050K .......... .......... .......... .......... .......... 82%  179K 3s
  3100K .......... .......... .......... .......... .......... 83%  547K 3s
  3150K .......... .......... .......... .......... .......... 85%  366K 3s
  3200K .......... .......... .......... .......... .......... 86%  180K 2s
  3250K .......... .......... .......... .......... .......... 87%  309K 2s
  3300K .......... .......... .......... .......... .......... 89%  137K 2s
  3350K .......... .......... .......... .......... .......... 90%  247K 2s
  3400K .......... .......... .......... .......... .......... 91%  250K 1s
  3450K .......... .......... .......... .......... .......... 93%  106K 1s
  3500K .......... .......... .......... .......... .......... 94%  221K 1s
  3550K .......... .......... .......... .......... .......... 95% 90.5K 1s
  3600K .......... .......... .......... .......... .......... 97%  324K 0s
  3650K .......... .......... .......... .......... .......... 98%  529K 0s
  3700K .......... .......... .......... .......... .......... 99%  393K 0s
  3750K ...                                                   100% 6.29T=17s


     0K .......... .......... .......... .......... ..........  1%  182K 24s
    50K .......... .......... .......... .......... ..........  2%  521K 16s
   100K .......... .......... .......... .......... ..........  3% 94.3K 26s
   150K .......... .......... .......... .......... ..........  4%  287K 23s
   200K .......... .......... .......... .......... ..........  5%  361K 20s
   250K .......... .......... .......... .......... ..........  6%  100K 24s
   300K .......... .......... .......... .......... ..........  7%  168K 23s
   350K .......... .......... .......... .......... ..........  9%  235K 22s
   400K .......... .......... .......... .......... .......... 10% 78.5K 25s
   450K .......... .......... .......... .......... .......... 11% 56.3K 29s
   500K .......... .......... .......... .......... .......... 12% 62.0K 32s
   550K .......... .......... .......... .......... .......... 13% 94.1K 32s
   600K .......... .......... .......... .......... .......... 14%  100K 32s
   650K .......... .......... .......... .......... .......... 15% 49.2K 35s
   700K .......... .......... .......... .......... .......... 16%  102K 35s
   750K .......... .......... .......... .......... .......... 18%  489K 33s
   800K .......... .......... .......... .......... .......... 19% 37.7K 36s
   850K .......... .......... .......... .......... .......... 20%  102K 35s
   900K .......... .......... .......... .......... .......... 21% 40.4K 37s
   950K .......... .......... .......... .......... .......... 22% 60.8K 38s
  1000K .......... .......... .......... .......... .......... 23%  107K 37s
  1050K .......... .......... .......... .......... .......... 24%  463K 35s
  1100K .......... .......... .......... .......... .......... 25% 93.9K 35s
  1150K .......... .......... .......... .......... .......... 27%  349K 33s
  1200K .......... .......... .......... .......... .......... 28% 47.5K 34s
  1250K .......... .......... .......... .......... .......... 29%  128K 33s
  1300K .......... .......... .......... .......... .......... 30% 65.8K 33s
  1350K .......... .......... .......... .......... .......... 31% 34.2K 35s
  1400K .......... .......... .......... .......... .......... 32% 70.7K 34s
  1450K .......... .......... .......... .......... .......... 33%  102K 33s
  1500K .......... .......... .......... .......... .......... 35%  190K 32s
  1550K .......... .......... .......... .......... .......... 36% 61.5K 32s
  1600K .......... .......... .......... .......... .......... 37% 48.8K 32s
  1650K .......... .......... .......... .......... .......... 38% 84.7K 32s
  1700K .......... .......... .......... .......... .......... 39% 62.1K 32s
  1750K .......... .......... .......... .......... .......... 40% 78.3K 31s
  1800K .......... .......... .......... .......... .......... 41%  129K 30s
  1850K .......... .......... .......... .......... .......... 42% 34.4K 31s
  1900K .......... .......... .......... .......... .......... 44% 33.1K 31s
  1950K .......... .......... .......... .......... .......... 45% 46.1K 31s
  2000K .......... .......... .......... .......... .......... 46%  363K 30s
  2050K .......... .......... .......... .......... .......... 47% 52.2K 30s
  2100K .......... .......... .......... .......... .......... 48% 37.6K 30s
  2150K .......... .......... .......... .......... .......... 49%  239K 29s
  2200K .......... .......... .......... .......... .......... 50% 64.4K 28s
  2250K .......... .......... .......... .......... .......... 51% 67.5K 28s
  2300K .......... .......... .......... .......... .......... 53% 63.0K 27s
  2350K .......... .......... .......... .......... .......... 54%  184K 26s
  2400K .......... .......... .......... .......... .......... 55% 63.5K 26s
  2450K .......... .......... .......... .......... .......... 56%  125K 25s
  2500K .......... .......... .......... .......... .......... 57% 83.6K 24s
  2550K .......... .......... .......... .......... .......... 58% 80.8K 23s
  2600K .......... .......... .......... .......... .......... 59%  306K 22s
  2650K .......... .......... .......... .......... .......... 61%  139K 22s
  2700K .......... .......... .......... .......... .......... 62% 47.4K 21s
  2750K .......... .......... .......... .......... .......... 63% 76.8K 21s
  2800K .......... .......... .......... .......... .......... 64% 71.0K 20s
  2850K .......... .......... .......... .......... .......... 65% 36.5K 20s
  2900K .......... .......... .......... .......... .......... 66% 53.9K 19s
  2950K .......... .......... .......... .......... .......... 67%  123K 19s
  3000K .......... .......... .......... .......... .......... 68%  153K 18s
  3050K .......... .......... .......... .......... .......... 70%  339K 17s
  3100K .......... .......... .......... .......... .......... 71%  166K 16s
  3150K .......... .......... .......... .......... .......... 72%  290K 15s
  3200K .......... .......... .......... .......... .......... 73%  556K 14s
  3250K .......... .......... .......... .......... .......... 74%  109K 14s
  3300K .......... .......... .......... .......... .......... 75% 61.9K 13s
  3350K .......... .......... .......... .......... .......... 76% 78.8K 13s
  3400K .......... .......... .......... .......... .......... 77%  263K 12s
  3450K .......... .......... .......... .......... .......... 79%  184K 11s
  3500K .......... .......... .......... .......... .......... 80%  104K 11s
  3550K .......... .......... .......... .......... .......... 81% 65.7K 10s
  3600K .......... .......... .......... .......... .......... 82% 55.2K 9s
  3650K .......... .......... .......... .......... .......... 83%  616K 9s
  3700K .......... .......... .......... .......... .......... 84% 44.5K 8s
  3750K .......... .......... .......... .......... .......... 85% 77.6K 8s
  3800K .......... .......... .......... .......... .......... 87%  123K 7s
  3850K .......... .......... .......... .......... .......... 88%  140K 6s
  3900K .......... .......... .......... .......... .......... 89%  858K 6s
  3950K .......... .......... .......... .......... .......... 90% 50.3K 5s
  4000K .......... .......... .......... .......... .......... 91% 36.1K 5s
  4050K .......... .......... .......... .......... .......... 92%  154K 4s
  4100K .......... .......... .......... .......... .......... 93%  114K 3s
  4150K .......... .......... .......... .......... .......... 94%  118K 3s
  4200K .......... .......... .......... .......... .......... 96%  354K 2s
  4250K .......... .......... .......... .......... .......... 97%  160K 1s
  4300K .......... .......... .......... .......... .......... 98%  653K 1s
  4350K .......... .......... .......... .......... .......... 99%  237K 0s
  4400K .......... .......... ...                             100% 74.1K=52s


     0K .......... .......... .......... .......... ..........  6%  911K 1s
    50K .......... .......... .......... .......... .......... 12%  451K 1s
   100K .......... .......... .......... .......... .......... 18%  122K 3s
   150K .......... .......... .......... .......... .......... 24%  425K 2s
   200K .......... .......... .......... .......... .......... 31% 50.4K 4s
   250K .......... .......... .......... .......... .......... 37%  189K 3s
   300K .......... .......... .......... .......... .......... 43%  873K 3s
   350K .......... .......... .......... .......... .......... 49%  321K 2s
   400K .......... .......... .......... .......... .......... 56%  434K 2s
   450K .......... .......... .......... .......... .......... 62%  170K 2s
   500K .......... .......... .......... .......... .......... 68%  183K 1s
   550K .......... .......... .......... .......... .......... 74%  136K 1s
   600K .......... .......... .......... .......... .......... 81%  584K 1s
   650K .......... .......... .......... .......... .......... 87%  225K 1s
   700K .......... .......... .......... .......... .......... 93% 99.2K 0s
   750K .......... .......... .......... .......... .......... 99%  128K 0s
   800K .                                                     100% 2.68T=4.4s


     0K .......... .......... .......... .......... ..........  0% 1.12M 2m25s
    50K .......... .......... .......... .......... ..........  0%  389K 4m46s
   100K .......... .......... .......... .......... ..........  0%  346K 5m51s
   150K .......... .......... .......... .......... ..........  0%  588K 5m33s
   200K .......... .......... .......... .......... ..........  0%  410K 5m48s
   250K .......... .......... .......... .......... ..........  0%  290K 6m25s
   300K .......... .......... .......... .......... ..........  0%  420K 6m26s
   350K .......... .......... .......... .......... ..........  0% 81.7K 9m52s
   400K .......... .......... .......... .......... ..........  0%  445K 9m27s
   450K .......... .......... .......... .......... ..........  0%  185K 10m0s
   500K .......... .......... .......... .......... ..........  0%  506K 9m35s
   550K .......... .......... .......... .......... ..........  0%  175K 10m6s
   600K .......... .......... .......... .......... ..........  0%  238K 10m12s
   650K .......... .......... .......... .......... ..........  0%  257K 10m14s
   700K .......... .......... .......... .......... ..........  0% 84.4K 11m44s
   750K .......... .......... .......... .......... ..........  0%  131K 12m19s
   800K .......... .......... .......... .......... ..........  0%  161K 12m36s
   850K .......... .......... .......... .......... ..........  0%  129K 13m5s
   900K .......... .......... .......... .......... ..........  0%  109K 13m43s
   950K .......... .......... .......... .......... ..........  0%  274K 13m31s
  1000K .......... .......... .......... .......... ..........  0%  324K 13m17s
  1050K .......... .......... .......... .......... ..........  0%  268K 13m8s
  1100K .......... .......... .......... .......... ..........  0% 56.3K 14m41s
  1150K .......... .......... .......... .......... ..........  0%  538K 14m17s
  1200K .......... .......... .......... .......... ..........  0%  174K 14m21s
  1250K .......... .......... .......... .......... ..........  0%  204K 14m18s
  1300K .......... .......... .......... .......... ..........  0%  415K 14m1s
  1350K .......... .......... .......... .......... ..........  0%  198K 14m0s
  1400K .......... .......... .......... .......... ..........  0%  234K 13m55s
  1450K .......... .......... .......... .......... ..........  0%  373K 13m42s
  1500K .......... .......... .......... .......... ..........  0%  160K 13m48s
  1550K .......... .......... .......... .......... ..........  0%  228K 13m45s
  1600K .......... .......... .......... .......... ..........  0%  270K 13m38s
  1650K .......... .......... .......... .......... ..........  1%  169K 13m43s
  1700K .......... .......... .......... .......... ..........  1%  140K 13m52s
  1750K .......... .......... .......... .......... ..........  1% 81.0K 14m25s
  1800K .......... .......... .......... .......... ..........  1% 51.3K 15m28s
  1850K .......... .......... .......... .......... ..........  1% 92.0K 15m51s
  1900K .......... .......... .......... .......... ..........  1%  227K 15m45s
  1950K .......... .......... .......... .......... ..........  1%  113K 15m57s
  2000K .......... .......... .......... .......... ..........  1%  128K 16m5s
  2050K .......... .......... .......... .......... ..........  1%  161K 16m6s
  2100K .......... .......... .......... .......... ..........  1%  165K 16m6s
  2150K .......... .......... .......... .......... ..........  1%  187K 16m4s
  2200K .......... .......... .......... .......... ..........  1%  160K 16m5s
  2250K .......... .......... .......... .......... ..........  1%  359K 15m54s
  2300K .......... .......... .......... .......... ..........  1%  217K 15m49s
  2350K .......... .......... .......... .......... ..........  1% 80.8K 16m11s
  2400K .......... .......... .......... .......... ..........  1%  161K 16m12s
  2450K .......... .......... .......... .......... ..........  1%  165K 16m12s
  2500K .......... .......... .......... .......... ..........  1%  213K 16m8s
  2550K .......... .......... .......... .......... ..........  1%  430K 15m56s
  2600K .......... .......... .......... .......... ..........  1%  102K 16m8s
  2650K .......... .......... .......... .......... ..........  1% 69.7K 16m33s
  2700K .......... .......... .......... .......... ..........  1%  118K 16m40s
  2750K .......... .......... .......... .......... ..........  1%  392K 16m29s
  2800K .......... .......... .......... .......... ..........  1%  320K 16m21s
  2850K .......... .......... .......... .......... ..........  1%  107K 16m30s
  2900K .......... .......... .......... .......... ..........  1%  138K 16m33s
  2950K .......... .......... .......... .......... ..........  1%  258K 16m26s
  3000K .......... .......... .......... .......... ..........  1%  142K 16m29s
  3050K .......... .......... .......... .......... ..........  1% 58.4K 16m57s
  3100K .......... .......... .......... .......... ..........  1%  176K 16m56s
  3150K .......... .......... .......... .......... ..........  1% 91.6K 17m7s
  3200K .......... .......... .......... .......... ..........  1%  305K 16m59s
  3250K .......... .......... .......... .......... ..........  1%  331K 16m51s
  3300K .......... .......... .......... .......... ..........  2%  205K 16m48s
  3350K .......... .......... .......... .......... ..........  2%  132K 16m51s
  3400K .......... .......... .......... .......... ..........  2%  403K 16m42s
  3450K .......... .......... .......... .......... ..........  2%  294K 16m35s
  3500K .......... .......... .......... .......... ..........  2%  174K 16m34s
  3550K .......... .......... .......... .......... ..........  2%  152K 16m34s
  3600K .......... .......... .......... .......... ..........  2%  457K 16m25s
  3650K .......... .......... .......... .......... ..........  2%  179K 16m24s
  3700K .......... .......... .......... .......... ..........  2%  139K 16m26s
  3750K .......... .......... .......... .......... ..........  2%  113K 16m32s
  3800K .......... .......... .......... .......... ..........  2%  101K 16m40s
  3850K .......... .......... .......... .......... ..........  2% 64.3K 16m59s
  3900K .......... .......... .......... .......... ..........  2%  109K 17m5s
  3950K .......... .......... .......... .......... ..........  2%  218K 17m1s
  4000K .......... .......... .......... .......... ..........  2%  160K 17m0s
  4050K .......... .......... .......... .......... ..........  2%  223K 16m56s
  4100K .......... .......... .......... .......... ..........  2%  331K 16m50s
  4150K .......... .......... .......... .......... ..........  2%  130K 16m52s
  4200K .......... .......... .......... .......... ..........  2%  430K 16m45s
  4250K .......... .......... .......... .......... ..........  2%  368K 16m38s
  4300K .......... .......... .......... .......... ..........  2%  876K 16m28s
  4350K .......... .......... .......... .......... ..........  2%  333K 16m22s
  4400K .......... .......... .......... .......... ..........  2%  295K 16m17s
  4450K .......... .......... .......... .......... ..........  2%  344K 16m11s
  4500K .......... .......... .......... .......... ..........  2%  171K 16m10s
  4550K .......... .......... .......... .......... ..........  2%  623K 16m2s
  4600K .......... .......... .......... .......... ..........  2%  340K 15m57s
  4650K .......... .......... .......... .......... ..........  2%  658K 15m49s
  4700K .......... .......... .......... .......... ..........  2%  474K 15m42s
  4750K .......... .......... .......... .......... ..........  2%  321K 15m37s
  4800K .......... .......... .......... .......... ..........  2%  651K 15m30s
  4850K .......... .......... .......... .......... ..........  2%  385K 15m25s
  4900K .......... .......... .......... .......... ..........  2%  126K 15m28s
  4950K .......... .......... .......... .......... ..........  3%  350K 15m23s
  5000K .......... .......... .......... .......... ..........  3%  255K 15m20s
  5050K .......... .......... .......... .......... ..........  3%  352K 15m15s
  5100K .......... .......... .......... .......... ..........  3%  219K 15m13s
  5150K .......... .......... .......... .......... ..........  3%  311K 15m9s
  5200K .......... .......... .......... .......... ..........  3%  192K 15m8s
  5250K .......... .......... .......... .......... ..........  3%  438K 15m2s
  5300K .......... .......... .......... .......... ..........  3%  361K 14m58s
  5350K .......... .......... .......... .......... ..........  3%  270K 14m55s
  5400K .......... .......... .......... .......... ..........  3%  607K 14m49s
  5450K .......... .......... .......... .......... ..........  3%  418K 14m44s
  5500K .......... .......... .......... .......... ..........  3%  252K 14m41s
  5550K .......... .......... .......... .......... ..........  3%  293K 14m38s
  5600K .......... .......... .......... .......... ..........  3%  351K 14m34s
  5650K .......... .......... .......... .......... ..........  3%  220K 14m33s
  5700K .......... .......... .......... .......... ..........  3%  644K 14m27s
  5750K .......... .......... .......... .......... ..........  3% 97.4K 14m33s
  5800K .......... .......... .......... .......... ..........  3%  130K 14m36s
  5850K .......... .......... .......... .......... ..........  3%  381K 14m32s
  5900K .......... .......... .......... .......... ..........  3%  395K 14m28s
  5950K .......... .......... .......... .......... ..........  3%  212K 14m27s
  6000K .......... .......... .......... .......... ..........  3%  181K 14m27s
  6050K .......... .......... .......... .......... ..........  3%  635K 14m21s
  6100K .......... .......... .......... .......... ..........  3%  320K 14m18s
  6150K .......... .......... .......... .......... ..........  3%  108K 14m23s
  6200K .......... .......... .......... .......... ..........  3%  162K 14m24s
  6250K .......... .......... .......... .......... ..........  3%  279K 14m21s
  6300K .......... .......... .......... .......... ..........  3%  549K 14m16s
  6350K .......... .......... .......... .......... ..........  3%  273K 14m14s
  6400K .......... .......... .......... .......... ..........  3%  423K 14m10s
  6450K .......... .......... .......... .......... ..........  3%  148K 14m11s
  6500K .......... .......... .......... .......... ..........  3%  180K 14m11s
  6550K .......... .......... .......... .......... ..........  3%  454K 14m7s
  6600K .......... .......... .......... .......... ..........  3%  305K 14m5s
  6650K .......... .......... .......... .......... ..........  4%  299K 14m2s
  6700K .......... .......... .......... .......... ..........  4%  412K 13m58s
  6750K .......... .......... .......... .......... ..........  4%  201K 13m58s
  6800K .......... .......... .......... .......... ..........  4%  344K 13m55s
  6850K .......... .......... .......... .......... ..........  4%  218K 13m54s
  6900K .......... .......... .......... .......... ..........  4%  605K 13m49s
  6950K .......... .......... .......... .......... ..........  4%  343K 13m47s
  7000K .......... .......... .......... .......... ..........  4%  405K 13m43s
  7050K .......... .......... .......... .......... ..........  4%  304K 13m41s
  7100K .......... .......... .......... .......... ..........  4%  181K 13m41s
  7150K .......... .......... .......... .......... ..........  4%  166K 13m42s
  7200K .......... .......... .......... .......... ..........  4%  244K 13m40s
  7250K .......... .......... .......... .......... ..........  4%  428K 13m37s
  7300K .......... .......... .......... .......... ..........  4%  357K 13m34s
  7350K .......... .......... .......... .......... ..........  4%  367K 13m31s
  7400K .......... .......... .......... .......... ..........  4%  220K 13m31s
  7450K .......... .......... .......... .......... ..........  4%  361K 13m28s
  7500K .......... .......... .......... .......... ..........  4%  513K 13m24s
  7550K .......... .......... .......... .......... ..........  4%  177K 13m25s
  7600K .......... .......... .......... .......... ..........  4%  259K 13m23s
  7650K .......... .......... .......... .......... ..........  4%  533K 13m20s
  7700K .......... .......... .......... .......... ..........  4%  205K 13m19s
  7750K .......... .......... .......... .......... ..........  4%  366K 13m17s
  7800K .......... .......... .......... .......... ..........  4%  482K 13m13s
  7850K .......... .......... .......... .......... ..........  4%  365K 13m11s
  7900K .......... .......... .......... .......... ..........  4%  531K 13m7s
  7950K .......... .......... .......... .......... ..........  4%  188K 13m8s
  8000K .......... .......... .......... .......... ..........  4%  412K 13m5s
  8050K .......... .......... .......... .......... ..........  4%  278K 13m3s
  8100K .......... .......... .......... .......... ..........  4%  129K 13m6s
  8150K .......... .......... .......... .......... ..........  4%  601K 13m2s
  8200K .......... .......... .......... .......... ..........  4%  331K 13m0s
  8250K .......... .......... .......... .......... ..........  4%  653K 12m57s
  8300K .......... .......... .......... .......... ..........  5% 87.9K 13m3s
  8350K .......... .......... .......... .......... ..........  5%  204K 13m2s
  8400K .......... .......... .......... .......... ..........  5%  464K 12m59s
  8450K .......... .......... .......... .......... ..........  5% 72.4K 13m7s
  8500K .......... .......... .......... .......... ..........  5% 45.2K 13m23s
  8550K .......... .......... .......... .......... ..........  5% 41.1K 13m40s
  8600K .......... .......... .......... .......... ..........  5% 29.6K 14m6s
  8650K .......... .......... .......... .......... ..........  5% 46.2K 14m21s
  8700K .......... .......... .......... .......... ..........  5% 45.7K 14m35s
  8750K .......... .......... .......... .......... ..........  5% 75.1K 14m42s
  8800K .......... .......... .......... .......... ..........  5% 97.0K 14m46s
  8850K .......... .......... .......... .......... ..........  5%  127K 14m47s
  8900K .......... .......... .......... .......... ..........  5% 58.0K 14m57s
  8950K .......... .......... .......... .......... ..........  5% 72.7K 15m4s
  9000K .......... .......... .......... .......... ..........  5% 72.3K 15m11s
  9050K .......... .......... .......... .......... ..........  5% 74.0K 15m17s
  9100K .......... .......... .......... .......... ..........  5% 95.0K 15m21s
  9150K .......... .......... .......... .......... ..........  5% 93.8K 15m25s
  9200K .......... .......... .......... .......... ..........  5% 54.3K 15m35s
  9250K .......... .......... .......... .......... ..........  5%  297K 15m32s
  9300K .......... .......... .......... .......... ..........  5%  208K 15m31s
  9350K .......... .......... .......... .......... ..........  5%  207K 15m30s
  9400K .......... .......... .......... .......... ..........  5% 82.4K 15m35s
  9450K .......... .......... .......... .......... ..........  5%  205K 15m34s
  9500K .......... .......... .......... .......... ..........  5%  367K 15m31s
  9550K .......... .......... .......... .......... ..........  5%  173K 15m30s
  9600K .......... .......... .......... .......... ..........  5%  182K 15m30s
  9650K .......... .......... .......... .......... ..........  5%  472K 15m26s
  9700K .......... .......... .......... .......... ..........  5%  128K 15m27s
  9750K .......... .......... .......... .......... ..........  5%  526K 15m24s
  9800K .......... .......... .......... .......... ..........  5% 57.5K 15m33s
  9850K .......... .......... .......... .......... ..........  5%  271K 15m31s
  9900K .......... .......... .......... .......... ..........  5% 91.4K 15m34s
  9950K .......... .......... .......... .......... ..........  6%  262K 15m32s
 10000K .......... .......... .......... .......... ..........  6%  253K 15m30s
 10050K .......... .......... .......... .......... ..........  6%  241K 15m29s
 10100K .......... .......... .......... .......... ..........  6% 91.5K 15m32s
 10150K .......... .......... .......... .......... ..........  6%  152K 15m32s
 10200K .......... .......... .......... .......... ..........  6% 79.4K 15m37s
 10250K .......... .......... .......... .......... ..........  6%  490K 15m34s
 10300K .......... .......... .......... .......... ..........  6%  120K 15m35s
 10350K .......... .......... .......... .......... ..........  6%  132K 15m36s
 10400K .......... .......... .......... .......... ..........  6%  167K 15m36s
 10450K .......... .......... .......... .......... ..........  6% 74.4K 15m41s
 10500K .......... .......... .......... .......... ..........  6%  364K 15m38s
 10550K .......... .......... .......... .......... ..........  6% 66.9K 15m45s
 10600K .......... .......... .......... .......... ..........  6% 64.7K 15m51s
 10650K .......... .......... .......... .......... ..........  6%  109K 15m53s
 10700K .......... .......... .......... .......... ..........  6% 71.7K 15m59s
 10750K .......... .......... .......... .......... ..........  6% 57.0K 16m6s
 10800K .......... .......... .......... .......... ..........  6% 60.4K 16m13s
 10850K .......... .......... .......... .......... ..........  6%  188K 16m12s
 10900K .......... .......... .......... .......... ..........  6%  171K 16m12s
 10950K .......... .......... .......... .......... ..........  6% 66.9K 16m18s
 11000K .......... .......... .......... .......... ..........  6%  141K 16m18s
 11050K .......... .......... .......... .......... ..........  6%  177K 16m17s
 11100K .......... .......... .......... .......... ..........  6%  236K 16m15s
 11150K .......... .......... .......... .......... ..........  6%  190K 16m14s
 11200K .......... .......... .......... .......... ..........  6% 67.7K 16m20s
 11250K .......... .......... .......... .......... ..........  6% 55.0K 16m28s
 11300K .......... .......... .......... .......... ..........  6% 67.7K 16m33s
 11350K .......... .......... .......... .......... ..........  6%  203K 16m32s
 11400K .......... .......... .......... .......... ..........  6%  122K 16m33s
 11450K .......... .......... .......... .......... ..........  6% 96.0K 16m35s
 11500K .......... .......... .......... .......... ..........  6% 35.9K 16m49s
 11550K .......... .......... .......... .......... ..........  6% 67.4K 16m54s
 11600K .......... .......... .......... .......... ..........  7% 26.4K 17m15s
 11650K .......... .......... .......... .......... ..........  7% 73.9K 17m19s
 11700K .......... .......... .......... .......... ..........  7%  348K 17m16s
 11750K .......... .......... .......... .......... ..........  7%  175K 17m15s
 11800K .......... .......... .......... .......... ..........  7%  133K 17m15s
 11850K .......... .......... .......... .......... ..........  7% 64.5K 17m21s
 11900K .......... .......... .......... .......... ..........  7% 73.8K 17m25s
 11950K .......... .......... .......... .......... ..........  7%  158K 17m24s
 12000K .......... .......... .......... .......... ..........  7% 77.4K 17m28s
 12050K .......... .......... .......... .......... ..........  7% 84.2K 17m31s
 12100K .......... .......... .......... .......... ..........  7% 88.9K 17m33s
 12150K .......... .......... .......... .......... ..........  7%  194K 17m32s
 12200K .......... .......... .......... .......... ..........  7% 64.8K 17m37s
 12250K .......... .......... .......... .......... ..........  7% 54.7K 17m44s
 12300K .......... .......... .......... .......... ..........  7%  553K 17m40s
 12350K .......... .......... .......... .......... ..........  7%  189K 17m39s
 12400K .......... .......... .......... .......... ..........  7%  236K 17m37s
 12450K .......... .......... .......... .......... ..........  7%  164K 17m36s
 12500K .......... .......... .......... .......... ..........  7%  990K 17m32s
 12550K .......... .......... .......... .......... ..........  7%  264K 17m30s
 12600K .......... .......... .......... .......... ..........  7%  148K 17m29s
 12650K .......... .......... .......... .......... ..........  7%  467K 17m26s
 12700K .......... .......... .......... .......... ..........  7%  446K 17m23s
 12750K .......... .......... .......... .......... ..........  7%  382K 17m20s
 12800K .......... .......... .......... .......... ..........  7%  319K 17m18s
 12850K .......... .......... .......... .......... ..........  7% 82.0K 17m21s
 12900K .......... .......... .......... .......... ..........  7%  372K 17m18s
 12950K .......... .......... .......... .......... ..........  7%  284K 17m16s
 13000K .......... .......... .......... .......... ..........  7%  222K 17m14s
 13050K .......... .......... .......... .......... ..........  7%  254K 17m12s
 13100K .......... .......... .......... .......... ..........  7%  164K 17m11s
 13150K .......... .......... .......... .......... ..........  7%  323K 17m9s
 13200K .......... .......... .......... .......... ..........  7%  120K 17m9s
 13250K .......... .......... .......... .......... ..........  7%  194K 17m8s
 13300K .......... .......... .......... .......... ..........  8%  364K 17m6s
 13350K .......... .......... .......... .......... ..........  8%  163K 17m5s
 13400K .......... .......... .......... .......... ..........  8%  460K 17m2s
 13450K .......... .......... .......... .......... ..........  8%  343K 17m0s
 13500K .......... .......... .......... .......... ..........  8%  615K 16m56s
 13550K .......... .......... .......... .......... ..........  8%  476K 16m53s
 13600K .......... .......... .......... .......... ..........  8%  368K 16m51s
 13650K .......... .......... .......... .......... ..........  8%  670K 16m48s
 13700K .......... .......... .......... .......... ..........  8%  337K 16m45s
 13750K .......... .......... .......... .......... ..........  8%  390K 16m43s
 13800K .......... .......... .......... .......... ..........  8%  402K 16m40s
 13850K .......... .......... .......... .......... ..........  8%  282K 16m38s
 13900K .......... .......... .......... .......... ..........  8%  268K 16m36s
 13950K .......... .......... .......... .......... ..........  8%  344K 16m34s
 14000K .......... .......... .......... .......... ..........  8%  159K 16m34s
 14050K .......... .......... .......... .......... ..........  8%  368K 16m31s
 14100K .......... .......... .......... .......... ..........  8%  261K 16m30s
 14150K .......... .......... .......... .......... ..........  8%  317K 16m27s
 14200K .......... .......... .......... .......... ..........  8%  253K 16m26s
 14250K .......... .......... .......... .......... ..........  8%  328K 16m24s
 14300K .......... .......... .......... .......... ..........  8%  316K 16m21s
 14350K .......... .......... .......... .......... ..........  8%  377K 16m19s
 14400K .......... .......... .......... .......... ..........  8%  133K 16m19s
 14450K .......... .......... .......... .......... ..........  8%  123K 16m20s
 14500K .......... .......... .......... .......... ..........  8%  426K 16m17s
 14550K .......... .......... .......... .......... ..........  8%  233K 16m16s
 14600K .......... .......... .......... .......... ..........  8%  314K 16m14s
 14650K .......... .......... .......... .......... ..........  8%  339K 16m12s
 14700K .......... .......... .......... .......... ..........  8%  260K 16m10s
 14750K .......... .......... .......... .......... ..........  8%  140K 16m10s
 14800K .......... .......... .......... .......... ..........  8%  129K 16m11s
 14850K .......... .......... .......... .......... ..........  8%  241K 16m9s
 14900K .......... .......... .......... .......... ..........  8%  174K 16m9s
 14950K .......... .......... .......... .......... ..........  9%  101K 16m10s
 15000K .......... .......... .......... .......... ..........  9%  373K 16m8s
 15050K .......... .......... .......... .......... ..........  9%  298K 16m6s
 15100K .......... .......... .......... .......... ..........  9%  444K 16m4s
 15150K .......... .......... .......... .......... ..........  9%  237K 16m2s
 15200K .......... .......... .......... .......... ..........  9%  179K 16m2s
 15250K .......... .......... .......... .......... ..........  9%  103K 16m3s
 15300K .......... .......... .......... .......... ..........  9%  514K 16m0s
 15350K .......... .......... .......... .......... ..........  9%  285K 15m59s
 15400K .......... .......... .......... .......... ..........  9%  334K 15m57s
 15450K .......... .......... .......... .......... ..........  9%  195K 15m56s
 15500K .......... .......... .......... .......... ..........  9%  174K 15m55s
 15550K .......... .......... .......... .......... ..........  9% 86.9K 15m57s
 15600K .......... .......... .......... .......... ..........  9%  283K 15m56s
 15650K .......... .......... .......... .......... ..........  9%  171K 15m55s
 15700K .......... .......... .......... .......... ..........  9%  534K 15m53s
 15750K .......... .......... .......... .......... ..........  9%  536K 15m50s
 15800K .......... .......... .......... .......... ..........  9%  363K 15m48s
 15850K .......... .......... .......... .......... ..........  9%  431K 15m46s
 15900K .......... .......... .......... .......... ..........  9%  162K 15m46s
 15950K .......... .......... .......... .......... ..........  9%  320K 15m44s
 16000K .......... .......... .......... .......... ..........  9%  109K 15m45s
 16050K .......... .......... .......... .......... ..........  9%  194K 15m44s
 16100K .......... .......... .......... .......... ..........  9%  356K 15m42s
 16150K .......... .......... .......... .......... ..........  9%  245K 15m41s
 16200K .......... .......... .......... .......... ..........  9%  187K 15m40s
 16250K .......... .......... .......... .......... ..........  9%  223K 15m39s
 16300K .......... .......... .......... .......... ..........  9%  442K 15m37s
 16350K .......... .......... .......... .......... ..........  9%  470K 15m35s
 16400K .......... .......... .......... .......... ..........  9%  107K 15m36s
 16450K .......... .......... .......... .......... ..........  9%  173K 15m35s
 16500K .......... .......... .......... .......... ..........  9%  435K 15m33s
 16550K .......... .......... .......... .......... ..........  9%  258K 15m32s
 16600K .......... .......... .......... .......... .......... 10% 98.5K 15m33s
 16650K .......... .......... .......... .......... .......... 10% 49.7K 15m39s
 16700K .......... .......... .......... .......... .......... 10% 93.9K 15m41s
 16750K .......... .......... .......... .......... .......... 10%  226K 15m40s
 16800K .......... .......... .......... .......... .......... 10% 50.5K 15m45s
 16850K .......... .......... .......... .......... .......... 10% 78.5K 15m48s
 16900K .......... .......... .......... .......... .......... 10%  255K 15m46s
 16950K .......... .......... .......... .......... .......... 10% 71.1K 15m49s
 17000K .......... .......... .......... .......... .......... 10%  263K 15m48s
 17050K .......... .......... .......... .......... .......... 10% 37.7K 15m56s
 17100K .......... .......... .......... .......... .......... 10% 54.0K 16m1s
 17150K .......... .......... .......... .......... .......... 10% 55.1K 16m6s
 17200K .......... .......... .......... .......... .......... 10%  186K 16m5s
 17250K .......... .......... .......... .......... .......... 10%  158K 16m5s
 17300K .......... .......... .......... .......... .......... 10%  265K 16m3s
 17350K .......... .......... .......... .......... .......... 10% 67.6K 16m7s
 17400K .......... .......... .......... .......... .......... 10%  358K 16m5s
 17450K .......... .......... .......... .......... .......... 10%  117K 16m5s
 17500K .......... .......... .......... .......... .......... 10% 58.9K 16m9s
 17550K .......... .......... .......... .......... .......... 10%  124K 16m10s
 17600K .......... .......... .......... .......... .......... 10% 56.8K 16m14s
 17650K .......... .......... .......... .......... .......... 10%  372K 16m12s
 17700K .......... .......... .......... .......... .......... 10%  324K 16m10s
 17750K .......... .......... .......... .......... .......... 10% 80.3K 16m13s
 17800K .......... .......... .......... .......... .......... 10% 95.8K 16m14s
 17850K .......... .......... .......... .......... .......... 10%  151K 16m14s
 17900K .......... .......... .......... .......... .......... 10% 66.0K 16m17s
 17950K .......... .......... .......... .......... .......... 10% 54.1K 16m21s
 18000K .......... .......... .......... .......... .......... 10% 27.4K 16m33s
 18050K .......... .......... .......... .......... .......... 10% 86.5K 16m35s
 18100K .......... .......... .......... .......... .......... 10% 80.5K 16m37s
 18150K .......... .......... .......... .......... .......... 10%  102K 16m38s
 18200K .......... .......... .......... .......... .......... 10%  164K 16m37s
 18250K .......... .......... .......... .......... .......... 11% 38.4K 16m45s
 18300K .......... .......... .......... .......... .......... 11% 62.0K 16m48s
 18350K .......... .......... .......... .......... .......... 11% 69.2K 16m51s
 18400K .......... .......... .......... .......... .......... 11%  155K 16m50s
 18450K .......... .......... .......... .......... .......... 11%  149K 16m50s
 18500K .......... .......... .......... .......... .......... 11% 48.3K 16m55s
 18550K .......... .......... .......... .......... .......... 11% 45.6K 17m1s
 18600K .......... .......... .......... .......... .......... 11%  262K 16m59s
 18650K .......... .......... .......... .......... .......... 11%  101K 17m0s
 18700K .......... .......... .......... .......... .......... 11% 49.4K 17m5s
 18750K .......... .......... .......... .......... .......... 11%  160K 17m4s
 18800K .......... .......... .......... .......... .......... 11%  116K 17m5s
 18850K .......... .......... .......... .......... .......... 11% 47.3K 17m10s
 18900K .......... .......... .......... .......... .......... 11%  173K 17m9s
 18950K .......... .......... .......... .......... .......... 11% 53.1K 17m13s
 19000K .......... .......... .......... .......... .......... 11%  432K 17m11s
 19050K .......... .......... .......... .......... .......... 11% 55.6K 17m15s
 19100K .......... .......... .......... .......... .......... 11% 79.8K 17m17s
 19150K .......... .......... .......... .......... .......... 11% 58.2K 17m20s
 19200K .......... .......... .......... .......... .......... 11%  149K 17m20s
 19250K .......... .......... .......... .......... .......... 11% 80.6K 17m21s
 19300K .......... .......... .......... .......... .......... 11%  212K 17m20s
 19350K .......... .......... .......... .......... .......... 11%  120K 17m20s
 19400K .......... .......... .......... .......... .......... 11% 39.4K 17m27s
 19450K .......... .......... .......... .......... .......... 11%  444K 17m25s
 19500K .......... .......... .......... .......... .......... 11%  453K 17m22s
 19550K .......... .......... .......... .......... .......... 11% 70.8K 17m25s
 19600K .......... .......... .......... .......... .......... 11% 48.1K 17m29s
 19650K .......... .......... .......... .......... .......... 11%  373K 17m27s
 19700K .......... .......... .......... .......... .......... 11% 83.6K 17m29s
 19750K .......... .......... .......... .......... .......... 11%  256K 17m27s
 19800K .......... .......... .......... .......... .......... 11%  427K 17m25s
 19850K .......... .......... .......... .......... .......... 11% 79.8K 17m27s
 19900K .......... .......... .......... .......... .......... 11% 81.8K 17m28s
 19950K .......... .......... .......... .......... .......... 12%  311K 17m26s
 20000K .......... .......... .......... .......... .......... 12%  107K 17m27s
 20050K .......... .......... .......... .......... .......... 12% 47.2K 17m32s
 20100K .......... .......... .......... .......... .......... 12% 44.3K 17m37s
 20150K .......... .......... .......... .......... .......... 12%  220K 17m36s
 20200K .......... .......... .......... .......... .......... 12% 81.0K 17m37s
 20250K .......... .......... .......... .......... .......... 12%  292K 17m35s
 20300K .......... .......... .......... .......... .......... 12% 54.1K 17m39s
 20350K .......... .......... .......... .......... .......... 12% 51.2K 17m43s
 20400K .......... .......... .......... .......... .......... 12%  196K 17m42s
 20450K .......... .......... .......... .......... .......... 12%  222K 17m40s
 20500K .......... .......... .......... .......... .......... 12%  568K 17m38s
 20550K .......... .......... .......... .......... .......... 12%  368K 17m36s
 20600K .......... .......... .......... .......... .......... 12%  319K 17m34s
 20650K .......... .......... .......... .......... .......... 12% 47.2K 17m39s
 20700K .......... .......... .......... .......... .......... 12% 87.9K 17m40s
 20750K .......... .......... .......... .......... .......... 12% 57.4K 17m43s
 20800K .......... .......... .......... .......... .......... 12% 41.3K 17m49s
 20850K .......... .......... .......... .......... .......... 12% 38.5K 17m55s
 20900K .......... .......... .......... .......... .......... 12% 68.6K 17m57s
 20950K .......... .......... .......... .......... .......... 12%  181K 17m56s
 21000K .......... .......... .......... .......... .......... 12%  332K 17m54s
 21050K .......... .......... .......... .......... .......... 12% 65.8K 17m56s
 21100K .......... .......... .......... .......... .......... 12% 69.8K 17m58s
 21150K .......... .......... .......... .......... .......... 12%  107K 17m59s
 21200K .......... .......... .......... .......... .......... 12% 43.0K 18m4s
 21250K .......... .......... .......... .......... .......... 12% 56.9K 18m7s
 21300K .......... .......... .......... .......... .......... 12% 86.0K 18m8s
 21350K .......... .......... .......... .......... .......... 12% 75.9K 18m9s
 21400K .......... .......... .......... .......... .......... 12%  248K 18m8s
 21450K .......... .......... .......... .......... .......... 12% 34.0K 18m15s
 21500K .......... .......... .......... .......... .......... 12% 90.6K 18m16s
 21550K .......... .......... .......... .......... .......... 12%  418K 18m13s
 21600K .......... .......... .......... .......... .......... 13% 95.2K 18m14s
 21650K .......... .......... .......... .......... .......... 13%  312K 18m12s
 21700K .......... .......... .......... .......... .......... 13%  127K 18m12s
 21750K .......... .......... .......... .......... .......... 13%  379K 18m10s
 21800K .......... .......... .......... .......... .......... 13%  367K 18m8s
 21850K .......... .......... .......... .......... .......... 13% 50.1K 18m12s
 21900K .......... .......... .......... .......... .......... 13%  305K 18m10s
 21950K .......... .......... .......... .......... .......... 13%  225K 18m8s
 22000K .......... .......... .......... .......... .......... 13% 77.8K 18m10s
 22050K .......... .......... .......... .......... .......... 13%  533K 18m8s
 22100K .......... .......... .......... .......... .......... 13% 27.6K 18m17s
 22150K .......... .......... .......... .......... .......... 13%  191K 18m15s
 22200K .......... .......... .......... .......... .......... 13%  323K 18m14s
 22250K .......... .......... .......... .......... .......... 13% 78.0K 18m15s
 22300K .......... .......... .......... .......... .......... 13%  420K 18m13s
 22350K .......... .......... .......... .......... .......... 13% 45.4K 18m17s
 22400K .......... .......... .......... .......... .......... 13% 46.2K 18m21s
 22450K .......... .......... .......... .......... .......... 13% 85.2K 18m22s
 22500K .......... .......... .......... .......... .......... 13%  175K 18m21s
 22550K .......... .......... .......... .......... .......... 13%  498K 18m19s
 22600K .......... .......... .......... .......... .......... 13%  116K 18m19s
 22650K .......... .......... .......... .......... .......... 13% 26.4K 18m28s
 22700K .......... .......... .......... .......... .......... 13% 39.9K 18m33s
 22750K .......... .......... .......... .......... .......... 13% 22.5K 18m44s
 22800K .......... .......... .......... .......... .......... 13% 98.5K 18m45s
 22850K .......... .......... .......... .......... .......... 13% 46.5K 18m48s
 22900K .......... .......... .......... .......... .......... 13% 60.5K 18m51s
 22950K .......... .......... .......... .......... .......... 13%  130K 18m50s
 23000K .......... .......... .......... .......... .......... 13% 36.7K 18m56s
 23050K .......... .......... .......... .......... .......... 13%  124K 18m56s
 23100K .......... .......... .......... .......... .......... 13% 49.0K 18m59s
 23150K .......... .......... .......... .......... .......... 13% 41.3K 19m4s
 23200K .......... .......... .......... .......... .......... 13% 24.2K 19m14s
 23250K .......... .......... .......... .......... .......... 14%  140K 19m13s
 23300K .......... .......... .......... .......... .......... 14% 90.4K 19m13s
 23350K .......... .......... .......... .......... .......... 14% 59.4K 19m16s
 23400K .......... .......... .......... .......... .......... 14%  134K 19m15s
 23450K .......... .......... .......... .......... .......... 14% 22.7K 19m26s
 23500K .......... .......... .......... .......... .......... 14% 25.0K 19m35s
 23550K .......... .......... .......... .......... .......... 14%  482K 19m33s
 23600K .......... .......... .......... .......... .......... 14%  294K 19m31s
 23650K .......... .......... .......... .......... .......... 14% 47.0K 19m34s
 23700K .......... .......... .......... .......... .......... 14%  186K 19m33s
 23750K .......... .......... .......... .......... .......... 14%  437K 19m31s
 23800K .......... .......... .......... .......... .......... 14% 30.7K 19m38s
 23850K .......... .......... .......... .......... .......... 14%  336K 19m36s
 23900K .......... .......... .......... .......... .......... 14% 43.9K 19m39s
 23950K .......... .......... .......... .......... .......... 14%  196K 19m38s
 24000K .......... .......... .......... .......... .......... 14%  247K 19m36s
 24050K .......... .......... .......... .......... .......... 14%  295K 19m35s
 24100K .......... .......... .......... .......... .......... 14% 85.5K 19m35s
 24150K .......... .......... .......... .......... .......... 14%  415K 19m33s
 24200K .......... .......... .......... .......... .......... 14% 30.7K 19m40s
 24250K .......... .......... .......... .......... .......... 14%  179K 19m39s
 24300K .......... .......... .......... .......... .......... 14% 41.4K 19m43s
 24350K .......... .......... .......... .......... .......... 14%  180K 19m42s
 24400K .......... .......... .......... .......... .......... 14% 59.6K 19m44s
 24450K .......... .......... .......... .......... .......... 14% 53.7K 19m46s
 24500K .......... .......... .......... .......... .......... 14% 54.5K 19m49s
 24550K .......... .......... .......... .......... .......... 14%  257K 19m47s
 24600K .......... .......... .......... .......... .......... 14%  380K 19m45s
 24650K .......... .......... .......... .......... .......... 14%  693K 19m42s
 24700K .......... .......... .......... .......... .......... 14%  437K 19m40s
 24750K .......... .......... .......... .......... .......... 14%  108K 19m40s
 24800K .......... .......... .......... .......... .......... 14%  168K 19m39s
 24850K .......... .......... .......... .......... .......... 14%  192K 19m38s
 24900K .......... .......... .......... .......... .......... 15%  438K 19m36s
 24950K .......... .......... .......... .......... .......... 15%  431K 19m33s
 25000K .......... .......... .......... .......... .......... 15%  261K 19m32s
 25050K .......... .......... .......... .......... .......... 15%  387K 19m30s
 25100K .......... .......... .......... .......... .......... 15%  333K 19m28s
 25150K .......... .......... .......... .......... .......... 15%  164K 19m27s
 25200K .......... .......... .......... .......... .......... 15%  221K 19m25s
 25250K .......... .......... .......... .......... .......... 15%  323K 19m24s
 25300K .......... .......... .......... .......... .......... 15%  176K 19m22s
 25350K .......... .......... .......... .......... .......... 15% 68.5K 19m24s
 25400K .......... .......... .......... .......... .......... 15%  246K 19m22s
 25450K .......... .......... .......... .......... .......... 15%  351K 19m20s
 25500K .......... .......... .......... .......... .......... 15%  334K 19m18s
 25550K .......... .......... .......... .......... .......... 15%  470K 19m16s
 25600K .......... .......... .......... .......... .......... 15%  153K 19m15s
 25650K .......... .......... .......... .......... .......... 15%  169K 19m14s
 25700K .......... .......... .......... .......... .......... 15%  107K 19m14s
 25750K .......... .......... .......... .......... .......... 15% 78.9K 19m15s
 25800K .......... .......... .......... .......... .......... 15% 77.0K 19m16s
 25850K .......... .......... .......... .......... .......... 15%  597K 19m14s
 25900K .......... .......... .......... .......... .......... 15% 38.2K 19m18s
 25950K .......... .......... .......... .......... .......... 15%  727K 19m16s
 26000K .......... .......... .......... .......... .......... 15%  172K 19m15s
 26050K .......... .......... .......... .......... .......... 15%  123K 19m14s
 26100K .......... .......... .......... .......... .......... 15%  470K 19m12s
 26150K .......... .......... .......... .......... .......... 15%  181K 19m11s
 26200K .......... .......... .......... .......... .......... 15% 55.5K 19m13s
 26250K .......... .......... .......... .......... .......... 15%  127K 19m13s
 26300K .......... .......... .......... .......... .......... 15%  424K 19m11s
 26350K .......... .......... .......... .......... .......... 15% 67.1K 19m12s
 26400K .......... .......... .......... .......... .......... 15%  308K 19m11s
 26450K .......... .......... .......... .......... .......... 15% 94.8K 19m11s
 26500K .......... .......... .......... .......... .......... 15%  496K 19m9s
 26550K .......... .......... .......... .......... .......... 15%  243K 19m7s
 26600K .......... .......... .......... .......... .......... 16%  119K 19m7s
 26650K .......... .......... .......... .......... .......... 16%  133K 19m6s
 26700K .......... .......... .......... .......... .......... 16%  114K 19m6s
 26750K .......... .......... .......... .......... .......... 16%  168K 19m5s
 26800K .......... .......... .......... .......... .......... 16%  145K 19m4s
 26850K .......... .......... .......... .......... .......... 16%  309K 19m3s
 26900K .......... .......... .......... .......... .......... 16%  326K 19m1s
 26950K .......... .......... .......... .......... .......... 16%  273K 18m59s
 27000K .......... .......... .......... .......... .......... 16%  538K 18m57s
 27050K .......... .......... .......... .......... .......... 16% 96.4K 18m57s
 27100K .......... .......... .......... .......... .......... 16%  356K 18m56s
 27150K .......... .......... .......... .......... .......... 16%  166K 18m55s
 27200K .......... .......... .......... .......... .......... 16%  105K 18m55s
 27250K .......... .......... .......... .......... .......... 16%  101K 18m55s
 27300K .......... .......... .......... .......... .......... 16% 97.4K 18m55s
 27350K .......... .......... .......... .......... .......... 16% 67.7K 18m56s
 27400K .......... .......... .......... .......... .......... 16% 68.2K 18m57s
 27450K .......... .......... .......... .......... .......... 16% 88.1K 18m58s
 27500K .......... .......... .......... .......... .......... 16%  370K 18m56s
 27550K .......... .......... .......... .......... .......... 16%  210K 18m55s
 27600K .......... .......... .......... .......... .......... 16% 91.5K 18m55s
 27650K .......... .......... .......... .......... .......... 16%  398K 18m53s
 27700K .......... .......... .......... .......... .......... 16%  541K 18m51s
 27750K .......... .......... .......... .......... .......... 16%  133K 18m50s
 27800K .......... .......... .......... .......... .......... 16% 97.9K 18m51s
 27850K .......... .......... .......... .......... .......... 16%  147K 18m50s
 27900K .......... .......... .......... .......... .......... 16% 93.0K 18m50s
 27950K .......... .......... .......... .......... .......... 16% 84.9K 18m51s
 28000K .......... .......... .......... .......... .......... 16%  661K 18m48s
 28050K .......... .......... .......... .......... .......... 16%  211K 18m47s
 28100K .......... .......... .......... .......... .......... 16%  149K 18m46s
 28150K .......... .......... .......... .......... .......... 16% 40.6K 18m50s
 28200K .......... .......... .......... .......... .......... 16%  202K 18m49s
 28250K .......... .......... .......... .......... .......... 17%  444K 18m47s
 28300K .......... .......... .......... .......... .......... 17%  395K 18m45s
 28350K .......... .......... .......... .......... .......... 17%  292K 18m44s
 28400K .......... .......... .......... .......... .......... 17%  111K 18m43s
 28450K .......... .......... .......... .......... .......... 17% 30.2K 18m49s
 28500K .......... .......... .......... .......... .......... 17% 70.2K 18m50s
 28550K .......... .......... .......... .......... .......... 17%  247K 18m49s
 28600K .......... .......... .......... .......... .......... 17%  272K 18m47s
 28650K .......... .......... .......... .......... .......... 17% 30.2K 18m53s
 28700K .......... .......... .......... .......... .......... 17%  812K 18m51s
 28750K .......... .......... .......... .......... .......... 17%  131K 18m50s
 28800K .......... .......... .......... .......... .......... 17%  236K 18m49s
 28850K .......... .......... .......... .......... .......... 17% 99.0K 18m49s
 28900K .......... .......... .......... .......... .......... 17%  282K 18m47s
 28950K .......... .......... .......... .......... .......... 17% 67.7K 18m48s
 29000K .......... .......... .......... .......... .......... 17%  123K 18m48s
 29050K .......... .......... .......... .......... .......... 17%  420K 18m46s
 29100K .......... .......... .......... .......... .......... 17%  256K 18m45s
 29150K .......... .......... .......... .......... .......... 17%  331K 18m43s
 29200K .......... .......... .......... .......... .......... 17%  143K 18m43s
 29250K .......... .......... .......... .......... .......... 17%  130K 18m42s
 29300K .......... .......... .......... .......... .......... 17% 65.3K 18m43s
 29350K .......... .......... .......... .......... .......... 17%  153K 18m42s
 29400K .......... .......... .......... .......... .......... 17%  347K 18m41s
 29450K .......... .......... .......... .......... .......... 17%  177K 18m40s
 29500K .......... .......... .......... .......... .......... 17%  148K 18m39s
 29550K .......... .......... .......... .......... .......... 17%  104K 18m39s
 29600K .......... .......... .......... .......... .......... 17% 64.5K 18m40s
 29650K .......... .......... .......... .......... .......... 17%  687K 18m38s
 29700K .......... .......... .......... .......... .......... 17%  319K 18m37s
 29750K .......... .......... .......... .......... .......... 17%  114K 18m36s
 29800K .......... .......... .......... .......... .......... 17%  122K 18m36s
 29850K .......... .......... .......... .......... .......... 17%  161K 18m35s
 29900K .......... .......... .......... .......... .......... 18%  632K 18m33s
 29950K .......... .......... .......... .......... .......... 18%  347K 18m32s
 30000K .......... .......... .......... .......... .......... 18%  176K 18m31s
 30050K .......... .......... .......... .......... .......... 18%  565K 18m29s
 30100K .......... .......... .......... .......... .......... 18%  104K 18m29s
 30150K .......... .......... .......... .......... .......... 18%  195K 18m28s
 30200K .......... .......... .......... .......... .......... 18% 98.5K 18m28s
 30250K .......... .......... .......... .......... .......... 18%  390K 18m26s
 30300K .......... .......... .......... .......... .......... 18%  197K 18m25s
 30350K .......... .......... .......... .......... .......... 18%  378K 18m23s
 30400K .......... .......... .......... .......... .......... 18%  190K 18m22s
 30450K .......... .......... .......... .......... .......... 18%  115K 18m22s
 30500K .......... .......... .......... .......... .......... 18%  253K 18m21s
 30550K .......... .......... .......... .......... .......... 18% 76.3K 18m21s
 30600K .......... .......... .......... .......... .......... 18%  120K 18m21s
 30650K .......... .......... .......... .......... .......... 18%  123K 18m21s
 30700K .......... .......... .......... .......... .......... 18%  160K 18m20s
 30750K .......... .......... .......... .......... .......... 18%  217K 18m19s
 30800K .......... .......... .......... .......... .......... 18% 70.7K 18m20s
 30850K .......... .......... .......... .......... .......... 18%  167K 18m19s
 30900K .......... .......... .......... .......... .......... 18%  154K 18m18s
 30950K .......... .......... .......... .......... .......... 18% 66.5K 18m19s
 31000K .......... .......... .......... .......... .......... 18%  131K 18m19s
 31050K .......... .......... .......... .......... .......... 18%  684K 18m17s
 31100K .......... .......... .......... .......... .......... 18%  246K 18m15s
 31150K .......... .......... .......... .......... .......... 18%  124K 18m15s
 31200K .......... .......... .......... .......... .......... 18%  102K 18m15s
 31250K .......... .......... .......... .......... .......... 18%  161K 18m14s
 31300K .......... .......... .......... .......... .......... 18%  274K 18m13s
 31350K .......... .......... .......... .......... .......... 18%  258K 18m11s
 31400K .......... .......... .......... .......... .......... 18%  158K 18m11s
 31450K .......... .......... .......... .......... .......... 18%  132K 18m10s
 31500K .......... .......... .......... .......... .......... 18%  181K 18m9s
 31550K .......... .......... .......... .......... .......... 19%  452K 18m8s
 31600K .......... .......... .......... .......... .......... 19%  132K 18m7s
 31650K .......... .......... .......... .......... .......... 19%  583K 18m5s
 31700K .......... .......... .......... .......... .......... 19%  219K 18m4s
 31750K .......... .......... .......... .......... .......... 19%  486K 18m2s
 31800K .......... .......... .......... .......... .......... 19%  427K 18m1s
 31850K .......... .......... .......... .......... .......... 19%  187K 18m0s
 31900K .......... .......... .......... .......... .......... 19%  902K 17m58s
 31950K .......... .......... .......... .......... .......... 19% 88.1K 17m58s
 32000K .......... .......... .......... .......... .......... 19%  164K 17m58s
 32050K .......... .......... .......... .......... .......... 19%  460K 17m56s
 32100K .......... .......... .......... .......... .......... 19% 75.8K 17m57s
 32150K .......... .......... .......... .......... .......... 19%  473K 17m55s
 32200K .......... .......... .......... .......... .......... 19% 64.6K 17m56s
 32250K .......... .......... .......... .......... .......... 19% 54.6K 17m58s
 32300K .......... .......... .......... .......... .......... 19%  159K 17m57s
 32350K .......... .......... .......... .......... .......... 19%  111K 17m57s
 32400K .......... .......... .......... .......... .......... 19% 73.5K 17m58s
 32450K .......... .......... .......... .......... .......... 19%  396K 17m56s
 32500K .......... .......... .......... .......... .......... 19%  140K 17m55s
 32550K .......... .......... .......... .......... .......... 19%  163K 17m55s
 32600K .......... .......... .......... .......... .......... 19%  441K 17m53s
 32650K .......... .......... .......... .......... .......... 19%  120K 17m53s
 32700K .......... .......... .......... .......... .......... 19%  226K 17m52s
 32750K .......... .......... .......... .......... .......... 19%  212K 17m51s
 32800K .......... .......... .......... .......... .......... 19%  145K 17m50s
 32850K .......... .......... .......... .......... .......... 19% 31.4K 17m54s
 32900K .......... .......... .......... .......... .......... 19% 51.5K 17m56s
 32950K .......... .......... .......... .......... .......... 19%  112K 17m56s
 33000K .......... .......... .......... .......... .......... 19% 82.4K 17m56s
 33050K .......... .......... .......... .......... .......... 19%  179K 17m56s
 33100K .......... .......... .......... .......... .......... 19%  202K 17m54s
 33150K .......... .......... .......... .......... .......... 19% 90.3K 17m55s
 33200K .......... .......... .......... .......... .......... 19%  222K 17m54s
 33250K .......... .......... .......... .......... .......... 20% 75.6K 17m54s
 33300K .......... .......... .......... .......... .......... 20% 1.24M 17m52s
 33350K .......... .......... .......... .......... .......... 20% 49.5K 17m54s
 33400K .......... .......... .......... .......... .......... 20%  143K 17m54s
 33450K .......... .......... .......... .......... .......... 20% 81.1K 17m54s
 33500K .......... .......... .......... .......... .......... 20% 87.9K 17m54s
 33550K .......... .......... .......... .......... .......... 20%  158K 17m54s
 33600K .......... .......... .......... .......... .......... 20% 95.6K 17m54s
 33650K .......... .......... .......... .......... .......... 20%  185K 17m53s
 33700K .......... .......... .......... .......... .......... 20%  137K 17m52s
 33750K .......... .......... .......... .......... .......... 20%  467K 17m51s
 33800K .......... .......... .......... .......... .......... 20%  169K 17m50s
 33850K .......... .......... .......... .......... .......... 20% 59.3K 17m51s
 33900K .......... .......... .......... .......... .......... 20% 53.2K 17m53s
 33950K .......... .......... .......... .......... .......... 20%  217K 17m52s
 34000K .......... .......... .......... .......... .......... 20%  122K 17m51s
 34050K .......... .......... .......... .......... .......... 20% 72.5K 17m52s
 34100K .......... .......... .......... .......... .......... 20%  159K 17m51s
 34150K .......... .......... .......... .......... .......... 20% 62.4K 17m52s
 34200K .......... .......... .......... .......... .......... 20% 64.1K 17m53s
 34250K .......... .......... .......... .......... .......... 20% 58.4K 17m55s
 34300K .......... .......... .......... .......... .......... 20%  160K 17m54s
 34350K .......... .......... .......... .......... .......... 20%  124K 17m54s
 34400K .......... .......... .......... .......... .......... 20%  142K 17m53s
 34450K .......... .......... .......... .......... .......... 20% 24.6K 17m59s
 34500K .......... .......... .......... .......... .......... 20%  101K 17m59s
 34550K .......... .......... .......... .......... .......... 20% 82.8K 17m59s
 34600K .......... .......... .......... .......... .......... 20%  161K 17m58s
 34650K .......... .......... .......... .......... .......... 20%  162K 17m57s
 34700K .......... .......... .......... .......... .......... 20%  101K 17m57s
 34750K .......... .......... .......... .......... .......... 20% 42.6K 18m0s
 34800K .......... .......... .......... .......... .......... 20%  281K 17m59s
 34850K .......... .......... .......... .......... .......... 20%  126K 17m58s
 34900K .......... .......... .......... .......... .......... 21%  102K 17m58s
 34950K .......... .......... .......... .......... .......... 21%  104K 17m58s
 35000K .......... .......... .......... .......... .......... 21% 98.9K 17m58s
 35050K .......... .......... .......... .......... .......... 21%  125K 17m57s
 35100K .......... .......... .......... .......... .......... 21% 32.8K 18m1s
 35150K .......... .......... .......... .......... .......... 21%  188K 18m0s
 35200K .......... .......... .......... .......... .......... 21% 57.7K 18m1s
 35250K .......... .......... .......... .......... .......... 21% 72.6K 18m2s
 35300K .......... .......... .......... .......... .......... 21%  585K 18m0s
 35350K .......... .......... .......... .......... .......... 21%  240K 17m59s
 35400K .......... .......... .......... .......... .......... 21%  110K 17m59s
 35450K .......... .......... .......... .......... .......... 21% 41.5K 18m1s
 35500K .......... .......... .......... .......... .......... 21%  218K 18m0s
 35550K .......... .......... .......... .......... .......... 21%  235K 17m59s
 35600K .......... .......... .......... .......... .......... 21%  101K 17m59s
 35650K .......... .......... .......... .......... .......... 21% 98.9K 17m59s
 35700K .......... .......... .......... .......... .......... 21% 47.0K 18m1s
 35750K .......... .......... .......... .......... .......... 21% 42.5K 18m3s
 35800K .......... .......... .......... .......... .......... 21%  127K 18m3s
 35850K .......... .......... .......... .......... .......... 21%  191K 18m2s
 35900K .......... .......... .......... .......... .......... 21%  187K 18m1s
 35950K .......... .......... .......... .......... .......... 21% 27.8K 18m5s
 36000K .......... .......... .......... .......... .......... 21%  741K 18m4s
 36050K .......... .......... .......... .......... .......... 21%  102K 18m4s
 36100K .......... .......... .......... .......... .......... 21% 45.8K 18m6s
 36150K .......... .......... .......... .......... .......... 21%  606K 18m4s
 36200K .......... .......... .......... .......... .......... 21%  123K 18m4s
 36250K .......... .......... .......... .......... .......... 21%  243K 18m2s
 36300K .......... .......... .......... .......... .......... 21%  136K 18m2s
 36350K .......... .......... .......... .......... .......... 21%  127K 18m1s
 36400K .......... .......... .......... .......... .......... 21% 32.5K 18m5s
 36450K .......... .......... .......... .......... .......... 21% 76.8K 18m5s
 36500K .......... .......... .......... .......... .......... 21%  120K 18m5s
 36550K .......... .......... .......... .......... .......... 22% 61.1K 18m6s
 36600K .......... .......... .......... .......... .......... 22% 44.4K 18m8s
 36650K .......... .......... .......... .......... .......... 22%  138K 18m7s
 36700K .......... .......... .......... .......... .......... 22%  103K 18m7s
 36750K .......... .......... .......... .......... .......... 22% 37.5K 18m10s
 36800K .......... .......... .......... .......... .......... 22%  126K 18m9s
 36850K .......... .......... .......... .......... .......... 22% 76.1K 18m10s
 36900K .......... .......... .......... .......... .......... 22%  372K 18m8s
 36950K .......... .......... .......... .......... .......... 22%  426K 18m7s
 37000K .......... .......... .......... .......... .......... 22%  342K 18m6s
 37050K .......... .......... .......... .......... .......... 22%  477K 18m4s
 37100K .......... .......... .......... .......... .......... 22%  305K 18m3s
 37150K .......... .......... .......... .......... .......... 22%  316K 18m1s
 37200K .......... .......... .......... .......... .......... 22%  141K 18m1s
 37250K .......... .......... .......... .......... .......... 22% 81.9K 18m1s
 37300K .......... .......... .......... .......... .......... 22% 1.00M 17m59s
 37350K .......... .......... .......... .......... .......... 22%  113K 17m59s
 37400K .......... .......... .......... .......... .......... 22%  255K 17m58s
 37450K .......... .......... .......... .......... .......... 22%  174K 17m57s
 37500K .......... .......... .......... .......... .......... 22%  494K 17m55s
 37550K .......... .......... .......... .......... .......... 22%  237K 17m54s
 37600K .......... .......... .......... .......... .......... 22%  257K 17m53s
 37650K .......... .......... .......... .......... .......... 22%  187K 17m52s
 37700K .......... .......... .......... .......... .......... 22%  112K 17m52s
 37750K .......... .......... .......... .......... .......... 22%  262K 17m51s
 37800K .......... .......... .......... .......... .......... 22%  194K 17m50s
 37850K .......... .......... .......... .......... .......... 22%  162K 17m49s
 37900K .......... .......... .......... .......... .......... 22%  387K 17m48s
 37950K .......... .......... .......... .......... .......... 22%  173K 17m47s
 38000K .......... .......... .......... .......... .......... 22%  229K 17m46s
 38050K .......... .......... .......... .......... .......... 22%  104K 17m45s
 38100K .......... .......... .......... .......... .......... 22%  276K 17m44s
 38150K .......... .......... .......... .......... .......... 22%  148K 17m44s
 38200K .......... .......... .......... .......... .......... 23%  405K 17m42s
 38250K .......... .......... .......... .......... .......... 23%  144K 17m42s
 38300K .......... .......... .......... .......... .......... 23%  351K 17m40s
 38350K .......... .......... .......... .......... .......... 23%  249K 17m39s
 38400K .......... .......... .......... .......... .......... 23%  278K 17m38s
 38450K .......... .......... .......... .......... .......... 23% 66.8K 17m39s
 38500K .......... .......... .......... .......... .......... 23%  367K 17m37s
 38550K .......... .......... .......... .......... .......... 23%  374K 17m36s
 38600K .......... .......... .......... .......... .......... 23%  174K 17m35s
 38650K .......... .......... .......... .......... .......... 23%  235K 17m34s
 38700K .......... .......... .......... .......... .......... 23%  269K 17m33s
 38750K .......... .......... .......... .......... .......... 23%  115K 17m33s
 38800K .......... .......... .......... .......... .......... 23%  520K 17m31s
 38850K .......... .......... .......... .......... .......... 23%  176K 17m30s
 38900K .......... .......... .......... .......... .......... 23%  143K 17m30s
 38950K .......... .......... .......... .......... .......... 23%  331K 17m28s
 39000K .......... .......... .......... .......... .......... 23%  588K 17m27s
 39050K .......... .......... .......... .......... .......... 23%  237K 17m26s
 39100K .......... .......... .......... .......... .......... 23%  576K 17m24s
 39150K .......... .......... .......... .......... .......... 23%  382K 17m23s
 39200K .......... .......... .......... .......... .......... 23%  385K 17m22s
 39250K .......... .......... .......... .......... .......... 23%  159K 17m21s
 39300K .......... .......... .......... .......... .......... 23%  383K 17m20s
 39350K .......... .......... .......... .......... .......... 23%  185K 17m19s
 39400K .......... .......... .......... .......... .......... 23% 90.8K 17m19s
 39450K .......... .......... .......... .......... .......... 23%  146K 17m18s
 39500K .......... .......... .......... .......... .......... 23% 76.2K 17m19s
 39550K .......... .......... .......... .......... .......... 23%  176K 17m18s
 39600K .......... .......... .......... .......... .......... 23%  218K 17m17s
 39650K .......... .......... .......... .......... .......... 23%  315K 17m16s
 39700K .......... .......... .......... .......... .......... 23%  112K 17m15s
 39750K .......... .......... .......... .......... .......... 23%  254K 17m14s
 39800K .......... .......... .......... .......... .......... 23% 91.7K 17m14s
 39850K .......... .......... .......... .......... .......... 23%  364K 17m13s
 39900K .......... .......... .......... .......... .......... 24%  338K 17m12s
 39950K .......... .......... .......... .......... .......... 24%  202K 17m11s
 40000K .......... .......... .......... .......... .......... 24%  481K 17m10s
 40050K .......... .......... .......... .......... .......... 24%  262K 17m8s
 40100K .......... .......... .......... .......... .......... 24%  405K 17m7s
 40150K .......... .......... .......... .......... .......... 24%  117K 17m7s
 40200K .......... .......... .......... .......... .......... 24%  196K 17m6s
 40250K .......... .......... .......... .......... .......... 24%  410K 17m5s
 40300K .......... .......... .......... .......... .......... 24%  482K 17m3s
 40350K .......... .......... .......... .......... .......... 24%  493K 17m2s
 40400K .......... .......... .......... .......... .......... 24% 99.0K 17m2s
 40450K .......... .......... .......... .......... .......... 24%  216K 17m1s
 40500K .......... .......... .......... .......... .......... 24%  285K 17m0s
 40550K .......... .......... .......... .......... .......... 24% 76.5K 17m0s
 40600K .......... .......... .......... .......... .......... 24%  307K 16m59s
 40650K .......... .......... .......... .......... .......... 24%  210K 16m58s
 40700K .......... .......... .......... .......... .......... 24%  163K 16m57s
 40750K .......... .......... .......... .......... .......... 24%  187K 16m56s
 40800K .......... .......... .......... .......... .......... 24%  422K 16m55s
 40850K .......... .......... .......... .......... .......... 24%  385K 16m54s
 40900K .......... .......... .......... .......... .......... 24% 76.8K 16m54s
 40950K .......... .......... .......... .......... .......... 24%  532K 16m53s
 41000K .......... .......... .......... .......... .......... 24%  295K 16m52s
 41050K .......... .......... .......... .......... .......... 24%  194K 16m51s
 41100K .......... .......... .......... .......... .......... 24%  164K 16m50s
 41150K .......... .......... .......... .......... .......... 24%  159K 16m50s
 41200K .......... .......... .......... .......... .......... 24% 51.8K 16m51s
 41250K .......... .......... .......... .......... .......... 24%  152K 16m50s
 41300K .......... .......... .......... .......... .......... 24%  586K 16m49s
 41350K .......... .......... .......... .......... .......... 24%  149K 16m48s
 41400K .......... .......... .......... .......... .......... 24%  380K 16m47s
 41450K .......... .......... .......... .......... .......... 24% 61.1K 16m48s
 41500K .......... .......... .......... .......... .......... 24%  378K 16m47s
 41550K .......... .......... .......... .......... .......... 25% 95.6K 16m47s
 41600K .......... .......... .......... .......... .......... 25%  165K 16m46s
 41650K .......... .......... .......... .......... .......... 25%  132K 16m45s
 41700K .......... .......... .......... .......... .......... 25%  130K 16m45s
 41750K .......... .......... .......... .......... .......... 25%  269K 16m44s
 41800K .......... .......... .......... .......... .......... 25% 84.6K 16m44s
 41850K .......... .......... .......... .......... .......... 25% 87.6K 16m44s
 41900K .......... .......... .......... .......... .......... 25%  125K 16m44s
 41950K .......... .......... .......... .......... .......... 25%  105K 16m44s
 42000K .......... .......... .......... .......... .......... 25%  159K 16m43s
 42050K .......... .......... .......... .......... .......... 25% 52.0K 16m44s
 42100K .......... .......... .......... .......... .......... 25%  198K 16m43s
 42150K .......... .......... .......... .......... .......... 25%  200K 16m42s
 42200K .......... .......... .......... .......... .......... 25%  462K 16m41s
 42250K .......... .......... .......... .......... .......... 25%  237K 16m40s
 42300K .......... .......... .......... .......... .......... 25%  150K 16m40s
 42350K .......... .......... .......... .......... .......... 25%  209K 16m39s
 42400K .......... .......... .......... .......... .......... 25%  459K 16m37s
 42450K .......... .......... .......... .......... .......... 25% 98.4K 16m37s
 42500K .......... .......... .......... .......... .......... 25%  145K 16m37s
 42550K .......... .......... .......... .......... .......... 25%  183K 16m36s
 42600K .......... .......... .......... .......... .......... 25% 51.9K 16m37s
 42650K .......... .......... .......... .......... .......... 25%  594K 16m36s
 42700K .......... .......... .......... .......... .......... 25%  120K 16m36s
 42750K .......... .......... .......... .......... .......... 25%  125K 16m35s
 42800K .......... .......... .......... .......... .......... 25%  119K 16m35s
 42850K .......... .......... .......... .......... .......... 25%  140K 16m34s
 42900K .......... .......... .......... .......... .......... 25%  128K 16m34s
 42950K .......... .......... .......... .......... .......... 25%  295K 16m33s
 43000K .......... .......... .......... .......... .......... 25%  265K 16m32s
 43050K .......... .......... .......... .......... .......... 25% 83.2K 16m32s
 43100K .......... .......... .......... .......... .......... 25% 64.4K 16m33s
 43150K .......... .......... .......... .......... .......... 25%  126K 16m32s
 43200K .......... .......... .......... .......... .......... 26% 83.8K 16m32s
 43250K .......... .......... .......... .......... .......... 26% 66.4K 16m33s
 43300K .......... .......... .......... .......... .......... 26%  632K 16m32s
 43350K .......... .......... .......... .......... .......... 26% 40.7K 16m33s
 43400K .......... .......... .......... .......... .......... 26%  539K 16m32s
 43450K .......... .......... .......... .......... .......... 26%  259K 16m31s
 43500K .......... .......... .......... .......... .......... 26% 76.1K 16m31s
 43550K .......... .......... .......... .......... .......... 26% 79.4K 16m32s
 43600K .......... .......... .......... .......... .......... 26% 86.2K 16m32s
 43650K .......... .......... .......... .......... .......... 26%  107K 16m32s
 43700K .......... .......... .......... .......... .......... 26% 65.7K 16m32s
 43750K .......... .......... .......... .......... .......... 26% 64.8K 16m33s
 43800K .......... .......... .......... .......... .......... 26%  171K 16m32s
 43850K .......... .......... .......... .......... .......... 26% 80.4K 16m32s
 43900K .......... .......... .......... .......... .......... 26% 71.9K 16m33s
 43950K .......... .......... .......... .......... .......... 26%  275K 16m32s
 44000K .......... .......... .......... .......... .......... 26% 71.8K 16m32s
 44050K .......... .......... .......... .......... .......... 26%  730K 16m31s
 44100K .......... .......... .......... .......... .......... 26%  100K 16m31s
 44150K .......... .......... .......... .......... .......... 26% 70.0K 16m31s
 44200K .......... .......... .......... .......... .......... 26% 90.0K 16m31s
 44250K .......... .......... .......... .......... .......... 26%  165K 16m30s
 44300K .......... .......... .......... .......... .......... 26%  104K 16m30s
 44350K .......... .......... .......... .......... .......... 26%  139K 16m30s
 44400K .......... .......... .......... .......... .......... 26%  345K 16m28s
 44450K .......... .......... .......... .......... .......... 26% 46.2K 16m30s
 44500K .......... .......... .......... .......... .......... 26%  318K 16m29s
 44550K .......... .......... .......... .......... .......... 26% 99.4K 16m29s
 44600K .......... .......... .......... .......... .......... 26%  111K 16m28s
 44650K .......... .......... .......... .......... .......... 26%  182K 16m28s
 44700K .......... .......... .......... .......... .......... 26% 83.6K 16m28s
 44750K .......... .......... .......... .......... .......... 26%  144K 16m27s
 44800K .......... .......... .......... .......... .......... 26% 76.2K 16m27s
 44850K .......... .......... .......... .......... .......... 27%  181K 16m27s
 44900K .......... .......... .......... .......... .......... 27%  151K 16m26s
 44950K .......... .......... .......... .......... .......... 27% 82.1K 16m26s
 45000K .......... .......... .......... .......... .......... 27% 95.7K 16m26s
 45050K .......... .......... .......... .......... .......... 27%  160K 16m25s
 45100K .......... .......... .......... .......... .......... 27%  352K 16m24s
 45150K .......... .......... .......... .......... .......... 27%  518K 16m23s
 45200K .......... .......... .......... .......... .......... 27% 78.3K 16m23s
 45250K .......... .......... .......... .......... .......... 27%  235K 16m22s
 45300K .......... .......... .......... .......... .......... 27%  293K 16m21s
 45350K .......... .......... .......... .......... .......... 27%  129K 16m21s
 45400K .......... .......... .......... .......... .......... 27%  712K 16m20s
 45450K .......... .......... .......... .......... .......... 27%  379K 16m18s
 45500K .......... .......... .......... .......... .......... 27%  118K 16m18s
 45550K .......... .......... .......... .......... .......... 27%  491K 16m17s
 45600K .......... .......... .......... .......... .......... 27%  234K 16m16s
 45650K .......... .......... .......... .......... .......... 27%  465K 16m15s
 45700K .......... .......... .......... .......... .......... 27% 52.5K 16m16s
 45750K .......... .......... .......... .......... .......... 27%  469K 16m15s
 45800K .......... .......... .......... .......... .......... 27%  233K 16m14s
 45850K .......... .......... .......... .......... .......... 27%  120K 16m13s
 45900K .......... .......... .......... .......... .......... 27%  312K 16m12s
 45950K .......... .......... .......... .......... .......... 27%  114K 16m12s
 46000K .......... .......... .......... .......... .......... 27%  180K 16m11s
 46050K .......... .......... .......... .......... .......... 27%  411K 16m10s
 46100K .......... .......... .......... .......... .......... 27% 59.6K 16m11s
 46150K .......... .......... .......... .......... .......... 27% 58.7K 16m12s
 46200K .......... .......... .......... .......... .......... 27%  245K 16m11s
 46250K .......... .......... .......... .......... .......... 27%  288K 16m10s
 46300K .......... .......... .......... .......... .......... 27%  116K 16m9s
 46350K .......... .......... .......... .......... .......... 27%  591K 16m8s
 46400K .......... .......... .......... .......... .......... 27%  370K 16m7s
 46450K .......... .......... .......... .......... .......... 27%  346K 16m6s
 46500K .......... .......... .......... .......... .......... 27%  119K 16m6s
 46550K .......... .......... .......... .......... .......... 28%  134K 16m5s
 46600K .......... .......... .......... .......... .......... 28%  224K 16m4s
 46650K .......... .......... .......... .......... .......... 28%  123K 16m4s
 46700K .......... .......... .......... .......... .......... 28% 56.2K 16m5s
 46750K .......... .......... .......... .......... .......... 28%  156K 16m4s
 46800K .......... .......... .......... .......... .......... 28%  291K 16m3s
 46850K .......... .......... .......... .......... .......... 28% 39.1K 16m5s
 46900K .......... .......... .......... .......... .......... 28%  170K 16m4s
 46950K .......... .......... .......... .......... .......... 28%  101K 16m4s
 47000K .......... .......... .......... .......... .......... 28%  106K 16m4s
 47050K .......... .......... .......... .......... .......... 28%  385K 16m3s
 47100K .......... .......... .......... .......... .......... 28%  385K 16m2s
 47150K .......... .......... .......... .......... .......... 28%  280K 16m1s
 47200K .......... .......... .......... .......... .......... 28%  163K 16m0s
 47250K .......... .......... .......... .......... .......... 28%  595K 15m59s
 47300K .......... .......... .......... .......... .......... 28%  265K 15m58s
 47350K .......... .......... .......... .......... .......... 28%  369K 15m57s
 47400K .......... .......... .......... .......... .......... 28% 72.7K 15m57s
 47450K .......... .......... .......... .......... .......... 28%  165K 15m56s
 47500K .......... .......... .......... .......... .......... 28%  267K 15m56s
 47550K .......... .......... .......... .......... .......... 28%  597K 15m54s
 47600K .......... .......... .......... .......... .......... 28%  263K 15m53s
 47650K .......... .......... .......... .......... .......... 28%  515K 15m52s
 47700K .......... .......... .......... .......... .......... 28%  108K 15m52s
 47750K .......... .......... .......... .......... .......... 28% 81.7K 15m52s
 47800K .......... .......... .......... .......... .......... 28%  460K 15m51s
 47850K .......... .......... .......... .......... .......... 28%  112K 15m51s
 47900K .......... .......... .......... .......... .......... 28%  252K 15m50s
 47950K .......... .......... .......... .......... .......... 28%  278K 15m49s
 48000K .......... .......... .......... .......... .......... 28%  252K 15m48s
 48050K .......... .......... .......... .......... .......... 28%  208K 15m47s
 48100K .......... .......... .......... .......... .......... 28%  150K 15m47s
 48150K .......... .......... .......... .......... .......... 28%  262K 15m46s
 48200K .......... .......... .......... .......... .......... 29%  279K 15m45s
 48250K .......... .......... .......... .......... .......... 29%  249K 15m44s
 48300K .......... .......... .......... .......... .......... 29% 85.6K 15m44s
 48350K .......... .......... .......... .......... .......... 29%  128K 15m43s
 48400K .......... .......... .......... .......... .......... 29%  103K 15m43s
 48450K .......... .......... .......... .......... .......... 29% 71.6K 15m44s
 48500K .......... .......... .......... .......... .......... 29%  732K 15m42s
 48550K .......... .......... .......... .......... .......... 29%  127K 15m42s
 48600K .......... .......... .......... .......... .......... 29% 77.4K 15m42s
 48650K .......... .......... .......... .......... .......... 29% 1.07M 15m41s
 48700K .......... .......... .......... .......... .......... 29%  117K 15m41s
 48750K .......... .......... .......... .......... .......... 29% 70.7K 15m41s
 48800K .......... .......... .......... .......... .......... 29%  182K 15m40s
 48850K .......... .......... .......... .......... .......... 29%  403K 15m39s
 48900K .......... .......... .......... .......... .......... 29%  105K 15m39s
 48950K .......... .......... .......... .......... .......... 29%  443K 15m38s
 49000K .......... .......... .......... .......... .......... 29%  163K 15m37s
 49050K .......... .......... .......... .......... .......... 29%  563K 15m36s
 49100K .......... .......... .......... .......... .......... 29%  112K 15m36s
 49150K .......... .......... .......... .......... .......... 29%  201K 15m35s
 49200K .......... .......... .......... .......... .......... 29%  469K 15m34s
 49250K .......... .......... .......... .......... .......... 29%  369K 15m33s
 49300K .......... .......... .......... .......... .......... 29%  276K 15m32s
 49350K .......... .......... .......... .......... .......... 29%  593K 15m31s
 49400K .......... .......... .......... .......... .......... 29%  520K 15m30s
 49450K .......... .......... .......... .......... .......... 29%  524K 15m29s
 49500K .......... .......... .......... .......... .......... 29%  319K 15m28s
 49550K .......... .......... .......... .......... .......... 29%  148K 15m27s
 49600K .......... .......... .......... .......... .......... 29%  115K 15m27s
 49650K .......... .......... .......... .......... .......... 29%  486K 15m26s
 49700K .......... .......... .......... .......... .......... 29%  251K 15m25s
 49750K .......... .......... .......... .......... .......... 29%  726K 15m24s
 49800K .......... .......... .......... .......... .......... 29%  495K 15m23s
 49850K .......... .......... .......... .......... .......... 30%  287K 15m22s
 49900K .......... .......... .......... .......... .......... 30%  303K 15m21s
 49950K .......... .......... .......... .......... .......... 30%  220K 15m20s
 50000K .......... .......... .......... .......... .......... 30%  377K 15m19s
 50050K .......... .......... .......... .......... .......... 30%  163K 15m18s
 50100K .......... .......... .......... .......... .......... 30%  184K 15m18s
 50150K .......... .......... .......... .......... .......... 30%  167K 15m17s
 50200K .......... .......... .......... .......... .......... 30%  270K 15m16s
 50250K .......... .......... .......... .......... .......... 30%  330K 15m15s
 50300K .......... .......... .......... .......... .......... 30%  524K 15m14s
 50350K .......... .......... .......... .......... .......... 30%  468K 15m13s
 50400K .......... .......... .......... .......... .......... 30%  363K 15m12s
 50450K .......... .......... .......... .......... .......... 30%  321K 15m11s
 50500K .......... .......... .......... .......... .......... 30%  405K 15m10s
 50550K .......... .......... .......... .......... .......... 30%  220K 15m9s
 50600K .......... .......... .......... .......... .......... 30% 70.5K 15m10s
 50650K .......... .......... .......... .......... .......... 30%  617K 15m9s
 50700K .......... .......... .......... .......... .......... 30%  164K 15m8s
 50750K .......... .......... .......... .......... .......... 30%  146K 15m8s
 50800K .......... .......... .......... .......... .......... 30%  743K 15m6s
 50850K .......... .......... .......... .......... .......... 30%  161K 15m6s
 50900K .......... .......... .......... .......... .......... 30%  188K 15m5s
 50950K .......... .......... .......... .......... .......... 30%  338K 15m4s
 51000K .......... .......... .......... .......... .......... 30%  174K 15m4s
 51050K .......... .......... .......... .......... .......... 30%  430K 15m3s
 51100K .......... .......... .......... .......... .......... 30%  481K 15m1s
 51150K .......... .......... .......... .......... .......... 30%  324K 15m1s
 51200K .......... .......... .......... .......... .......... 30%  570K 14m59s
 51250K .......... .......... .......... .......... .......... 30%  400K 14m58s
 51300K .......... .......... .......... .......... .......... 30%  237K 14m58s
 51350K .......... .......... .......... .......... .......... 30%  147K 14m57s
 51400K .......... .......... .......... .......... .......... 30%  664K 14m56s
 51450K .......... .......... .......... .......... .......... 30%  159K 14m56s
 51500K .......... .......... .......... .......... .......... 31%  142K 14m55s
 51550K .......... .......... .......... .......... .......... 31%  194K 14m54s
 51600K .......... .......... .......... .......... .......... 31%  113K 14m54s
 51650K .......... .......... .......... .......... .......... 31%  137K 14m54s
 51700K .......... .......... .......... .......... .......... 31%  254K 14m53s
 51750K .......... .......... .......... .......... .......... 31%  291K 14m52s
 51800K .......... .......... .......... .......... .......... 31%  275K 14m51s
 51850K .......... .......... .......... .......... .......... 31%  218K 14m50s
 51900K .......... .......... .......... .......... .......... 31%  236K 14m50s
 51950K .......... .......... .......... .......... .......... 31%  172K 14m49s
 52000K .......... .......... .......... .......... .......... 31%  294K 14m48s
 52050K .......... .......... .......... .......... .......... 31%  353K 14m47s
 52100K .......... .......... .......... .......... .......... 31%  116K 14m47s
 52150K .......... .......... .......... .......... .......... 31% 58.8K 14m48s
 52200K .......... .......... .......... .......... .......... 31%  157K 14m47s
 52250K .......... .......... .......... .......... .......... 31%  980K 14m46s
 52300K .......... .......... .......... .......... .......... 31%  318K 14m45s
 52350K .......... .......... .......... .......... .......... 31%  468K 14m44s
 52400K .......... .......... .......... .......... .......... 31%  149K 14m43s
 52450K .......... .......... .......... .......... .......... 31%  120K 14m43s
 52500K .......... .......... .......... .......... .......... 31%  349K 14m42s
 52550K .......... .......... .......... .......... .......... 31%  624K 14m41s
 52600K .......... .......... .......... .......... .......... 31%  144K 14m41s
 52650K .......... .......... .......... .......... .......... 31%  370K 14m40s
 52700K .......... .......... .......... .......... .......... 31%  451K 14m39s
 52750K .......... .......... .......... .......... .......... 31%  338K 14m38s
 52800K .......... .......... .......... .......... .......... 31%  174K 14m37s
 52850K .......... .......... .......... .......... .......... 31%  152K 14m37s
 52900K .......... .......... .......... .......... .......... 31%  306K 14m36s
 52950K .......... .......... .......... .......... .......... 31%  275K 14m35s
 53000K .......... .......... .......... .......... .......... 31%  171K 14m34s
 53050K .......... .......... .......... .......... .......... 31%  895K 14m33s
 53100K .......... .......... .......... .......... .......... 31%  219K 14m33s
 53150K .......... .......... .......... .......... .......... 31%  245K 14m32s
 53200K .......... .......... .......... .......... .......... 32%  121K 14m32s
 53250K .......... .......... .......... .......... .......... 32%  316K 14m31s
 53300K .......... .......... .......... .......... .......... 32%  350K 14m30s
 53350K .......... .......... .......... .......... .......... 32%  284K 14m29s
 53400K .......... .......... .......... .......... .......... 32%  527K 14m28s
 53450K .......... .......... .......... .......... .......... 32% 99.2K 14m28s
 53500K .......... .......... .......... .......... .......... 32%  251K 14m27s
 53550K .......... .......... .......... .......... .......... 32%  147K 14m27s
 53600K .......... .......... .......... .......... .......... 32%  293K 14m26s
 53650K .......... .......... .......... .......... .......... 32%  165K 14m25s
 53700K .......... .......... .......... .......... .......... 32%  300K 14m24s
 53750K .......... .......... .......... .......... .......... 32%  126K 14m24s
 53800K .......... .......... .......... .......... .......... 32%  420K 14m23s
 53850K .......... .......... .......... .......... .......... 32%  488K 14m22s
 53900K .......... .......... .......... .......... .......... 32% 84.0K 14m22s
 53950K .......... .......... .......... .......... .......... 32%  151K 14m22s
 54000K .......... .......... .......... .......... .......... 32%  127K 14m21s
 54050K .......... .......... .......... .......... .......... 32%  125K 14m21s
 54100K .......... .......... .......... .......... .......... 32%  188K 14m20s
 54150K .......... .......... .......... .......... .......... 32%  231K 14m20s
 54200K .......... .......... .......... .......... .......... 32%  230K 14m19s
 54250K .......... .......... .......... .......... .......... 32% 82.2K 14m19s
 54300K .......... .......... .......... .......... .......... 32%  771K 14m18s
 54350K .......... .......... .......... .......... .......... 32%  153K 14m17s
 54400K .......... .......... .......... .......... .......... 32%  447K 14m16s
 54450K .......... .......... .......... .......... .......... 32%  210K 14m16s
 54500K .......... .......... .......... .......... .......... 32%  165K 14m15s
 54550K .......... .......... .......... .......... .......... 32%  281K 14m14s
 54600K .......... .......... .......... .......... .......... 32%  145K 14m14s
 54650K .......... .......... .......... .......... .......... 32%  199K 14m13s
 54700K .......... .......... .......... .......... .......... 32%  381K 14m12s
 54750K .......... .......... .......... .......... .......... 32%  180K 14m12s
 54800K .......... .......... .......... .......... .......... 32%  537K 14m11s
 54850K .......... .......... .......... .......... .......... 33% 80.8K 14m11s
 54900K .......... .......... .......... .......... .......... 33%  178K 14m10s
 54950K .......... .......... .......... .......... .......... 33%  194K 14m10s
 55000K .......... .......... .......... .......... .......... 33%  122K 14m9s
 55050K .......... .......... .......... .......... .......... 33%  352K 14m9s
 55100K .......... .......... .......... .......... .......... 33%  157K 14m8s
 55150K .......... .......... .......... .......... .......... 33%  108K 14m8s
 55200K .......... .......... .......... .......... .......... 33% 75.0K 14m8s
 55250K .......... .......... .......... .......... .......... 33%  291K 14m7s
 55300K .......... .......... .......... .......... .......... 33%  303K 14m6s
 55350K .......... .......... .......... .......... .......... 33%  235K 14m6s
 55400K .......... .......... .......... .......... .......... 33% 79.8K 14m6s
 55450K .......... .......... .......... .......... .......... 33%  332K 14m5s
 55500K .......... .......... .......... .......... .......... 33%  222K 14m4s
 55550K .......... .......... .......... .......... .......... 33%  346K 14m3s
 55600K .......... .......... .......... .......... .......... 33%  179K 14m3s
 55650K .......... .......... .......... .......... .......... 33%  181K 14m2s
 55700K .......... .......... .......... .......... .......... 33%  384K 14m1s
 55750K .......... .......... .......... .......... .......... 33%  281K 14m1s
 55800K .......... .......... .......... .......... .......... 33%  236K 14m0s
 55850K .......... .......... .......... .......... .......... 33%  114K 14m0s
 55900K .......... .......... .......... .......... .......... 33%  155K 13m59s
 55950K .......... .......... .......... .......... .......... 33%  323K 13m58s
 56000K .......... .......... .......... .......... .......... 33% 88.6K 13m58s
 56050K .......... .......... .......... .......... .......... 33% 63.0K 13m59s
 56100K .......... .......... .......... .......... .......... 33%  260K 13m58s
 56150K .......... .......... .......... .......... .......... 33%  625K 13m57s
 56200K .......... .......... .......... .......... .......... 33%  207K 13m56s
 56250K .......... .......... .......... .......... .......... 33%  577K 13m55s
 56300K .......... .......... .......... .......... .......... 33%  165K 13m55s
 56350K .......... .......... .......... .......... .......... 33%  155K 13m54s
 56400K .......... .......... .......... .......... .......... 33%  279K 13m54s
 56450K .......... .......... .......... .......... .......... 33%  352K 13m53s
 56500K .......... .......... .......... .......... .......... 34%  301K 13m52s
 56550K .......... .......... .......... .......... .......... 34%  283K 13m51s
 56600K .......... .......... .......... .......... .......... 34%  307K 13m50s
 56650K .......... .......... .......... .......... .......... 34%  320K 13m50s
 56700K .......... .......... .......... .......... .......... 34%  318K 13m49s
 56750K .......... .......... .......... .......... .......... 34% 89.0K 13m49s
 56800K .......... .......... .......... .......... .......... 34%  346K 13m48s
 56850K .......... .......... .......... .......... .......... 34%  172K 13m47s
 56900K .......... .......... .......... .......... .......... 34%  374K 13m47s
 56950K .......... .......... .......... .......... .......... 34%  209K 13m46s
 57000K .......... .......... .......... .......... .......... 34%  275K 13m45s
 57050K .......... .......... .......... .......... .......... 34%  248K 13m44s
 57100K .......... .......... .......... .......... .......... 34%  165K 13m44s
 57150K .......... .......... .......... .......... .......... 34%  302K 13m43s
 57200K .......... .......... .......... .......... .......... 34%  209K 13m42s
 57250K .......... .......... .......... .......... .......... 34%  191K 13m42s
 57300K .......... .......... .......... .......... .......... 34%  392K 13m41s
 57350K .......... .......... .......... .......... .......... 34%  113K 13m41s
 57400K .......... .......... .......... .......... .......... 34%  268K 13m40s
 57450K .......... .......... .......... .......... .......... 34%  110K 13m40s
 57500K .......... .......... .......... .......... .......... 34%  583K 13m39s
 57550K .......... .......... .......... .......... .......... 34% 53.9K 13m40s
 57600K .......... .......... .......... .......... .......... 34% 73.8K 13m40s
 57650K .......... .......... .......... .......... .......... 34%  102K 13m40s
 57700K .......... .......... .......... .......... .......... 34%  438K 13m39s
 57750K .......... .......... .......... .......... .......... 34%  486K 13m38s
 57800K .......... .......... .......... .......... .......... 34%  113K 13m38s
 57850K .......... .......... .......... .......... .......... 34%  125K 13m37s
 57900K .......... .......... .......... .......... .......... 34% 71.4K 13m37s
 57950K .......... .......... .......... .......... .......... 34% 46.9K 13m38s
 58000K .......... .......... .......... .......... .......... 34%  355K 13m38s
 58050K .......... .......... .......... .......... .......... 34%  502K 13m37s
 58100K .......... .......... .......... .......... .......... 34%  272K 13m36s
 58150K .......... .......... .......... .......... .......... 35% 37.6K 13m37s
 58200K .......... .......... .......... .......... .......... 35%  112K 13m37s
 58250K .......... .......... .......... .......... .......... 35% 51.9K 13m38s
 58300K .......... .......... .......... .......... .......... 35%  126K 13m37s
 58350K .......... .......... .......... .......... .......... 35%  127K 13m37s
 58400K .......... .......... .......... .......... .......... 35%  190K 13m36s
 58450K .......... .......... .......... .......... .......... 35%  201K 13m36s
 58500K .......... .......... .......... .......... .......... 35% 88.4K 13m36s
 58550K .......... .......... .......... .......... .......... 35%  213K 13m35s
 58600K .......... .......... .......... .......... .......... 35% 89.2K 13m35s
 58650K .......... .......... .......... .......... .......... 35% 81.5K 13m35s
 58700K .......... .......... .......... .......... .......... 35%  129K 13m35s
 58750K .......... .......... .......... .......... .......... 35%  679K 13m34s
 58800K .......... .......... .......... .......... .......... 35% 91.5K 13m34s
 58850K .......... .......... .......... .......... .......... 35%  133K 13m33s
 58900K .......... .......... .......... .......... .......... 35%  168K 13m33s
 58950K .......... .......... .......... .......... .......... 35% 64.9K 13m33s
 59000K .......... .......... .......... .......... .......... 35%  220K 13m33s
 59050K .......... .......... .......... .......... .......... 35%  136K 13m32s
 59100K .......... .......... .......... .......... .......... 35%  145K 13m32s
 59150K .......... .......... .......... .......... .......... 35% 68.0K 13m32s
 59200K .......... .......... .......... .......... .......... 35%  252K 13m31s
 59250K .......... .......... .......... .......... .......... 35%  113K 13m31s
 59300K .......... .......... .......... .......... .......... 35% 77.8K 13m31s
 59350K .......... .......... .......... .......... .......... 35% 95.4K 13m31s
 59400K .......... .......... .......... .......... .......... 35% 1.02M 13m30s
 59450K .......... .......... .......... .......... .......... 35%  107K 13m30s
 59500K .......... .......... .......... .......... .......... 35%  255K 13m29s
 59550K .......... .......... .......... .......... .......... 35% 56.7K 13m30s
 59600K .......... .......... .......... .......... .......... 35% 69.0K 13m30s
 59650K .......... .......... .......... .......... .......... 35%  222K 13m29s
 59700K .......... .......... .......... .......... .......... 35%  141K 13m29s
 59750K .......... .......... .......... .......... .......... 35%  121K 13m28s
 59800K .......... .......... .......... .......... .......... 35% 83.1K 13m28s
 59850K .......... .......... .......... .......... .......... 36%  177K 13m28s
 59900K .......... .......... .......... .......... .......... 36%  474K 13m27s
 59950K .......... .......... .......... .......... .......... 36%  128K 13m27s
 60000K .......... .......... .......... .......... .......... 36%  145K 13m26s
 60050K .......... .......... .......... .......... .......... 36% 93.3K 13m26s
 60100K .......... .......... .......... .......... .......... 36%  111K 13m26s
 60150K .......... .......... .......... .......... .......... 36%  169K 13m25s
 60200K .......... .......... .......... .......... .......... 36% 93.8K 13m25s
 60250K .......... .......... .......... .......... .......... 36% 99.5K 13m25s
 60300K .......... .......... .......... .......... .......... 36% 99.0K 13m25s
 60350K .......... .......... .......... .......... .......... 36% 54.3K 13m25s
 60400K .......... .......... .......... .......... .......... 36%  122K 13m25s
 60450K .......... .......... .......... .......... .......... 36%  330K 13m24s
 60500K .......... .......... .......... .......... .......... 36%  140K 13m24s
 60550K .......... .......... .......... .......... .......... 36%  124K 13m24s
 60600K .......... .......... .......... .......... .......... 36% 52.1K 13m24s
 60650K .......... .......... .......... .......... .......... 36%  191K 13m24s
 60700K .......... .......... .......... .......... .......... 36% 90.4K 13m24s
 60750K .......... .......... .......... .......... .......... 36%  294K 13m23s
 60800K .......... .......... .......... .......... .......... 36% 47.9K 13m24s
 60850K .......... .......... .......... .......... .......... 36%  241K 13m23s
 60900K .......... .......... .......... .......... .......... 36%  146K 13m22s
 60950K .......... .......... .......... .......... .......... 36% 36.1K 13m24s
 61000K .......... .......... .......... .......... .......... 36% 54.1K 13m24s
 61050K .......... .......... .......... .......... .......... 36% 53.0K 13m25s
 61100K .......... .......... .......... .......... .......... 36% 73.5K 13m25s
 61150K .......... .......... .......... .......... .......... 36% 45.5K 13m26s
 61200K .......... .......... .......... .......... .......... 36%  100K 13m26s
 61250K .......... .......... .......... .......... .......... 36% 90.6K 13m26s
 61300K .......... .......... .......... .......... .......... 36%  360K 13m25s
 61350K .......... .......... .......... .......... .......... 36%  145K 13m24s
 61400K .......... .......... .......... .......... .......... 36%  538K 13m23s
 61450K .......... .......... .......... .......... .......... 36%  465K 13m23s
 61500K .......... .......... .......... .......... .......... 37%  625K 13m22s
 61550K .......... .......... .......... .......... .......... 37%  355K 13m21s
 61600K .......... .......... .......... .......... .......... 37%  306K 13m20s
 61650K .......... .......... .......... .......... .......... 37%  221K 13m20s
 61700K .......... .......... .......... .......... .......... 37%  252K 13m19s
 61750K .......... .......... .......... .......... .......... 37%  710K 13m18s
 61800K .......... .......... .......... .......... .......... 37%  213K 13m17s
 61850K .......... .......... .......... .......... .......... 37%  215K 13m17s
 61900K .......... .......... .......... .......... .......... 37%  540K 13m16s
 61950K .......... .......... .......... .......... .......... 37%  345K 13m15s
 62000K .......... .......... .......... .......... .......... 37%  350K 13m14s
 62050K .......... .......... .......... .......... .......... 37%  806K 13m13s
 62100K .......... .......... .......... .......... .......... 37%  236K 13m13s
 62150K .......... .......... .......... .......... .......... 37%  496K 13m12s
 62200K .......... .......... .......... .......... .......... 37%  405K 13m11s
 62250K .......... .......... .......... .......... .......... 37%  426K 13m10s
 62300K .......... .......... .......... .......... .......... 37%  276K 13m9s
 62350K .......... .......... .......... .......... .......... 37%  284K 13m9s
 62400K .......... .......... .......... .......... .......... 37%  615K 13m8s
 62450K .......... .......... .......... .......... .......... 37%  358K 13m7s
 62500K .......... .......... .......... .......... .......... 37%  364K 13m6s
 62550K .......... .......... .......... .......... .......... 37%  479K 13m5s
 62600K .......... .......... .......... .......... .......... 37%  296K 13m5s
 62650K .......... .......... .......... .......... .......... 37%  342K 13m4s
 62700K .......... .......... .......... .......... .......... 37%  169K 13m3s
 62750K .......... .......... .......... .......... .......... 37%  679K 13m3s
 62800K .......... .......... .......... .......... .......... 37%  348K 13m2s
 62850K .......... .......... .......... .......... .......... 37%  177K 13m1s
 62900K .......... .......... .......... .......... .......... 37%  171K 13m1s
 62950K .......... .......... .......... .......... .......... 37%  538K 13m0s
 63000K .......... .......... .......... .......... .......... 37%  445K 12m59s
 63050K .......... .......... .......... .......... .......... 37%  437K 12m58s
 63100K .......... .......... .......... .......... .......... 37%  704K 12m57s
 63150K .......... .......... .......... .......... .......... 38%  407K 12m57s
 63200K .......... .......... .......... .......... .......... 38%  373K 12m56s
 63250K .......... .......... .......... .......... .......... 38%  162K 12m55s
 63300K .......... .......... .......... .......... .......... 38%  327K 12m55s
 63350K .......... .......... .......... .......... .......... 38%  372K 12m54s
 63400K .......... .......... .......... .......... .......... 38%  274K 12m53s
 63450K .......... .......... .......... .......... .......... 38%  376K 12m52s
 63500K .......... .......... .......... .......... .......... 38%  155K 12m52s
 63550K .......... .......... .......... .......... .......... 38%  353K 12m51s
 63600K .......... .......... .......... .......... .......... 38%  243K 12m51s
 63650K .......... .......... .......... .......... .......... 38%  593K 12m50s
 63700K .......... .......... .......... .......... .......... 38%  185K 12m49s
 63750K .......... .......... .......... .......... .......... 38%  465K 12m48s
 63800K .......... .......... .......... .......... .......... 38%  647K 12m48s
 63850K .......... .......... .......... .......... .......... 38%  397K 12m47s
 63900K .......... .......... .......... .......... .......... 38%  507K 12m46s
 63950K .......... .......... .......... .......... .......... 38%  331K 12m45s
 64000K .......... .......... .......... .......... .......... 38%  318K 12m44s
 64050K .......... .......... .......... .......... .......... 38%  308K 12m44s
 64100K .......... .......... .......... .......... .......... 38%  182K 12m43s
 64150K .......... .......... .......... .......... .......... 38%  506K 12m42s
 64200K .......... .......... .......... .......... .......... 38%  427K 12m42s
 64250K .......... .......... .......... .......... .......... 38%  323K 12m41s
 64300K .......... .......... .......... .......... .......... 38%  270K 12m40s
 64350K .......... .......... .......... .......... .......... 38%  272K 12m40s
 64400K .......... .......... .......... .......... .......... 38%  488K 12m39s
 64450K .......... .......... .......... .......... .......... 38%  396K 12m38s
 64500K .......... .......... .......... .......... .......... 38%  159K 12m38s
 64550K .......... .......... .......... .......... .......... 38%  313K 12m37s
 64600K .......... .......... .......... .......... .......... 38%  359K 12m36s
 64650K .......... .......... .......... .......... .......... 38% 1014K 12m35s
 64700K .......... .......... .......... .......... .......... 38%  313K 12m35s
 64750K .......... .......... .......... .......... .......... 38%  721K 12m34s
 64800K .......... .......... .......... .......... .......... 39%  425K 12m33s
 64850K .......... .......... .......... .......... .......... 39%  267K 12m32s
 64900K .......... .......... .......... .......... .......... 39%  494K 12m31s
 64950K .......... .......... .......... .......... .......... 39%  458K 12m31s
 65000K .......... .......... .......... .......... .......... 39%  307K 12m30s
 65050K .......... .......... .......... .......... .......... 39%  288K 12m29s
 65100K .......... .......... .......... .......... .......... 39%  317K 12m29s
 65150K .......... .......... .......... .......... .......... 39%  308K 12m28s
 65200K .......... .......... .......... .......... .......... 39%  309K 12m27s
 65250K .......... .......... .......... .......... .......... 39%  527K 12m26s
 65300K .......... .......... .......... .......... .......... 39%  311K 12m26s
 65350K .......... .......... .......... .......... .......... 39%  468K 12m25s
 65400K .......... .......... .......... .......... .......... 39%  336K 12m24s
 65450K .......... .......... .......... .......... .......... 39%  372K 12m24s
 65500K .......... .......... .......... .......... .......... 39%  325K 12m23s
 65550K .......... .......... .......... .......... .......... 39%  483K 12m22s
 65600K .......... .......... .......... .......... .......... 39%  355K 12m21s
 65650K .......... .......... .......... .......... .......... 39%  281K 12m21s
 65700K .......... .......... .......... .......... .......... 39%  584K 12m20s
 65750K .......... .......... .......... .......... .......... 39%  348K 12m19s
 65800K .......... .......... .......... .......... .......... 39%  317K 12m18s
 65850K .......... .......... .......... .......... .......... 39%  726K 12m18s
 65900K .......... .......... .......... .......... .......... 39%  360K 12m17s
 65950K .......... .......... .......... .......... .......... 39%  641K 12m16s
 66000K .......... .......... .......... .......... .......... 39%  577K 12m15s
 66050K .......... .......... .......... .......... .......... 39%  404K 12m15s
 66100K .......... .......... .......... .......... .......... 39%  447K 12m14s
 66150K .......... .......... .......... .......... .......... 39%  574K 12m13s
 66200K .......... .......... .......... .......... .......... 39%  280K 12m12s
 66250K .......... .......... .......... .......... .......... 39%  333K 12m12s
 66300K .......... .......... .......... .......... .......... 39%  476K 12m11s
 66350K .......... .......... .......... .......... .......... 39%  200K 12m10s
 66400K .......... .......... .......... .......... .......... 39%  604K 12m10s
 66450K .......... .......... .......... .......... .......... 39%  229K 12m9s
 66500K .......... .......... .......... .......... .......... 40%  701K 12m8s
 66550K .......... .......... .......... .......... .......... 40%  446K 12m7s
 66600K .......... .......... .......... .......... .......... 40%  204K 12m7s
 66650K .......... .......... .......... .......... .......... 40%  198K 12m6s
 66700K .......... .......... .......... .......... .......... 40%  218K 12m6s
 66750K .......... .......... .......... .......... .......... 40%  409K 12m5s
 66800K .......... .......... .......... .......... .......... 40%  308K 12m4s
 66850K .......... .......... .......... .......... .......... 40%  252K 12m4s
 66900K .......... .......... .......... .......... .......... 40%  337K 12m3s
 66950K .......... .......... .......... .......... .......... 40%  302K 12m3s
 67000K .......... .......... .......... .......... .......... 40%  350K 12m2s
 67050K .......... .......... .......... .......... .......... 40%  406K 12m1s
 67100K .......... .......... .......... .......... .......... 40%  619K 12m0s
 67150K .......... .......... .......... .......... .......... 40%  517K 12m0s
 67200K .......... .......... .......... .......... .......... 40%  507K 11m59s
 67250K .......... .......... .......... .......... .......... 40%  204K 11m58s
 67300K .......... .......... .......... .......... .......... 40%  345K 11m58s
 67350K .......... .......... .......... .......... .......... 40%  160K 11m57s
 67400K .......... .......... .......... .......... .......... 40%  414K 11m56s
 67450K .......... .......... .......... .......... .......... 40%  407K 11m56s
 67500K .......... .......... .......... .......... .......... 40%  293K 11m55s
 67550K .......... .......... .......... .......... .......... 40%  331K 11m54s
 67600K .......... .......... .......... .......... .......... 40%  249K 11m54s
 67650K .......... .......... .......... .......... .......... 40%  673K 11m53s
 67700K .......... .......... .......... .......... .......... 40%  297K 11m52s
 67750K .......... .......... .......... .......... .......... 40%  376K 11m52s
 67800K .......... .......... .......... .......... .......... 40%  288K 11m51s
 67850K .......... .......... .......... .......... .......... 40%  265K 11m50s
 67900K .......... .......... .......... .......... .......... 40%  544K 11m50s
 67950K .......... .......... .......... .......... .......... 40%  371K 11m49s
 68000K .......... .......... .......... .......... .......... 40%  566K 11m48s
 68050K .......... .......... .......... .......... .......... 40%  307K 11m48s
 68100K .......... .......... .......... .......... .......... 40%  148K 11m47s
 68150K .......... .......... .......... .......... .......... 41%  271K 11m47s
 68200K .......... .......... .......... .......... .......... 41%  341K 11m46s
 68250K .......... .......... .......... .......... .......... 41%  412K 11m45s
 68300K .......... .......... .......... .......... .......... 41%  390K 11m45s
 68350K .......... .......... .......... .......... .......... 41%  494K 11m44s
 68400K .......... .......... .......... .......... .......... 41%  251K 11m43s
 68450K .......... .......... .......... .......... .......... 41%  413K 11m43s
 68500K .......... .......... .......... .......... .......... 41%  423K 11m42s
 68550K .......... .......... .......... .......... .......... 41%  346K 11m41s
 68600K .......... .......... .......... .......... .......... 41%  199K 11m41s
 68650K .......... .......... .......... .......... .......... 41%  350K 11m40s
 68700K .......... .......... .......... .......... .......... 41%  203K 11m39s
 68750K .......... .......... .......... .......... .......... 41%  463K 11m39s
 68800K .......... .......... .......... .......... .......... 41%  538K 11m38s
 68850K .......... .......... .......... .......... .......... 41%  302K 11m37s
 68900K .......... .......... .......... .......... .......... 41%  429K 11m37s
 68950K .......... .......... .......... .......... .......... 41%  361K 11m36s
 69000K .......... .......... .......... .......... .......... 41%  471K 11m35s
 69050K .......... .......... .......... .......... .......... 41%  383K 11m35s
 69100K .......... .......... .......... .......... .......... 41%  217K 11m34s
 69150K .......... .......... .......... .......... .......... 41%  302K 11m33s
 69200K .......... .......... .......... .......... .......... 41%  401K 11m33s
 69250K .......... .......... .......... .......... .......... 41%  382K 11m32s
 69300K .......... .......... .......... .......... .......... 41%  378K 11m31s
 69350K .......... .......... .......... .......... .......... 41%  345K 11m31s
 69400K .......... .......... .......... .......... .......... 41%  134K 11m30s
 69450K .......... .......... .......... .......... .......... 41%  353K 11m30s
 69500K .......... .......... .......... .......... .......... 41%  498K 11m29s
 69550K .......... .......... .......... .......... .......... 41%  285K 11m28s
 69600K .......... .......... .......... .......... .......... 41%  493K 11m28s
 69650K .......... .......... .......... .......... .......... 41%  537K 11m27s
 69700K .......... .......... .......... .......... .......... 41%  267K 11m26s
 69750K .......... .......... .......... .......... .......... 41%  367K 11m26s
 69800K .......... .......... .......... .......... .......... 42%  120K 11m26s
 69850K .......... .......... .......... .......... .......... 42%  490K 11m25s
 69900K .......... .......... .......... .......... .......... 42%  193K 11m24s
 69950K .......... .......... .......... .......... .......... 42%  145K 11m24s
 70000K .......... .......... .......... .......... .......... 42%  253K 11m23s
 70050K .......... .......... .......... .......... .......... 42%  114K 11m23s
 70100K .......... .......... .......... .......... .......... 42%  363K 11m22s
 70150K .......... .......... .......... .......... .......... 42%  122K 11m22s
 70200K .......... .......... .......... .......... .......... 42%  332K 11m22s
 70250K .......... .......... .......... .......... .......... 42%  131K 11m21s
 70300K .......... .......... .......... .......... .......... 42%  174K 11m21s
 70350K .......... .......... .......... .......... .......... 42% 97.6K 11m21s
 70400K .......... .......... .......... .......... .......... 42%  234K 11m20s
 70450K .......... .......... .......... .......... .......... 42%  252K 11m20s
 70500K .......... .......... .......... .......... .......... 42%  169K 11m19s
 70550K .......... .......... .......... .......... .......... 42%  124K 11m19s
 70600K .......... .......... .......... .......... .......... 42%  113K 11m19s
 70650K .......... .......... .......... .......... .......... 42%  455K 11m18s
 70700K .......... .......... .......... .......... .......... 42%  167K 11m17s
 70750K .......... .......... .......... .......... .......... 42%  431K 11m17s
 70800K .......... .......... .......... .......... .......... 42%  107K 11m17s
 70850K .......... .......... .......... .......... .......... 42%  317K 11m16s
 70900K .......... .......... .......... .......... .......... 42%  212K 11m15s
 70950K .......... .......... .......... .......... .......... 42%  336K 11m15s
 71000K .......... .......... .......... .......... .......... 42%  322K 11m14s
 71050K .......... .......... .......... .......... .......... 42%  104K 11m14s
 71100K .......... .......... .......... .......... .......... 42%  166K 11m14s
 71150K .......... .......... .......... .......... .......... 42%  212K 11m13s
 71200K .......... .......... .......... .......... .......... 42%  136K 11m13s
 71250K .......... .......... .......... .......... .......... 42%  295K 11m12s
 71300K .......... .......... .......... .......... .......... 42%  149K 11m12s
 71350K .......... .......... .......... .......... .......... 42%  108K 11m12s
 71400K .......... .......... .......... .......... .......... 42%  299K 11m11s
 71450K .......... .......... .......... .......... .......... 43%  201K 11m10s
 71500K .......... .......... .......... .......... .......... 43% 76.0K 11m11s
 71550K .......... .......... .......... .......... .......... 43%  224K 11m10s
 71600K .......... .......... .......... .......... .......... 43%  114K 11m10s
 71650K .......... .......... .......... .......... .......... 43%  224K 11m9s
 71700K .......... .......... .......... .......... .......... 43%  171K 11m9s
 71750K .......... .......... .......... .......... .......... 43%  198K 11m8s
 71800K .......... .......... .......... .......... .......... 43%  594K 11m8s
 71850K .......... .......... .......... .......... .......... 43%  122K 11m7s
 71900K .......... .......... .......... .......... .......... 43%  147K 11m7s
 71950K .......... .......... .......... .......... .......... 43%  129K 11m7s
 72000K .......... .......... .......... .......... .......... 43%  139K 11m6s
 72050K .......... .......... .......... .......... .......... 43%  342K 11m6s
 72100K .......... .......... .......... .......... .......... 43%  137K 11m5s
 72150K .......... .......... .......... .......... .......... 43% 92.4K 11m5s
 72200K .......... .......... .......... .......... .......... 43%  285K 11m5s
 72250K .......... .......... .......... .......... .......... 43%  150K 11m4s
 72300K .......... .......... .......... .......... .......... 43%  172K 11m4s
 72350K .......... .......... .......... .......... .......... 43%  126K 11m4s
 72400K .......... .......... .......... .......... .......... 43%  168K 11m3s
 72450K .......... .......... .......... .......... .......... 43% 99.8K 11m3s
 72500K .......... .......... .......... .......... .......... 43%  189K 11m2s
 72550K .......... .......... .......... .......... .......... 43%  249K 11m2s
 72600K .......... .......... .......... .......... .......... 43%  116K 11m2s
 72650K .......... .......... .......... .......... .......... 43%  118K 11m1s
 72700K .......... .......... .......... .......... .......... 43%  617K 11m1s
 72750K .......... .......... .......... .......... .......... 43%  112K 11m0s
 72800K .......... .......... .......... .......... .......... 43%  450K 11m0s
 72850K .......... .......... .......... .......... .......... 43%  132K 10m59s
 72900K .......... .......... .......... .......... .......... 43%  183K 10m59s
 72950K .......... .......... .......... .......... .......... 43%  487K 10m58s
 73000K .......... .......... .......... .......... .......... 43%  216K 10m58s
 73050K .......... .......... .......... .......... .......... 43%  172K 10m57s
 73100K .......... .......... .......... .......... .......... 43%  408K 10m57s
 73150K .......... .......... .......... .......... .......... 44%  242K 10m56s
 73200K .......... .......... .......... .......... .......... 44%  165K 10m56s
 73250K .......... .......... .......... .......... .......... 44%  104K 10m56s
 73300K .......... .......... .......... .......... .......... 44%  126K 10m55s
 73350K .......... .......... .......... .......... .......... 44% 77.7K 10m55s
 73400K .......... .......... .......... .......... .......... 44%  333K 10m55s
 73450K .......... .......... .......... .......... .......... 44%  160K 10m54s
 73500K .......... .......... .......... .......... .......... 44%  197K 10m54s
 73550K .......... .......... .......... .......... .......... 44%  230K 10m53s
 73600K .......... .......... .......... .......... .......... 44%  144K 10m53s
 73650K .......... .......... .......... .......... .......... 44%  156K 10m53s
 73700K .......... .......... .......... .......... .......... 44%  167K 10m52s
 73750K .......... .......... .......... .......... .......... 44%  656K 10m51s
 73800K .......... .......... .......... .......... .......... 44%  840K 10m51s
 73850K .......... .......... .......... .......... .......... 44%  717K 10m50s
 73900K .......... .......... .......... .......... .......... 44%  480K 10m49s
 73950K .......... .......... .......... .......... .......... 44%  317K 10m49s
 74000K .......... .......... .......... .......... .......... 44%  299K 10m48s
 74050K .......... .......... .......... .......... .......... 44%  302K 10m48s
 74100K .......... .......... .......... .......... .......... 44%  312K 10m47s
 74150K .......... .......... .......... .......... .......... 44%  160K 10m47s
 74200K .......... .......... .......... .......... .......... 44%  227K 10m46s
 74250K .......... .......... .......... .......... .......... 44%  220K 10m46s
 74300K .......... .......... .......... .......... .......... 44%  552K 10m45s
 74350K .......... .......... .......... .......... .......... 44%  321K 10m44s
 74400K .......... .......... .......... .......... .......... 44%  238K 10m44s
 74450K .......... .......... .......... .......... .......... 44% 93.2K 10m44s
 74500K .......... .......... .......... .......... .......... 44%  200K 10m43s
 74550K .......... .......... .......... .......... .......... 44%  516K 10m43s
 74600K .......... .......... .......... .......... .......... 44%  384K 10m42s
 74650K .......... .......... .......... .......... .......... 44%  154K 10m42s
 74700K .......... .......... .......... .......... .......... 44%  155K 10m41s
 74750K .......... .......... .......... .......... .......... 44%  518K 10m41s
 74800K .......... .......... .......... .......... .......... 45%  138K 10m40s
 74850K .......... .......... .......... .......... .......... 45%  598K 10m40s
 74900K .......... .......... .......... .......... .......... 45%  246K 10m39s
 74950K .......... .......... .......... .......... .......... 45%  346K 10m38s
 75000K .......... .......... .......... .......... .......... 45%  429K 10m38s
 75050K .......... .......... .......... .......... .......... 45%  457K 10m37s
 75100K .......... .......... .......... .......... .......... 45%  379K 10m36s
 75150K .......... .......... .......... .......... .......... 45%  253K 10m36s
 75200K .......... .......... .......... .......... .......... 45%  190K 10m36s
 75250K .......... .......... .......... .......... .......... 45%  500K 10m35s
 75300K .......... .......... .......... .......... .......... 45%  217K 10m34s
 75350K .......... .......... .......... .......... .......... 45%  480K 10m34s
 75400K .......... .......... .......... .......... .......... 45%  410K 10m33s
 75450K .......... .......... .......... .......... .......... 45%  178K 10m33s
 75500K .......... .......... .......... .......... .......... 45%  411K 10m32s
 75550K .......... .......... .......... .......... .......... 45%  278K 10m32s
 75600K .......... .......... .......... .......... .......... 45%  107K 10m31s
 75650K .......... .......... .......... .......... .......... 45%  242K 10m31s
 75700K .......... .......... .......... .......... .......... 45%  186K 10m30s
 75750K .......... .......... .......... .......... .......... 45%  133K 10m30s
 75800K .......... .......... .......... .......... .......... 45%  366K 10m29s
 75850K .......... .......... .......... .......... .......... 45%  272K 10m29s
 75900K .......... .......... .......... .......... .......... 45%  612K 10m28s
 75950K .......... .......... .......... .......... .......... 45%  367K 10m28s
 76000K .......... .......... .......... .......... .......... 45%  672K 10m27s
 76050K .......... .......... .......... .......... .......... 45%  182K 10m27s
 76100K .......... .......... .......... .......... .......... 45%  238K 10m26s
 76150K .......... .......... .......... .......... .......... 45%  413K 10m25s
 76200K .......... .......... .......... .......... .......... 45%  298K 10m25s
 76250K .......... .......... .......... .......... .......... 45%  552K 10m24s
 76300K .......... .......... .......... .......... .......... 45%  300K 10m24s
 76350K .......... .......... .......... .......... .......... 45%  200K 10m23s
 76400K .......... .......... .......... .......... .......... 45%  267K 10m23s
 76450K .......... .......... .......... .......... .......... 46%  405K 10m22s
 76500K .......... .......... .......... .......... .......... 46%  359K 10m21s
 76550K .......... .......... .......... .......... .......... 46%  249K 10m21s
 76600K .......... .......... .......... .......... .......... 46%  154K 10m21s
 76650K .......... .......... .......... .......... .......... 46%  163K 10m20s
 76700K .......... .......... .......... .......... .......... 46%  568K 10m19s
 76750K .......... .......... .......... .......... .......... 46%  314K 10m19s
 76800K .......... .......... .......... .......... .......... 46%  203K 10m18s
 76850K .......... .......... .......... .......... .......... 46%  257K 10m18s
 76900K .......... .......... .......... .......... .......... 46%  659K 10m17s
 76950K .......... .......... .......... .......... .......... 46%  605K 10m17s
 77000K .......... .......... .......... .......... .......... 46%  147K 10m16s
 77050K .......... .......... .......... .......... .......... 46%  663K 10m16s
 77100K .......... .......... .......... .......... .......... 46%  224K 10m15s
 77150K .......... .......... .......... .......... .......... 46%  311K 10m15s
 77200K .......... .......... .......... .......... .......... 46%  580K 10m14s
 77250K .......... .......... .......... .......... .......... 46%  325K 10m13s
 77300K .......... .......... .......... .......... .......... 46%  201K 10m13s
 77350K .......... .......... .......... .......... .......... 46%  202K 10m12s
 77400K .......... .......... .......... .......... .......... 46%  339K 10m12s
 77450K .......... .......... .......... .......... .......... 46%  179K 10m11s
 77500K .......... .......... .......... .......... .......... 46%  452K 10m11s
 77550K .......... .......... .......... .......... .......... 46%  333K 10m10s
 77600K .......... .......... .......... .......... .......... 46%  211K 10m10s
 77650K .......... .......... .......... .......... .......... 46%  327K 10m9s
 77700K .......... .......... .......... .......... .......... 46%  324K 10m9s
 77750K .......... .......... .......... .......... .......... 46%  437K 10m8s
 77800K .......... .......... .......... .......... .......... 46%  718K 10m7s
 77850K .......... .......... .......... .......... .......... 46%  405K 10m7s
 77900K .......... .......... .......... .......... .......... 46%  279K 10m6s
 77950K .......... .......... .......... .......... .......... 46%  343K 10m6s
 78000K .......... .......... .......... .......... .......... 46%  568K 10m5s
 78050K .......... .......... .......... .......... .......... 46%  229K 10m5s
 78100K .......... .......... .......... .......... .......... 47%  448K 10m4s
 78150K .......... .......... .......... .......... .......... 47%  461K 10m3s
 78200K .......... .......... .......... .......... .......... 47%  413K 10m3s
 78250K .......... .......... .......... .......... .......... 47%  441K 10m2s
 78300K .......... .......... .......... .......... .......... 47%  756K 10m2s
 78350K .......... .......... .......... .......... .......... 47%  333K 10m1s
 78400K .......... .......... .......... .......... .......... 47%  348K 10m0s
 78450K .......... .......... .......... .......... .......... 47%  386K 10m0s
 78500K .......... .......... .......... .......... .......... 47%  490K 9m59s
 78550K .......... .......... .......... .......... .......... 47%  241K 9m59s
 78600K .......... .......... .......... .......... .......... 47%  342K 9m58s
 78650K .......... .......... .......... .......... .......... 47%  255K 9m58s
 78700K .......... .......... .......... .......... .......... 47%  265K 9m57s
 78750K .......... .......... .......... .......... .......... 47%  263K 9m57s
 78800K .......... .......... .......... .......... .......... 47%  298K 9m56s
 78850K .......... .......... .......... .......... .......... 47%  325K 9m56s
 78900K .......... .......... .......... .......... .......... 47%  239K 9m55s
 78950K .......... .......... .......... .......... .......... 47%  303K 9m55s
 79000K .......... .......... .......... .......... .......... 47%  220K 9m54s
 79050K .......... .......... .......... .......... .......... 47%  408K 9m54s
 79100K .......... .......... .......... .......... .......... 47%  312K 9m53s
 79150K .......... .......... .......... .......... .......... 47%  396K 9m52s
 79200K .......... .......... .......... .......... .......... 47%  254K 9m52s
 79250K .......... .......... .......... .......... .......... 47%  150K 9m52s
 79300K .......... .......... .......... .......... .......... 47%  397K 9m51s
 79350K .......... .......... .......... .......... .......... 47%  179K 9m51s
 79400K .......... .......... .......... .......... .......... 47%  410K 9m50s
 79450K .......... .......... .......... .......... .......... 47%  184K 9m50s
 79500K .......... .......... .......... .......... .......... 47%  301K 9m49s
 79550K .......... .......... .......... .......... .......... 47%  521K 9m48s
 79600K .......... .......... .......... .......... .......... 47%  405K 9m48s
 79650K .......... .......... .......... .......... .......... 47%  156K 9m48s
 79700K .......... .......... .......... .......... .......... 47%  458K 9m47s
 79750K .......... .......... .......... .......... .......... 47%  323K 9m46s
 79800K .......... .......... .......... .......... .......... 48%  317K 9m46s
 79850K .......... .......... .......... .......... .......... 48%  366K 9m45s
 79900K .......... .......... .......... .......... .......... 48%  353K 9m45s
 79950K .......... .......... .......... .......... .......... 48%  447K 9m44s
 80000K .......... .......... .......... .......... .......... 48%  702K 9m44s
 80050K .......... .......... .......... .......... .......... 48%  328K 9m43s
 80100K .......... .......... .......... .......... .......... 48%  317K 9m43s
 80150K .......... .......... .......... .......... .......... 48%  263K 9m42s
 80200K .......... .......... .......... .......... .......... 48%  218K 9m42s
 80250K .......... .......... .......... .......... .......... 48%  452K 9m41s
 80300K .......... .......... .......... .......... .......... 48%  463K 9m40s
 80350K .......... .......... .......... .......... .......... 48%  495K 9m40s
 80400K .......... .......... .......... .......... .......... 48%  148K 9m39s
 80450K .......... .......... .......... .......... .......... 48%  278K 9m39s
 80500K .......... .......... .......... .......... .......... 48%  236K 9m38s
 80550K .......... .......... .......... .......... .......... 48%  267K 9m38s
 80600K .......... .......... .......... .......... .......... 48%  239K 9m38s
 80650K .......... .......... .......... .......... .......... 48%  308K 9m37s
 80700K .......... .......... .......... .......... .......... 48%  217K 9m37s
 80750K .......... .......... .......... .......... .......... 48%  328K 9m36s
 80800K .......... .......... .......... .......... .......... 48%  222K 9m36s
 80850K .......... .......... .......... .......... .......... 48%  271K 9m35s
 80900K .......... .......... .......... .......... .......... 48%  195K 9m35s
 80950K .......... .......... .......... .......... .......... 48%  339K 9m34s
 81000K .......... .......... .......... .......... .......... 48%  203K 9m34s
 81050K .......... .......... .......... .......... .......... 48%  329K 9m33s
 81100K .......... .......... .......... .......... .......... 48%  274K 9m33s
 81150K .......... .......... .......... .......... .......... 48%  338K 9m32s
 81200K .......... .......... .......... .......... .......... 48%  257K 9m32s
 81250K .......... .......... .......... .......... .......... 48%  336K 9m31s
 81300K .......... .......... .......... .......... .......... 48%  388K 9m31s
 81350K .......... .......... .......... .......... .......... 48%  298K 9m30s
 81400K .......... .......... .......... .......... .......... 48%  182K 9m30s
 81450K .......... .......... .......... .......... .......... 49%  427K 9m29s
 81500K .......... .......... .......... .......... .......... 49%  282K 9m29s
 81550K .......... .......... .......... .......... .......... 49%  368K 9m28s
 81600K .......... .......... .......... .......... .......... 49%  204K 9m28s
 81650K .......... .......... .......... .......... .......... 49%  633K 9m27s
 81700K .......... .......... .......... .......... .......... 49%  192K 9m27s
 81750K .......... .......... .......... .......... .......... 49%  451K 9m26s
 81800K .......... .......... .......... .......... .......... 49%  339K 9m25s
 81850K .......... .......... .......... .......... .......... 49%  235K 9m25s
 81900K .......... .......... .......... .......... .......... 49%  271K 9m25s
 81950K .......... .......... .......... .......... .......... 49%  423K 9m24s
 82000K .......... .......... .......... .......... .......... 49%  626K 9m23s
 82050K .......... .......... .......... .......... .......... 49%  112K 9m23s
 82100K .......... .......... .......... .......... .......... 49%  359K 9m23s
 82150K .......... .......... .......... .......... .......... 49%  329K 9m22s
 82200K .......... .......... .......... .......... .......... 49%  172K 9m22s
 82250K .......... .......... .......... .......... .......... 49%  700K 9m21s
 82300K .......... .......... .......... .......... .......... 49%  150K 9m21s
 82350K .......... .......... .......... .......... .......... 49%  277K 9m20s
 82400K .......... .......... .......... .......... .......... 49%  430K 9m20s
 82450K .......... .......... .......... .......... .......... 49%  270K 9m19s
 82500K .......... .......... .......... .......... .......... 49%  135K 9m19s
 82550K .......... .......... .......... .......... .......... 49%  181K 9m19s
 82600K .......... .......... .......... .......... .......... 49%  177K 9m18s
 82650K .......... .......... .......... .......... .......... 49%  135K 9m18s
 82700K .......... .......... .......... .......... .......... 49%  135K 9m18s
 82750K .......... .......... .......... .......... .......... 49%  303K 9m17s
 82800K .......... .......... .......... .......... .......... 49%  142K 9m17s
 82850K .......... .......... .......... .......... .......... 49% 88.1K 9m17s
 82900K .......... .......... .......... .......... .......... 49%  251K 9m16s
 82950K .......... .......... .......... .......... .......... 49%  154K 9m16s
 83000K .......... .......... .......... .......... .......... 49%  206K 9m15s
 83050K .......... .......... .......... .......... .......... 49% 56.0K 9m16s
 83100K .......... .......... .......... .......... .......... 50%  175K 9m15s
 83150K .......... .......... .......... .......... .......... 50%  168K 9m15s
 83200K .......... .......... .......... .......... .......... 50% 88.3K 9m15s
 83250K .......... .......... .......... .......... .......... 50%  247K 9m14s
 83300K .......... .......... .......... .......... .......... 50%  564K 9m14s
 83350K .......... .......... .......... .......... .......... 50%  105K 9m14s
 83400K .......... .......... .......... .......... .......... 50% 65.8K 9m14s
 83450K .......... .......... .......... .......... .......... 50%  482K 9m13s
 83500K .......... .......... .......... .......... .......... 50% 67.8K 9m13s
 83550K .......... .......... .......... .......... .......... 50%  102K 9m13s
 83600K .......... .......... .......... .......... .......... 50%  191K 9m13s
 83650K .......... .......... .......... .......... .......... 50%  238K 9m12s
 83700K .......... .......... .......... .......... .......... 50%  188K 9m12s
 83750K .......... .......... .......... .......... .......... 50%  214K 9m11s
 83800K .......... .......... .......... .......... .......... 50% 86.8K 9m11s
 83850K .......... .......... .......... .......... .......... 50% 81.8K 9m11s
 83900K .......... .......... .......... .......... .......... 50%  152K 9m11s
 83950K .......... .......... .......... .......... .......... 50%  108K 9m11s
 84000K .......... .......... .......... .......... .......... 50%  215K 9m10s
 84050K .......... .......... .......... .......... .......... 50%  407K 9m10s
 84100K .......... .......... .......... .......... .......... 50%  328K 9m9s
 84150K .......... .......... .......... .......... .......... 50%  385K 9m9s
 84200K .......... .......... .......... .......... .......... 50% 77.6K 9m9s
 84250K .......... .......... .......... .......... .......... 50%  199K 9m8s
 84300K .......... .......... .......... .......... .......... 50% 95.7K 9m8s
 84350K .......... .......... .......... .......... .......... 50%  466K 9m7s
 84400K .......... .......... .......... .......... .......... 50%  256K 9m7s
 84450K .......... .......... .......... .......... .......... 50%  154K 9m7s
 84500K .......... .......... .......... .......... .......... 50%  479K 9m6s
 84550K .......... .......... .......... .......... .......... 50%  164K 9m6s
 84600K .......... .......... .......... .......... .......... 50%  141K 9m5s
 84650K .......... .......... .......... .......... .......... 50%  236K 9m5s
 84700K .......... .......... .......... .......... .......... 50% 87.9K 9m5s
 84750K .......... .......... .......... .......... .......... 51%  306K 9m4s
 84800K .......... .......... .......... .......... .......... 51% 88.4K 9m4s
 84850K .......... .......... .......... .......... .......... 51%  112K 9m4s
 84900K .......... .......... .......... .......... .......... 51%  151K 9m4s
 84950K .......... .......... .......... .......... .......... 51%  107K 9m3s
 85000K .......... .......... .......... .......... .......... 51%  232K 9m3s
 85050K .......... .......... .......... .......... .......... 51%  105K 9m3s
 85100K .......... .......... .......... .......... .......... 51%  299K 9m2s
 85150K .......... .......... .......... .......... .......... 51%  420K 9m2s
 85200K .......... .......... .......... .......... .......... 51%  414K 9m1s
 85250K .......... .......... .......... .......... .......... 51%  133K 9m1s
 85300K .......... .......... .......... .......... .......... 51%  205K 9m0s
 85350K .......... .......... .......... .......... .......... 51%  340K 9m0s
 85400K .......... .......... .......... .......... .......... 51%  175K 9m0s
 85450K .......... .......... .......... .......... .......... 51%  181K 8m59s
 85500K .......... .......... .......... .......... .......... 51%  223K 8m59s
 85550K .......... .......... .......... .......... .......... 51%  253K 8m58s
 85600K .......... .......... .......... .......... .......... 51% 81.7K 8m58s
 85650K .......... .......... .......... .......... .......... 51% 63.0K 8m58s
 85700K .......... .......... .......... .......... .......... 51% 77.4K 8m58s
 85750K .......... .......... .......... .......... .......... 51%  220K 8m58s
 85800K .......... .......... .......... .......... .......... 51% 68.3K 8m58s
 85850K .......... .......... .......... .......... .......... 51%  187K 8m57s
 85900K .......... .......... .......... .......... .......... 51%  153K 8m57s
 85950K .......... .......... .......... .......... .......... 51%  208K 8m57s
 86000K .......... .......... .......... .......... .......... 51% 63.5K 8m57s
 86050K .......... .......... .......... .......... .......... 51%  105K 8m57s
 86100K .......... .......... .......... .......... .......... 51%  488K 8m56s
 86150K .......... .......... .......... .......... .......... 51%  114K 8m56s
 86200K .......... .......... .......... .......... .......... 51%  624K 8m55s
 86250K .......... .......... .......... .......... .......... 51% 78.3K 8m55s
 86300K .......... .......... .......... .......... .......... 51%  399K 8m55s
 86350K .......... .......... .......... .......... .......... 51%  556K 8m54s
 86400K .......... .......... .......... .......... .......... 51%  460K 8m54s
 86450K .......... .......... .......... .......... .......... 52%  372K 8m53s
 86500K .......... .......... .......... .......... .......... 52%  470K 8m52s
 86550K .......... .......... .......... .......... .......... 52% 71.7K 8m52s
 86600K .......... .......... .......... .......... .......... 52%  203K 8m52s
 86650K .......... .......... .......... .......... .......... 52%  231K 8m52s
 86700K .......... .......... .......... .......... .......... 52%  154K 8m51s
 86750K .......... .......... .......... .......... .......... 52%  183K 8m51s
 86800K .......... .......... .......... .......... .......... 52% 67.3K 8m51s
 86850K .......... .......... .......... .......... .......... 52% 88.4K 8m51s
 86900K .......... .......... .......... .......... .......... 52% 54.2K 8m51s
 86950K .......... .......... .......... .......... .......... 52%  106K 8m51s
 87000K .......... .......... .......... .......... .......... 52% 85.4K 8m51s
 87050K .......... .......... .......... .......... .......... 52%  174K 8m50s
 87100K .......... .......... .......... .......... .......... 52% 95.3K 8m50s
 87150K .......... .......... .......... .......... .......... 52% 90.2K 8m50s
 87200K .......... .......... .......... .......... .......... 52% 43.0K 8m50s
 87250K .......... .......... .......... .......... .......... 52% 53.9K 8m51s
 87300K .......... .......... .......... .......... .......... 52%  155K 8m50s
 87350K .......... .......... .......... .......... .......... 52%  179K 8m50s
 87400K .......... .......... .......... .......... .......... 52%  252K 8m49s
 87450K .......... .......... .......... .......... .......... 52%  113K 8m49s
 87500K .......... .......... .......... .......... .......... 52%  362K 8m49s
 87550K .......... .......... .......... .......... .......... 52%  253K 8m48s
 87600K .......... .......... .......... .......... .......... 52%  147K 8m48s
 87650K .......... .......... .......... .......... .......... 52%  164K 8m48s
 87700K .......... .......... .......... .......... .......... 52%  104K 8m47s
 87750K .......... .......... .......... .......... .......... 52% 73.3K 8m47s
 87800K .......... .......... .......... .......... .......... 52%  381K 8m47s
 87850K .......... .......... .......... .......... .......... 52% 97.9K 8m47s
 87900K .......... .......... .......... .......... .......... 52%  204K 8m46s
 87950K .......... .......... .......... .......... .......... 52% 39.6K 8m47s
 88000K .......... .......... .......... .......... .......... 52%  155K 8m46s
 88050K .......... .......... .......... .......... .......... 52%  102K 8m46s
 88100K .......... .......... .......... .......... .......... 53% 81.3K 8m46s
 88150K .......... .......... .......... .......... .......... 53% 93.1K 8m46s
 88200K .......... .......... .......... .......... .......... 53%  260K 8m45s
 88250K .......... .......... .......... .......... .......... 53%  159K 8m45s
 88300K .......... .......... .......... .......... .......... 53%  177K 8m45s
 88350K .......... .......... .......... .......... .......... 53%  349K 8m44s
 88400K .......... .......... .......... .......... .......... 53% 53.6K 8m44s
 88450K .......... .......... .......... .......... .......... 53% 98.4K 8m44s
 88500K .......... .......... .......... .......... .......... 53%  249K 8m44s
 88550K .......... .......... .......... .......... .......... 53% 32.4K 8m44s
 88600K .......... .......... .......... .......... .......... 53%  523K 8m44s
 88650K .......... .......... .......... .......... .......... 53%  128K 8m44s
 88700K .......... .......... .......... .......... .......... 53%  192K 8m43s
 88750K .......... .......... .......... .......... .......... 53% 83.7K 8m43s
 88800K .......... .......... .......... .......... .......... 53%  159K 8m43s
 88850K .......... .......... .......... .......... .......... 53%  145K 8m42s
 88900K .......... .......... .......... .......... .......... 53%  185K 8m42s
 88950K .......... .......... .......... .......... .......... 53%  108K 8m42s
 89000K .......... .......... .......... .......... .......... 53%  318K 8m41s
 89050K .......... .......... .......... .......... .......... 53%  183K 8m41s
 89100K .......... .......... .......... .......... .......... 53% 60.9K 8m41s
 89150K .......... .......... .......... .......... .......... 53%  112K 8m41s
 89200K .......... .......... .......... .......... .......... 53%  132K 8m40s
 89250K .......... .......... .......... .......... .......... 53% 43.3K 8m41s
 89300K .......... .......... .......... .......... .......... 53%  137K 8m40s
 89350K .......... .......... .......... .......... .......... 53%  262K 8m40s
 89400K .......... .......... .......... .......... .......... 53%  166K 8m40s
 89450K .......... .......... .......... .......... .......... 53%  213K 8m39s
 89500K .......... .......... .......... .......... .......... 53%  209K 8m39s
 89550K .......... .......... .......... .......... .......... 53%  281K 8m38s
 89600K .......... .......... .......... .......... .......... 53%  326K 8m38s
 89650K .......... .......... .......... .......... .......... 53%  169K 8m37s
 89700K .......... .......... .......... .......... .......... 53%  248K 8m37s
 89750K .......... .......... .......... .......... .......... 54%  269K 8m37s
 89800K .......... .......... .......... .......... .......... 54%  139K 8m36s
 89850K .......... .......... .......... .......... .......... 54% 80.5K 8m36s
 89900K .......... .......... .......... .......... .......... 54% 95.8K 8m36s
 89950K .......... .......... .......... .......... .......... 54%  184K 8m36s
 90000K .......... .......... .......... .......... .......... 54%  188K 8m35s
 90050K .......... .......... .......... .......... .......... 54% 82.6K 8m35s
 90100K .......... .......... .......... .......... .......... 54%  224K 8m35s
 90150K .......... .......... .......... .......... .......... 54% 62.8K 8m35s
 90200K .......... .......... .......... .......... .......... 54%  477K 8m34s
 90250K .......... .......... .......... .......... .......... 54%  229K 8m34s
 90300K .......... .......... .......... .......... .......... 54%  299K 8m33s
 90350K .......... .......... .......... .......... .......... 54%  134K 8m33s
 90400K .......... .......... .......... .......... .......... 54% 76.8K 8m33s
 90450K .......... .......... .......... .......... .......... 54% 36.8K 8m33s
 90500K .......... .......... .......... .......... .......... 54%  160K 8m33s
 90550K .......... .......... .......... .......... .......... 54% 97.8K 8m33s
 90600K .......... .......... .......... .......... .......... 54% 68.1K 8m33s
 90650K .......... .......... .......... .......... .......... 54%  564K 8m32s
 90700K .......... .......... .......... .......... .......... 54% 56.7K 8m32s
 90750K .......... .......... .......... .......... .......... 54% 51.4K 8m32s
 90800K .......... .......... .......... .......... .......... 54%  108K 8m32s
 90850K .......... .......... .......... .......... .......... 54% 50.9K 8m32s
 90900K .......... .......... .......... .......... .......... 54% 84.4K 8m32s
 90950K .......... .......... .......... .......... .......... 54% 55.9K 8m32s
 91000K .......... .......... .......... .......... .......... 54%  666K 8m32s
 91050K .......... .......... .......... .......... .......... 54%  311K 8m31s
 91100K .......... .......... .......... .......... .......... 54%  217K 8m31s
 91150K .......... .......... .......... .......... .......... 54%  145K 8m31s
 91200K .......... .......... .......... .......... .......... 54%  125K 8m30s
 91250K .......... .......... .......... .......... .......... 54% 76.1K 8m30s
 91300K .......... .......... .......... .......... .......... 54%  302K 8m30s
 91350K .......... .......... .......... .......... .......... 54%  123K 8m29s
 91400K .......... .......... .......... .......... .......... 55% 69.2K 8m29s
 91450K .......... .......... .......... .......... .......... 55%  232K 8m29s
 91500K .......... .......... .......... .......... .......... 55%  134K 8m29s
 91550K .......... .......... .......... .......... .......... 55% 51.2K 8m29s
 91600K .......... .......... .......... .......... .......... 55%  119K 8m29s
 91650K .......... .......... .......... .......... .......... 55% 88.0K 8m28s
 91700K .......... .......... .......... .......... .......... 55% 71.4K 8m28s
 91750K .......... .......... .......... .......... .......... 55%  246K 8m28s
 91800K .......... .......... .......... .......... .......... 55% 86.2K 8m28s
 91850K .......... .......... .......... .......... .......... 55% 39.0K 8m28s
 91900K .......... .......... .......... .......... .......... 55% 50.7K 8m28s
 91950K .......... .......... .......... .......... .......... 55% 50.1K 8m29s
 92000K .......... .......... .......... .......... .......... 55% 53.0K 8m29s
 92050K .......... .......... .......... .......... .......... 55% 62.0K 8m29s
 92100K .......... .......... .......... .......... .......... 55%  134K 8m28s
 92150K .......... .......... .......... .......... .......... 55% 75.9K 8m28s
 92200K .......... .......... .......... .......... .......... 55%  404K 8m28s
 92250K .......... .......... .......... .......... .......... 55% 43.0K 8m28s
 92300K .......... .......... .......... .......... .......... 55% 63.8K 8m28s
 92350K .......... .......... .......... .......... .......... 55% 74.3K 8m28s
 92400K .......... .......... .......... .......... .......... 55%  148K 8m28s
 92450K .......... .......... .......... .......... .......... 55% 56.5K 8m28s
 92500K .......... .......... .......... .......... .......... 55% 65.3K 8m28s
 92550K .......... .......... .......... .......... .......... 55% 33.4K 8m28s
 92600K .......... .......... .......... .......... .......... 55%  153K 8m28s
 92650K .......... .......... .......... .......... .......... 55% 41.3K 8m28s
 92700K .......... .......... .......... .......... .......... 55%  137K 8m28s
 92750K .......... .......... .......... .......... .......... 55%  102K 8m28s
 92800K .......... .......... .......... .......... .......... 55% 83.8K 8m28s
 92850K .......... .......... .......... .......... .......... 55%  296K 8m27s
 92900K .......... .......... .......... .......... .......... 55%  120K 8m27s
 92950K .......... .......... .......... .......... .......... 55% 74.4K 8m27s
 93000K .......... .......... .......... .......... .......... 55% 50.1K 8m27s
 93050K .......... .......... .......... .......... .......... 55%  114K 8m27s
 93100K .......... .......... .......... .......... .......... 56% 50.0K 8m27s
 93150K .......... .......... .......... .......... .......... 56% 68.0K 8m27s
 93200K .......... .......... .......... .......... .......... 56% 41.9K 8m27s
 93250K .......... .......... .......... .......... .......... 56% 49.1K 8m27s
 93300K .......... .......... .......... .......... .......... 56% 37.4K 8m28s
 93350K .......... .......... .......... .......... .......... 56%  156K 8m27s
 93400K .......... .......... .......... .......... .......... 56%  101K 8m27s
 93450K .......... .......... .......... .......... .......... 56% 71.8K 8m27s
 93500K .......... .......... .......... .......... .......... 56% 41.1K 8m27s
 93550K .......... .......... .......... .......... .......... 56%  172K 8m27s
 93600K .......... .......... .......... .......... .......... 56%  415K 8m26s
 93650K .......... .......... .......... .......... .......... 56% 76.9K 8m26s
 93700K .......... .......... .......... .......... .......... 56% 73.0K 8m26s
 93750K .......... .......... .......... .......... .......... 56%  109K 8m26s
 93800K .......... .......... .......... .......... .......... 56% 81.5K 8m26s
 93850K .......... .......... .......... .......... .......... 56% 86.8K 8m26s
 93900K .......... .......... .......... .......... .......... 56% 84.5K 8m25s
 93950K .......... .......... .......... .......... .......... 56% 69.9K 8m25s
 94000K .......... .......... .......... .......... .......... 56% 60.5K 8m25s
 94050K .......... .......... .......... .......... .......... 56%  432K 8m25s
 94100K .......... .......... .......... .......... .......... 56% 37.5K 8m25s
 94150K .......... .......... .......... .......... .......... 56%  168K 8m25s
 94200K .......... .......... .......... .......... .......... 56% 70.6K 8m25s
 94250K .......... .......... .......... .......... .......... 56%  104K 8m25s
 94300K .......... .......... .......... .......... .......... 56%  130K 8m24s
 94350K .......... .......... .......... .......... .......... 56%  536K 8m24s
 94400K .......... .......... .......... .......... .......... 56% 28.8K 8m24s
 94450K .......... .......... .......... .......... .......... 56% 33.0K 8m25s
 94500K .......... .......... .......... .......... .......... 56%  134K 8m25s
 94550K .......... .......... .......... .......... .......... 56% 44.7K 8m25s
 94600K .......... .......... .......... .......... .......... 56% 37.0K 8m25s
 94650K .......... .......... .......... .......... .......... 56% 72.6K 8m25s
 94700K .......... .......... .......... .......... .......... 56% 48.3K 8m25s
 94750K .......... .......... .......... .......... .......... 57% 48.4K 8m25s
 94800K .......... .......... .......... .......... .......... 57%  155K 8m25s
 94850K .......... .......... .......... .......... .......... 57%  127K 8m25s
 94900K .......... .......... .......... .......... .......... 57% 71.5K 8m25s
 94950K .......... .......... .......... .......... .......... 57% 79.4K 8m24s
 95000K .......... .......... .......... .......... .......... 57% 78.0K 8m24s
 95050K .......... .......... .......... .......... .......... 57% 98.1K 8m24s
 95100K .......... .......... .......... .......... .......... 57% 56.0K 8m24s
 95150K .......... .......... .......... .......... .......... 57%  129K 8m24s
 95200K .......... .......... .......... .......... .......... 57% 96.2K 8m24s
 95250K .......... .......... .......... .......... .......... 57%  143K 8m23s
 95300K .......... .......... .......... .......... .......... 57%  130K 8m23s
 95350K .......... .......... .......... .......... .......... 57%  142K 8m23s
 95400K .......... .......... .......... .......... .......... 57% 67.4K 8m22s
 95450K .......... .......... .......... .......... .......... 57% 21.1K 8m24s
 95500K .......... .......... .......... .......... .......... 57% 46.1K 8m24s
 95550K .......... .......... .......... .......... .......... 57% 27.8K 8m25s
 95600K .......... .......... .......... .......... .......... 57% 37.9K 8m25s
 95650K .......... .......... .......... .......... .......... 57% 53.5K 8m25s
 95700K .......... .......... .......... .......... .......... 57% 35.1K 8m25s
 95750K .......... .......... .......... .......... .......... 57% 38.5K 8m26s
 95800K .......... .......... .......... .......... .......... 57% 55.4K 8m26s
 95850K .......... .......... .......... .......... .......... 57% 40.5K 8m26s
 95900K .......... .......... .......... .......... .......... 57% 51.9K 8m26s
 95950K .......... .......... .......... .......... .......... 57%  161K 8m26s
 96000K .......... .......... .......... .......... .......... 57%  407K 8m25s
 96050K .......... .......... .......... .......... .......... 57%  361K 8m25s
 96100K .......... .......... .......... .......... .......... 57% 27.6K 8m25s
 96150K .......... .......... .......... .......... .......... 57% 42.9K 8m26s
 96200K .......... .......... .......... .......... .......... 57% 65.1K 8m26s
 96250K .......... .......... .......... .......... .......... 57% 46.4K 8m26s
 96300K .......... .......... .......... .......... .......... 57%  399K 8m25s
 96350K .......... .......... .......... .......... .......... 57% 58.5K 8m25s
 96400K .......... .......... .......... .......... .......... 58%  523K 8m25s
 96450K .......... .......... .......... .......... .......... 58% 74.1K 8m24s
 96500K .......... .......... .......... .......... .......... 58% 64.7K 8m24s
 96550K .......... .......... .......... .......... .......... 58%  172K 8m24s
 96600K .......... .......... .......... .......... .......... 58% 85.1K 8m24s
 96650K .......... .......... .......... .......... .......... 58%  239K 8m23s
 96700K .......... .......... .......... .......... .......... 58% 70.2K 8m23s
 96750K .......... .......... .......... .......... .......... 58% 60.1K 8m23s
 96800K .......... .......... .......... .......... .......... 58% 53.6K 8m23s
 96850K .......... .......... .......... .......... .......... 58% 67.4K 8m23s
 96900K .......... .......... .......... .......... .......... 58% 94.5K 8m23s
 96950K .......... .......... .......... .......... .......... 58% 46.9K 8m23s
 97000K .......... .......... .......... .......... .......... 58% 86.0K 8m23s
 97050K .......... .......... .......... .......... .......... 58%  225K 8m22s
 97100K .......... .......... .......... .......... .......... 58%  212K 8m22s
 97150K .......... .......... .......... .......... .......... 58%  258K 8m21s
 97200K .......... .......... .......... .......... .......... 58%  115K 8m21s
 97250K .......... .......... .......... .......... .......... 58% 54.4K 8m21s
 97300K .......... .......... .......... .......... .......... 58%  107K 8m21s
 97350K .......... .......... .......... .......... .......... 58%  203K 8m20s
 97400K .......... .......... .......... .......... .......... 58% 83.0K 8m20s
 97450K .......... .......... .......... .......... .......... 58% 68.4K 8m20s
 97500K .......... .......... .......... .......... .......... 58% 64.3K 8m20s
 97550K .......... .......... .......... .......... .......... 58%  121K 8m20s
 97600K .......... .......... .......... .......... .......... 58% 71.7K 8m20s
 97650K .......... .......... .......... .......... .......... 58%  731K 8m19s
 97700K .......... .......... .......... .......... .......... 58%  112K 8m19s
 97750K .......... .......... .......... .......... .......... 58%  119K 8m18s
 97800K .......... .......... .......... .......... .......... 58% 38.4K 8m19s
 97850K .......... .......... .......... .......... .......... 58% 43.6K 8m19s
 97900K .......... .......... .......... .......... .......... 58% 75.5K 8m19s
 97950K .......... .......... .......... .......... .......... 58%  164K 8m18s
 98000K .......... .......... .......... .......... .......... 58%  108K 8m18s
 98050K .......... .......... .......... .......... .......... 59% 77.4K 8m18s
 98100K .......... .......... .......... .......... .......... 59% 58.9K 8m18s
 98150K .......... .......... .......... .......... .......... 59%  521K 8m17s
 98200K .......... .......... .......... .......... .......... 59%  142K 8m17s
 98250K .......... .......... .......... .......... .......... 59% 73.1K 8m17s
 98300K .......... .......... .......... .......... .......... 59%  468K 8m16s
 98350K .......... .......... .......... .......... .......... 59% 85.9K 8m16s
 98400K .......... .......... .......... .......... .......... 59%  417K 8m15s
 98450K .......... .......... .......... .......... .......... 59%  584K 8m15s
 98500K .......... .......... .......... .......... .......... 59%  687K 8m14s
 98550K .......... .......... .......... .......... .......... 59% 72.1K 8m14s
 98600K .......... .......... .......... .......... .......... 59%  419K 8m14s
 98650K .......... .......... .......... .......... .......... 59%  177K 8m13s
 98700K .......... .......... .......... .......... .......... 59%  414K 8m13s
 98750K .......... .......... .......... .......... .......... 59%  170K 8m12s
 98800K .......... .......... .......... .......... .......... 59%  240K 8m12s
 98850K .......... .......... .......... .......... .......... 59% 54.4K 8m12s
 98900K .......... .......... .......... .......... .......... 59%  331K 8m11s
 98950K .......... .......... .......... .......... .......... 59% 68.3K 8m11s
 99000K .......... .......... .......... .......... .......... 59%  163K 8m11s
 99050K .......... .......... .......... .......... .......... 59%  136K 8m10s
 99100K .......... .......... .......... .......... .......... 59%  285K 8m10s
 99150K .......... .......... .......... .......... .......... 59% 48.9K 8m10s
 99200K .......... .......... .......... .......... .......... 59%  307K 8m9s
 99250K .......... .......... .......... .......... .......... 59%  460K 8m9s
 99300K .......... .......... .......... .......... .......... 59%  354K 8m8s
 99350K .......... .......... .......... .......... .......... 59%  282K 8m8s
 99400K .......... .......... .......... .......... .......... 59%  143K 8m8s
 99450K .......... .......... .......... .......... .......... 59%  167K 8m7s
 99500K .......... .......... .......... .......... .......... 59%  308K 8m7s
 99550K .......... .......... .......... .......... .......... 59%  299K 8m6s
 99600K .......... .......... .......... .......... .......... 59%  268K 8m6s
 99650K .......... .......... .......... .......... .......... 59%  339K 8m5s
 99700K .......... .......... .......... .......... .......... 59%  284K 8m5s
 99750K .......... .......... .......... .......... .......... 60%  304K 8m4s
 99800K .......... .......... .......... .......... .......... 60% 61.3K 8m4s
 99850K .......... .......... .......... .......... .......... 60%  462K 8m4s
 99900K .......... .......... .......... .......... .......... 60%  159K 8m3s
 99950K .......... .......... .......... .......... .......... 60% 80.8K 8m3s
100000K .......... .......... .......... .......... .......... 60%  474K 8m2s
100050K .......... .......... .......... .......... .......... 60%  284K 8m2s
100100K .......... .......... .......... .......... .......... 60%  139K 8m2s
100150K .......... .......... .......... .......... .......... 60% 96.1K 8m1s
100200K .......... .......... .......... .......... .......... 60%  311K 8m1s
100250K .......... .......... .......... .......... .......... 60%  294K 8m0s
100300K .......... .......... .......... .......... .......... 60%  238K 8m0s
100350K .......... .......... .......... .......... .......... 60%  180K 7m59s
100400K .......... .......... .......... .......... .......... 60%  181K 7m59s
100450K .......... .......... .......... .......... .......... 60%  196K 7m59s
100500K .......... .......... .......... .......... .......... 60%  154K 7m58s
100550K .......... .......... .......... .......... .......... 60%  141K 7m58s
100600K .......... .......... .......... .......... .......... 60%  115K 7m58s
100650K .......... .......... .......... .......... .......... 60%  447K 7m57s
100700K .......... .......... .......... .......... .......... 60%  177K 7m57s
100750K .......... .......... .......... .......... .......... 60%  475K 7m56s
100800K .......... .......... .......... .......... .......... 60%  158K 7m56s
100850K .......... .......... .......... .......... .......... 60%  468K 7m55s
100900K .......... .......... .......... .......... .......... 60%  423K 7m55s
100950K .......... .......... .......... .......... .......... 60%  114K 7m54s
101000K .......... .......... .......... .......... .......... 60%  151K 7m54s
101050K .......... .......... .......... .......... .......... 60%  251K 7m53s
101100K .......... .......... .......... .......... .......... 60%  105K 7m53s
101150K .......... .......... .......... .......... .......... 60%  191K 7m53s
101200K .......... .......... .......... .......... .......... 60%  215K 7m52s
101250K .......... .......... .......... .......... .......... 60%  239K 7m52s
101300K .......... .......... .......... .......... .......... 60%  192K 7m51s
101350K .......... .......... .......... .......... .......... 60%  216K 7m51s
101400K .......... .......... .......... .......... .......... 61%  297K 7m50s
101450K .......... .......... .......... .......... .......... 61%  320K 7m50s
101500K .......... .......... .......... .......... .......... 61%  281K 7m49s
101550K .......... .......... .......... .......... .......... 61%  417K 7m49s
101600K .......... .......... .......... .......... .......... 61%  158K 7m49s
101650K .......... .......... .......... .......... .......... 61% 76.7K 7m48s
101700K .......... .......... .......... .......... .......... 61%  287K 7m48s
101750K .......... .......... .......... .......... .......... 61%  752K 7m47s
101800K .......... .......... .......... .......... .......... 61%  250K 7m47s
101850K .......... .......... .......... .......... .......... 61%  287K 7m46s
101900K .......... .......... .......... .......... .......... 61%  163K 7m46s
101950K .......... .......... .......... .......... .......... 61% 81.4K 7m46s
102000K .......... .......... .......... .......... .......... 61% 40.9K 7m46s
102050K .......... .......... .......... .......... .......... 61%  122K 7m46s
102100K .......... .......... .......... .......... .......... 61%  133K 7m45s
102150K .......... .......... .......... .......... .......... 61%  170K 7m45s
102200K .......... .......... .......... .......... .......... 61%  225K 7m44s
102250K .......... .......... .......... .......... .......... 61%  170K 7m44s
102300K .......... .......... .......... .......... .......... 61%  170K 7m44s
102350K .......... .......... .......... .......... .......... 61%  131K 7m43s
102400K .......... .......... .......... .......... .......... 61%  139K 7m43s
102450K .......... .......... .......... .......... .......... 61%  299K 7m42s
102500K .......... .......... .......... .......... .......... 61%  471K 7m42s
102550K .......... .......... .......... .......... .......... 61%  896K 7m41s
102600K .......... .......... .......... .......... .......... 61%  496K 7m41s
102650K .......... .......... .......... .......... .......... 61%  435K 7m40s
102700K .......... .......... .......... .......... .......... 61%  525K 7m40s
102750K .......... .......... .......... .......... .......... 61%  419K 7m39s
102800K .......... .......... .......... .......... .......... 61%  290K 7m39s
102850K .......... .......... .......... .......... .......... 61%  413K 7m38s
102900K .......... .......... .......... .......... .......... 61%  399K 7m38s
102950K .......... .......... .......... .......... .......... 61% 59.2K 7m38s
103000K .......... .......... .......... .......... .......... 61%  617K 7m37s
103050K .......... .......... .......... .......... .......... 62%  236K 7m37s
103100K .......... .......... .......... .......... .......... 62%  277K 7m36s
103150K .......... .......... .......... .......... .......... 62%  338K 7m36s
103200K .......... .......... .......... .......... .......... 62% 78.1K 7m36s
103250K .......... .......... .......... .......... .......... 62%  229K 7m35s
103300K .......... .......... .......... .......... .......... 62% 99.8K 7m35s
103350K .......... .......... .......... .......... .......... 62%  141K 7m34s
103400K .......... .......... .......... .......... .......... 62%  123K 7m34s
103450K .......... .......... .......... .......... .......... 62%  143K 7m34s
103500K .......... .......... .......... .......... .......... 62%  235K 7m33s
103550K .......... .......... .......... .......... .......... 62%  439K 7m33s
103600K .......... .......... .......... .......... .......... 62%  121K 7m32s
103650K .......... .......... .......... .......... .......... 62%  386K 7m32s
103700K .......... .......... .......... .......... .......... 62%  144K 7m32s
103750K .......... .......... .......... .......... .......... 62%  319K 7m31s
103800K .......... .......... .......... .......... .......... 62%  190K 7m31s
103850K .......... .......... .......... .......... .......... 62%  226K 7m30s
103900K .......... .......... .......... .......... .......... 62%  349K 7m30s
103950K .......... .......... .......... .......... .......... 62%  410K 7m29s
104000K .......... .......... .......... .......... .......... 62%  367K 7m29s
104050K .......... .......... .......... .......... .......... 62%  205K 7m28s
104100K .......... .......... .......... .......... .......... 62%  124K 7m28s
104150K .......... .......... .......... .......... .......... 62%  401K 7m27s
104200K .......... .......... .......... .......... .......... 62%  328K 7m27s
104250K .......... .......... .......... .......... .......... 62%  116K 7m27s
104300K .......... .......... .......... .......... .......... 62%  385K 7m26s
104350K .......... .......... .......... .......... .......... 62%  160K 7m26s
104400K .......... .......... .......... .......... .......... 62%  122K 7m25s
104450K .......... .......... .......... .......... .......... 62%  183K 7m25s
104500K .......... .......... .......... .......... .......... 62%  355K 7m25s
104550K .......... .......... .......... .......... .......... 62%  401K 7m24s
104600K .......... .......... .......... .......... .......... 62%  411K 7m24s
104650K .......... .......... .......... .......... .......... 62%  440K 7m23s
104700K .......... .......... .......... .......... .......... 63%  143K 7m23s
104750K .......... .......... .......... .......... .......... 63%  133K 7m22s
104800K .......... .......... .......... .......... .......... 63%  246K 7m22s
104850K .......... .......... .......... .......... .......... 63%  385K 7m21s
104900K .......... .......... .......... .......... .......... 63%  123K 7m21s
104950K .......... .......... .......... .......... .......... 63%  279K 7m21s
105000K .......... .......... .......... .......... .......... 63%  108K 7m20s
105050K .......... .......... .......... .......... .......... 63%  256K 7m20s
105100K .......... .......... .......... .......... .......... 63%  140K 7m19s
105150K .......... .......... .......... .......... .......... 63%  575K 7m19s
105200K .......... .......... .......... .......... .......... 63%  219K 7m19s
105250K .......... .......... .......... .......... .......... 63%  311K 7m18s
105300K .......... .......... .......... .......... .......... 63%  260K 7m18s
105350K .......... .......... .......... .......... .......... 63%  135K 7m17s
105400K .......... .......... .......... .......... .......... 63%  750K 7m17s
105450K .......... .......... .......... .......... .......... 63%  100K 7m16s
105500K .......... .......... .......... .......... .......... 63%  186K 7m16s
105550K .......... .......... .......... .......... .......... 63%  430K 7m16s
105600K .......... .......... .......... .......... .......... 63%  249K 7m15s
105650K .......... .......... .......... .......... .......... 63%  266K 7m15s
105700K .......... .......... .......... .......... .......... 63%  248K 7m14s
105750K .......... .......... .......... .......... .......... 63%  934K 7m14s
105800K .......... .......... .......... .......... .......... 63%  324K 7m13s
105850K .......... .......... .......... .......... .......... 63%  106K 7m13s
105900K .......... .......... .......... .......... .......... 63%  226K 7m12s
105950K .......... .......... .......... .......... .......... 63%  338K 7m12s
106000K .......... .......... .......... .......... .......... 63%  538K 7m11s
106050K .......... .......... .......... .......... .......... 63%  236K 7m11s
106100K .......... .......... .......... .......... .......... 63%  369K 7m11s
106150K .......... .......... .......... .......... .......... 63%  185K 7m10s
106200K .......... .......... .......... .......... .......... 63%  433K 7m10s
106250K .......... .......... .......... .......... .......... 63%  115K 7m9s
106300K .......... .......... .......... .......... .......... 63%  204K 7m9s
106350K .......... .......... .......... .......... .......... 63%  124K 7m9s
106400K .......... .......... .......... .......... .......... 64%  516K 7m8s
106450K .......... .......... .......... .......... .......... 64%  158K 7m8s
106500K .......... .......... .......... .......... .......... 64%  188K 7m7s
106550K .......... .......... .......... .......... .......... 64%  124K 7m7s
106600K .......... .......... .......... .......... .......... 64% 84.9K 7m7s
106650K .......... .......... .......... .......... .......... 64%  275K 7m6s
106700K .......... .......... .......... .......... .......... 64%  226K 7m6s
106750K .......... .......... .......... .......... .......... 64%  242K 7m5s
106800K .......... .......... .......... .......... .......... 64%  118K 7m5s
106850K .......... .......... .......... .......... .......... 64%  380K 7m5s
106900K .......... .......... .......... .......... .......... 64%  178K 7m4s
106950K .......... .......... .......... .......... .......... 64%  367K 7m4s
107000K .......... .......... .......... .......... .......... 64%  309K 7m3s
107050K .......... .......... .......... .......... .......... 64%  286K 7m3s
107100K .......... .......... .......... .......... .......... 64% 88.5K 7m3s
107150K .......... .......... .......... .......... .......... 64%  114K 7m2s
107200K .......... .......... .......... .......... .......... 64%  360K 7m2s
107250K .......... .......... .......... .......... .......... 64%  170K 7m1s
107300K .......... .......... .......... .......... .......... 64%  251K 7m1s
107350K .......... .......... .......... .......... .......... 64%  115K 7m1s
107400K .......... .......... .......... .......... .......... 64%  103K 7m0s
107450K .......... .......... .......... .......... .......... 64%  286K 7m0s
107500K .......... .......... .......... .......... .......... 64%  267K 6m59s
107550K .......... .......... .......... .......... .......... 64%  172K 6m59s
107600K .......... .......... .......... .......... .......... 64% 87.5K 6m59s
107650K .......... .......... .......... .......... .......... 64%  283K 6m58s
107700K .......... .......... .......... .......... .......... 64%  167K 6m58s
107750K .......... .......... .......... .......... .......... 64%  318K 6m57s
107800K .......... .......... .......... .......... .......... 64%  309K 6m57s
107850K .......... .......... .......... .......... .......... 64%  312K 6m57s
107900K .......... .......... .......... .......... .......... 64%  429K 6m56s
107950K .......... .......... .......... .......... .......... 64%  282K 6m56s
108000K .......... .......... .......... .......... .......... 64%  186K 6m55s
108050K .......... .......... .......... .......... .......... 65%  239K 6m55s
108100K .......... .......... .......... .......... .......... 65%  324K 6m54s
108150K .......... .......... .......... .......... .......... 65%  474K 6m54s
108200K .......... .......... .......... .......... .......... 65%  175K 6m53s
108250K .......... .......... .......... .......... .......... 65%  142K 6m53s
108300K .......... .......... .......... .......... .......... 65%  315K 6m53s
108350K .......... .......... .......... .......... .......... 65%  149K 6m52s
108400K .......... .......... .......... .......... .......... 65%  334K 6m52s
108450K .......... .......... .......... .......... .......... 65%  254K 6m51s
108500K .......... .......... .......... .......... .......... 65%  261K 6m51s
108550K .......... .......... .......... .......... .......... 65%  246K 6m50s
108600K .......... .......... .......... .......... .......... 65% 36.0K 6m51s
108650K .......... .......... .......... .......... .......... 65%  434K 6m50s
108700K .......... .......... .......... .......... .......... 65%  149K 6m50s
108750K .......... .......... .......... .......... .......... 65%  259K 6m49s
108800K .......... .......... .......... .......... .......... 65%  713K 6m49s
108850K .......... .......... .......... .......... .......... 65% 70.2K 6m49s
108900K .......... .......... .......... .......... .......... 65%  405K 6m48s
108950K .......... .......... .......... .......... .......... 65%  372K 6m48s
109000K .......... .......... .......... .......... .......... 65%  349K 6m47s
109050K .......... .......... .......... .......... .......... 65%  487K 6m47s
109100K .......... .......... .......... .......... .......... 65%  108K 6m46s
109150K .......... .......... .......... .......... .......... 65%  213K 6m46s
109200K .......... .......... .......... .......... .......... 65%  312K 6m46s
109250K .......... .......... .......... .......... .......... 65%  154K 6m45s
109300K .......... .......... .......... .......... .......... 65% 96.0K 6m45s
109350K .......... .......... .......... .......... .......... 65%  169K 6m45s
109400K .......... .......... .......... .......... .......... 65%  152K 6m44s
109450K .......... .......... .......... .......... .......... 65%  113K 6m44s
109500K .......... .......... .......... .......... .......... 65%  111K 6m44s
109550K .......... .......... .......... .......... .......... 65%  161K 6m43s
109600K .......... .......... .......... .......... .......... 65%  160K 6m43s
109650K .......... .......... .......... .......... .......... 65%  178K 6m42s
109700K .......... .......... .......... .......... .......... 66%  168K 6m42s
109750K .......... .......... .......... .......... .......... 66%  654K 6m41s
109800K .......... .......... .......... .......... .......... 66% 77.9K 6m41s
109850K .......... .......... .......... .......... .......... 66% 72.8K 6m41s
109900K .......... .......... .......... .......... .......... 66%  217K 6m41s
109950K .......... .......... .......... .......... .......... 66%  139K 6m40s
110000K .......... .......... .......... .......... .......... 66%  378K 6m40s
110050K .......... .......... .......... .......... .......... 66%  154K 6m39s
110100K .......... .......... .......... .......... .......... 66%  131K 6m39s
110150K .......... .......... .......... .......... .......... 66%  300K 6m39s
110200K .......... .......... .......... .......... .......... 66%  227K 6m38s
110250K .......... .......... .......... .......... .......... 66%  116K 6m38s
110300K .......... .......... .......... .......... .......... 66%  469K 6m37s
110350K .......... .......... .......... .......... .......... 66%  327K 6m37s
110400K .......... .......... .......... .......... .......... 66%  204K 6m37s
110450K .......... .......... .......... .......... .......... 66%  220K 6m36s
110500K .......... .......... .......... .......... .......... 66%  162K 6m36s
110550K .......... .......... .......... .......... .......... 66%  248K 6m35s
110600K .......... .......... .......... .......... .......... 66%  111K 6m35s
110650K .......... .......... .......... .......... .......... 66%  703K 6m35s
110700K .......... .......... .......... .......... .......... 66%  139K 6m34s
110750K .......... .......... .......... .......... .......... 66%  496K 6m34s
110800K .......... .......... .......... .......... .......... 66%  240K 6m33s
110850K .......... .......... .......... .......... .......... 66%  428K 6m33s
110900K .......... .......... .......... .......... .......... 66%  722K 6m32s
110950K .......... .......... .......... .......... .......... 66%  452K 6m32s
111000K .......... .......... .......... .......... .......... 66%  217K 6m31s
111050K .......... .......... .......... .......... .......... 66% 85.0K 6m31s
111100K .......... .......... .......... .......... .......... 66%  162K 6m31s
111150K .......... .......... .......... .......... .......... 66%  748K 6m30s
111200K .......... .......... .......... .......... .......... 66% 99.7K 6m30s
111250K .......... .......... .......... .......... .......... 66%  322K 6m30s
111300K .......... .......... .......... .......... .......... 66%  372K 6m29s
111350K .......... .......... .......... .......... .......... 67%  158K 6m29s
111400K .......... .......... .......... .......... .......... 67%  126K 6m28s
111450K .......... .......... .......... .......... .......... 67%  217K 6m28s
111500K .......... .......... .......... .......... .......... 67%  178K 6m28s
111550K .......... .......... .......... .......... .......... 67%  380K 6m27s
111600K .......... .......... .......... .......... .......... 67%  176K 6m27s
111650K .......... .......... .......... .......... .......... 67%  150K 6m26s
111700K .......... .......... .......... .......... .......... 67%  399K 6m26s
111750K .......... .......... .......... .......... .......... 67%  136K 6m26s
111800K .......... .......... .......... .......... .......... 67%  417K 6m25s
111850K .......... .......... .......... .......... .......... 67%  354K 6m25s
111900K .......... .......... .......... .......... .......... 67%  470K 6m24s
111950K .......... .......... .......... .......... .......... 67%  392K 6m24s
112000K .......... .......... .......... .......... .......... 67%  298K 6m23s
112050K .......... .......... .......... .......... .......... 67%  199K 6m23s
112100K .......... .......... .......... .......... .......... 67%  113K 6m23s
112150K .......... .......... .......... .......... .......... 67%  467K 6m22s
112200K .......... .......... .......... .......... .......... 67%  364K 6m22s
112250K .......... .......... .......... .......... .......... 67%  822K 6m21s
112300K .......... .......... .......... .......... .......... 67%  343K 6m21s
112350K .......... .......... .......... .......... .......... 67%  213K 6m20s
112400K .......... .......... .......... .......... .......... 67%  219K 6m20s
112450K .......... .......... .......... .......... .......... 67%  349K 6m19s
112500K .......... .......... .......... .......... .......... 67%  264K 6m19s
112550K .......... .......... .......... .......... .......... 67%  419K 6m19s
112600K .......... .......... .......... .......... .......... 67%  193K 6m18s
112650K .......... .......... .......... .......... .......... 67%  577K 6m18s
112700K .......... .......... .......... .......... .......... 67%  310K 6m17s
112750K .......... .......... .......... .......... .......... 67%  422K 6m17s
112800K .......... .......... .......... .......... .......... 67%  293K 6m16s
112850K .......... .......... .......... .......... .......... 67%  447K 6m16s
112900K .......... .......... .......... .......... .......... 67%  376K 6m15s
112950K .......... .......... .......... .......... .......... 67%  110K 6m15s
113000K .......... .......... .......... .......... .......... 67%  560K 6m15s
113050K .......... .......... .......... .......... .......... 68%  355K 6m14s
113100K .......... .......... .......... .......... .......... 68%  246K 6m14s
113150K .......... .......... .......... .......... .......... 68%  619K 6m13s
113200K .......... .......... .......... .......... .......... 68%  239K 6m13s
113250K .......... .......... .......... .......... .......... 68%  308K 6m12s
113300K .......... .......... .......... .......... .......... 68%  405K 6m12s
113350K .......... .......... .......... .......... .......... 68%  218K 6m12s
113400K .......... .......... .......... .......... .......... 68%  534K 6m11s
113450K .......... .......... .......... .......... .......... 68%  258K 6m11s
113500K .......... .......... .......... .......... .......... 68%  348K 6m10s
113550K .......... .......... .......... .......... .......... 68%  300K 6m10s
113600K .......... .......... .......... .......... .......... 68%  237K 6m9s
113650K .......... .......... .......... .......... .......... 68%  633K 6m9s
113700K .......... .......... .......... .......... .......... 68%  186K 6m8s
113750K .......... .......... .......... .......... .......... 68%  138K 6m8s
113800K .......... .......... .......... .......... .......... 68%  131K 6m8s
113850K .......... .......... .......... .......... .......... 68%  683K 6m7s
113900K .......... .......... .......... .......... .......... 68%  337K 6m7s
113950K .......... .......... .......... .......... .......... 68%  116K 6m7s
114000K .......... .......... .......... .......... .......... 68%  319K 6m6s
114050K .......... .......... .......... .......... .......... 68%  580K 6m6s
114100K .......... .......... .......... .......... .......... 68%  137K 6m5s
114150K .......... .......... .......... .......... .......... 68%  166K 6m5s
114200K .......... .......... .......... .......... .......... 68% 89.2K 6m5s
114250K .......... .......... .......... .......... .......... 68%  307K 6m4s
114300K .......... .......... .......... .......... .......... 68%  164K 6m4s
114350K .......... .......... .......... .......... .......... 68%  220K 6m3s
114400K .......... .......... .......... .......... .......... 68%  234K 6m3s
114450K .......... .......... .......... .......... .......... 68%  315K 6m3s
114500K .......... .......... .......... .......... .......... 68%  156K 6m2s
114550K .......... .......... .......... .......... .......... 68%  252K 6m2s
114600K .......... .......... .......... .......... .......... 68%  243K 6m1s
114650K .......... .......... .......... .......... .......... 68%  270K 6m1s
114700K .......... .......... .......... .......... .......... 69%  431K 6m1s
114750K .......... .......... .......... .......... .......... 69% 1.08M 6m0s
114800K .......... .......... .......... .......... .......... 69%  430K 6m0s
114850K .......... .......... .......... .......... .......... 69%  468K 5m59s
114900K .......... .......... .......... .......... .......... 69%  894K 5m59s
114950K .......... .......... .......... .......... .......... 69%  506K 5m58s
115000K .......... .......... .......... .......... .......... 69%  212K 5m58s
115050K .......... .......... .......... .......... .......... 69%  498K 5m57s
115100K .......... .......... .......... .......... .......... 69%  323K 5m57s
115150K .......... .......... .......... .......... .......... 69%  893K 5m56s
115200K .......... .......... .......... .......... .......... 69%  209K 5m56s
115250K .......... .......... .......... .......... .......... 69%  723K 5m56s
115300K .......... .......... .......... .......... .......... 69%  633K 5m55s
115350K .......... .......... .......... .......... .......... 69%  233K 5m55s
115400K .......... .......... .......... .......... .......... 69%  388K 5m54s
115450K .......... .......... .......... .......... .......... 69%  471K 5m54s
115500K .......... .......... .......... .......... .......... 69%  185K 5m53s
115550K .......... .......... .......... .......... .......... 69%  591K 5m53s
115600K .......... .......... .......... .......... .......... 69%  306K 5m52s
115650K .......... .......... .......... .......... .......... 69%  609K 5m52s
115700K .......... .......... .......... .......... .......... 69%  343K 5m52s
115750K .......... .......... .......... .......... .......... 69%  301K 5m51s
115800K .......... .......... .......... .......... .......... 69%  157K 5m51s
115850K .......... .......... .......... .......... .......... 69%  437K 5m50s
115900K .......... .......... .......... .......... .......... 69%  288K 5m50s
115950K .......... .......... .......... .......... .......... 69%  187K 5m50s
116000K .......... .......... .......... .......... .......... 69%  360K 5m49s
116050K .......... .......... .......... .......... .......... 69%  359K 5m49s
116100K .......... .......... .......... .......... .......... 69%  107K 5m48s
116150K .......... .......... .......... .......... .......... 69%  379K 5m48s
116200K .......... .......... .......... .......... .......... 69%  171K 5m48s
116250K .......... .......... .......... .......... .......... 69%  199K 5m47s
116300K .......... .......... .......... .......... .......... 69%  376K 5m47s
116350K .......... .......... .......... .......... .......... 70%  399K 5m46s
116400K .......... .......... .......... .......... .......... 70%  267K 5m46s
116450K .......... .......... .......... .......... .......... 70%  123K 5m46s
116500K .......... .......... .......... .......... .......... 70%  174K 5m45s
116550K .......... .......... .......... .......... .......... 70%  192K 5m45s
116600K .......... .......... .......... .......... .......... 70%  141K 5m44s
116650K .......... .......... .......... .......... .......... 70%  310K 5m44s
116700K .......... .......... .......... .......... .......... 70%  159K 5m44s
116750K .......... .......... .......... .......... .......... 70%  245K 5m43s
116800K .......... .......... .......... .......... .......... 70%  488K 5m43s
116850K .......... .......... .......... .......... .......... 70%  373K 5m42s
116900K .......... .......... .......... .......... .......... 70%  414K 5m42s
116950K .......... .......... .......... .......... .......... 70%  469K 5m41s
117000K .......... .......... .......... .......... .......... 70%  384K 5m41s
117050K .......... .......... .......... .......... .......... 70%  167K 5m41s
117100K .......... .......... .......... .......... .......... 70%  148K 5m40s
117150K .......... .......... .......... .......... .......... 70%  350K 5m40s
117200K .......... .......... .......... .......... .......... 70%  114K 5m40s
117250K .......... .......... .......... .......... .......... 70%  144K 5m39s
117300K .......... .......... .......... .......... .......... 70%  257K 5m39s
117350K .......... .......... .......... .......... .......... 70%  173K 5m38s
117400K .......... .......... .......... .......... .......... 70%  246K 5m38s
117450K .......... .......... .......... .......... .......... 70%  333K 5m38s
117500K .......... .......... .......... .......... .......... 70%  389K 5m37s
117550K .......... .......... .......... .......... .......... 70%  308K 5m37s
117600K .......... .......... .......... .......... .......... 70%  143K 5m36s
117650K .......... .......... .......... .......... .......... 70%  119K 5m36s
117700K .......... .......... .......... .......... .......... 70%  111K 5m36s
117750K .......... .......... .......... .......... .......... 70%  518K 5m35s
117800K .......... .......... .......... .......... .......... 70%  186K 5m35s
117850K .......... .......... .......... .......... .......... 70%  150K 5m35s
117900K .......... .......... .......... .......... .......... 70%  359K 5m34s
117950K .......... .......... .......... .......... .......... 70%  844K 5m34s
118000K .......... .......... .......... .......... .......... 71%  425K 5m33s
118050K .......... .......... .......... .......... .......... 71%  167K 5m33s
118100K .......... .......... .......... .......... .......... 71%  273K 5m32s
118150K .......... .......... .......... .......... .......... 71%  468K 5m32s
118200K .......... .......... .......... .......... .......... 71%  569K 5m32s
118250K .......... .......... .......... .......... .......... 71%  519K 5m31s
118300K .......... .......... .......... .......... .......... 71%  310K 5m31s
118350K .......... .......... .......... .......... .......... 71%  222K 5m30s
118400K .......... .......... .......... .......... .......... 71%  277K 5m30s
118450K .......... .......... .......... .......... .......... 71%  370K 5m29s
118500K .......... .......... .......... .......... .......... 71%  595K 5m29s
118550K .......... .......... .......... .......... .......... 71%  324K 5m29s
118600K .......... .......... .......... .......... .......... 71%  150K 5m28s
118650K .......... .......... .......... .......... .......... 71%  366K 5m28s
118700K .......... .......... .......... .......... .......... 71%  202K 5m27s
118750K .......... .......... .......... .......... .......... 71%  389K 5m27s
118800K .......... .......... .......... .......... .......... 71%  731K 5m27s
118850K .......... .......... .......... .......... .......... 71%  339K 5m26s
118900K .......... .......... .......... .......... .......... 71%  121K 5m26s
118950K .......... .......... .......... .......... .......... 71%  333K 5m25s
119000K .......... .......... .......... .......... .......... 71%  615K 5m25s
119050K .......... .......... .......... .......... .......... 71%  264K 5m25s
119100K .......... .......... .......... .......... .......... 71%  267K 5m24s
119150K .......... .......... .......... .......... .......... 71%  348K 5m24s
119200K .......... .......... .......... .......... .......... 71%  230K 5m23s
119250K .......... .......... .......... .......... .......... 71%  435K 5m23s
119300K .......... .......... .......... .......... .......... 71%  488K 5m22s
119350K .......... .......... .......... .......... .......... 71%  190K 5m22s
119400K .......... .......... .......... .......... .......... 71%  307K 5m22s
119450K .......... .......... .......... .......... .......... 71%  218K 5m21s
119500K .......... .......... .......... .......... .......... 71%  525K 5m21s
119550K .......... .......... .......... .......... .......... 71%  188K 5m20s
119600K .......... .......... .......... .......... .......... 71%  158K 5m20s
119650K .......... .......... .......... .......... .......... 71%  353K 5m20s
119700K .......... .......... .......... .......... .......... 72%  110K 5m19s
119750K .......... .......... .......... .......... .......... 72%  232K 5m19s
119800K .......... .......... .......... .......... .......... 72%  191K 5m19s
119850K .......... .......... .......... .......... .......... 72% 87.5K 5m18s
119900K .......... .......... .......... .......... .......... 72%  459K 5m18s
119950K .......... .......... .......... .......... .......... 72%  320K 5m18s
120000K .......... .......... .......... .......... .......... 72%  157K 5m17s
120050K .......... .......... .......... .......... .......... 72%  418K 5m17s
120100K .......... .......... .......... .......... .......... 72%  193K 5m16s
120150K .......... .......... .......... .......... .......... 72%  112K 5m16s
120200K .......... .......... .......... .......... .......... 72%  107K 5m16s
120250K .......... .......... .......... .......... .......... 72%  306K 5m15s
120300K .......... .......... .......... .......... .......... 72%  164K 5m15s
120350K .......... .......... .......... .......... .......... 72%  104K 5m15s
120400K .......... .......... .......... .......... .......... 72%  176K 5m14s
120450K .......... .......... .......... .......... .......... 72%  392K 5m14s
120500K .......... .......... .......... .......... .......... 72%  192K 5m14s
120550K .......... .......... .......... .......... .......... 72%  181K 5m13s
120600K .......... .......... .......... .......... .......... 72%  340K 5m13s
120650K .......... .......... .......... .......... .......... 72%  267K 5m12s
120700K .......... .......... .......... .......... .......... 72%  197K 5m12s
120750K .......... .......... .......... .......... .......... 72%  183K 5m12s
120800K .......... .......... .......... .......... .......... 72%  277K 5m11s
120850K .......... .......... .......... .......... .......... 72%  257K 5m11s
120900K .......... .......... .......... .......... .......... 72%  292K 5m10s
120950K .......... .......... .......... .......... .......... 72%  290K 5m10s
121000K .......... .......... .......... .......... .......... 72%  162K 5m10s
121050K .......... .......... .......... .......... .......... 72%  175K 5m9s
121100K .......... .......... .......... .......... .......... 72%  170K 5m9s
121150K .......... .......... .......... .......... .......... 72%  141K 5m9s
121200K .......... .......... .......... .......... .......... 72%  324K 5m8s
121250K .......... .......... .......... .......... .......... 72%  213K 5m8s
121300K .......... .......... .......... .......... .......... 72%  325K 5m7s
121350K .......... .......... .......... .......... .......... 73%  450K 5m7s
121400K .......... .......... .......... .......... .......... 73%  125K 5m7s
121450K .......... .......... .......... .......... .......... 73%  222K 5m6s
121500K .......... .......... .......... .......... .......... 73%  360K 5m6s
121550K .......... .......... .......... .......... .......... 73%  152K 5m5s
121600K .......... .......... .......... .......... .......... 73%  160K 5m5s
121650K .......... .......... .......... .......... .......... 73%  309K 5m5s
121700K .......... .......... .......... .......... .......... 73%  158K 5m4s
121750K .......... .......... .......... .......... .......... 73%  319K 5m4s
121800K .......... .......... .......... .......... .......... 73%  470K 5m4s
121850K .......... .......... .......... .......... .......... 73%  311K 5m3s
121900K .......... .......... .......... .......... .......... 73%  369K 5m3s
121950K .......... .......... .......... .......... .......... 73%  134K 5m2s
122000K .......... .......... .......... .......... .......... 73%  297K 5m2s
122050K .......... .......... .......... .......... .......... 73%  279K 5m2s
122100K .......... .......... .......... .......... .......... 73%  348K 5m1s
122150K .......... .......... .......... .......... .......... 73%  328K 5m1s
122200K .......... .......... .......... .......... .......... 73%  278K 5m0s
122250K .......... .......... .......... .......... .......... 73%  136K 5m0s
122300K .......... .......... .......... .......... .......... 73%  378K 5m0s
122350K .......... .......... .......... .......... .......... 73%  237K 4m59s
122400K .......... .......... .......... .......... .......... 73%  509K 4m59s
122450K .......... .......... .......... .......... .......... 73%  163K 4m58s
122500K .......... .......... .......... .......... .......... 73%  199K 4m58s
122550K .......... .......... .......... .......... .......... 73%  448K 4m58s
122600K .......... .......... .......... .......... .......... 73%  226K 4m57s
122650K .......... .......... .......... .......... .......... 73%  196K 4m57s
122700K .......... .......... .......... .......... .......... 73%  389K 4m56s
122750K .......... .......... .......... .......... .......... 73%  206K 4m56s
122800K .......... .......... .......... .......... .......... 73%  363K 4m56s
122850K .......... .......... .......... .......... .......... 73%  212K 4m55s
122900K .......... .......... .......... .......... .......... 73%  625K 4m55s
122950K .......... .......... .......... .......... .......... 73%  143K 4m55s
123000K .......... .......... .......... .......... .......... 74%  241K 4m54s
123050K .......... .......... .......... .......... .......... 74% 57.8K 4m54s
123100K .......... .......... .......... .......... .......... 74%  477K 4m54s
123150K .......... .......... .......... .......... .......... 74%  115K 4m53s
123200K .......... .......... .......... .......... .......... 74% 82.0K 4m53s
123250K .......... .......... .......... .......... .......... 74%  109K 4m53s
123300K .......... .......... .......... .......... .......... 74%  108K 4m52s
123350K .......... .......... .......... .......... .......... 74%  353K 4m52s
123400K .......... .......... .......... .......... .......... 74%  131K 4m52s
123450K .......... .......... .......... .......... .......... 74%  417K 4m51s
123500K .......... .......... .......... .......... .......... 74%  188K 4m51s
123550K .......... .......... .......... .......... .......... 74%  511K 4m50s
123600K .......... .......... .......... .......... .......... 74%  141K 4m50s
123650K .......... .......... .......... .......... .......... 74%  356K 4m50s
123700K .......... .......... .......... .......... .......... 74%  211K 4m49s
123750K .......... .......... .......... .......... .......... 74%  210K 4m49s
123800K .......... .......... .......... .......... .......... 74%  537K 4m49s
123850K .......... .......... .......... .......... .......... 74% 75.8K 4m48s
123900K .......... .......... .......... .......... .......... 74%  314K 4m48s
123950K .......... .......... .......... .......... .......... 74%  217K 4m48s
124000K .......... .......... .......... .......... .......... 74%  577K 4m47s
124050K .......... .......... .......... .......... .......... 74%  172K 4m47s
124100K .......... .......... .......... .......... .......... 74%  116K 4m46s
124150K .......... .......... .......... .......... .......... 74%  150K 4m46s
124200K .......... .......... .......... .......... .......... 74%  435K 4m46s
124250K .......... .......... .......... .......... .......... 74%  244K 4m45s
124300K .......... .......... .......... .......... .......... 74%  444K 4m45s
124350K .......... .......... .......... .......... .......... 74%  253K 4m44s
124400K .......... .......... .......... .......... .......... 74%  442K 4m44s
124450K .......... .......... .......... .......... .......... 74%  267K 4m44s
124500K .......... .......... .......... .......... .......... 74%  129K 4m43s
124550K .......... .......... .......... .......... .......... 74%  133K 4m43s
124600K .......... .......... .......... .......... .......... 74%  186K 4m43s
124650K .......... .......... .......... .......... .......... 75%  618K 4m42s
124700K .......... .......... .......... .......... .......... 75%  369K 4m42s
124750K .......... .......... .......... .......... .......... 75%  378K 4m41s
124800K .......... .......... .......... .......... .......... 75%  505K 4m41s
124850K .......... .......... .......... .......... .......... 75%  105K 4m41s
124900K .......... .......... .......... .......... .......... 75%  268K 4m40s
124950K .......... .......... .......... .......... .......... 75%  600K 4m40s
125000K .......... .......... .......... .......... .......... 75%  257K 4m40s
125050K .......... .......... .......... .......... .......... 75%  432K 4m39s
125100K .......... .......... .......... .......... .......... 75%  254K 4m39s
125150K .......... .......... .......... .......... .......... 75%  499K 4m38s
125200K .......... .......... .......... .......... .......... 75% 69.2K 4m38s
125250K .......... .......... .......... .......... .......... 75%  399K 4m38s
125300K .......... .......... .......... .......... .......... 75% 96.6K 4m37s
125350K .......... .......... .......... .......... .......... 75%  365K 4m37s
125400K .......... .......... .......... .......... .......... 75%  524K 4m37s
125450K .......... .......... .......... .......... .......... 75%  285K 4m36s
125500K .......... .......... .......... .......... .......... 75%  426K 4m36s
125550K .......... .......... .......... .......... .......... 75% 92.6K 4m35s
125600K .......... .......... .......... .......... .......... 75%  240K 4m35s
125650K .......... .......... .......... .......... .......... 75%  126K 4m35s
125700K .......... .......... .......... .......... .......... 75%  187K 4m34s
125750K .......... .......... .......... .......... .......... 75%  105K 4m34s
125800K .......... .......... .......... .......... .......... 75% 86.2K 4m34s
125850K .......... .......... .......... .......... .......... 75%  392K 4m33s
125900K .......... .......... .......... .......... .......... 75%  266K 4m33s
125950K .......... .......... .......... .......... .......... 75% 90.3K 4m33s
126000K .......... .......... .......... .......... .......... 75%  199K 4m32s
126050K .......... .......... .......... .......... .......... 75%  329K 4m32s
126100K .......... .......... .......... .......... .......... 75%  519K 4m32s
126150K .......... .......... .......... .......... .......... 75%  238K 4m31s
126200K .......... .......... .......... .......... .......... 75%  110K 4m31s
126250K .......... .......... .......... .......... .......... 75%  378K 4m31s
126300K .......... .......... .......... .......... .......... 75%  451K 4m30s
126350K .......... .......... .......... .......... .......... 76%  472K 4m30s
126400K .......... .......... .......... .......... .......... 76% 64.6K 4m30s
126450K .......... .......... .......... .......... .......... 76% 56.7K 4m29s
126500K .......... .......... .......... .......... .......... 76%  113K 4m29s
126550K .......... .......... .......... .......... .......... 76% 84.7K 4m29s
126600K .......... .......... .......... .......... .......... 76% 52.3K 4m29s
126650K .......... .......... .......... .......... .......... 76% 48.8K 4m29s
126700K .......... .......... .......... .......... .......... 76%  253K 4m28s
126750K .......... .......... .......... .......... .......... 76% 55.7K 4m28s
126800K .......... .......... .......... .......... .......... 76%  355K 4m28s
126850K .......... .......... .......... .......... .......... 76%  334K 4m27s
126900K .......... .......... .......... .......... .......... 76%  307K 4m27s
126950K .......... .......... .......... .......... .......... 76%  232K 4m26s
127000K .......... .......... .......... .......... .......... 76%  688K 4m26s
127050K .......... .......... .......... .......... .......... 76%  219K 4m26s
127100K .......... .......... .......... .......... .......... 76%  121K 4m25s
127150K .......... .......... .......... .......... .......... 76%  202K 4m25s
127200K .......... .......... .......... .......... .......... 76%  149K 4m25s
127250K .......... .......... .......... .......... .......... 76%  451K 4m24s
127300K .......... .......... .......... .......... .......... 76%  391K 4m24s
127350K .......... .......... .......... .......... .......... 76%  243K 4m23s
127400K .......... .......... .......... .......... .......... 76%  177K 4m23s
127450K .......... .......... .......... .......... .......... 76%  164K 4m23s
127500K .......... .......... .......... .......... .......... 76%  298K 4m22s
127550K .......... .......... .......... .......... .......... 76%  141K 4m22s
127600K .......... .......... .......... .......... .......... 76%  169K 4m22s
127650K .......... .......... .......... .......... .......... 76%  156K 4m21s
127700K .......... .......... .......... .......... .......... 76%  175K 4m21s
127750K .......... .......... .......... .......... .......... 76%  140K 4m21s
127800K .......... .......... .......... .......... .......... 76%  496K 4m20s
127850K .......... .......... .......... .......... .......... 76%  130K 4m20s
127900K .......... .......... .......... .......... .......... 76%  208K 4m19s
127950K .......... .......... .......... .......... .......... 76%  196K 4m19s
128000K .......... .......... .......... .......... .......... 77%  138K 4m19s
128050K .......... .......... .......... .......... .......... 77%  133K 4m18s
128100K .......... .......... .......... .......... .......... 77%  275K 4m18s
128150K .......... .......... .......... .......... .......... 77%  409K 4m18s
128200K .......... .......... .......... .......... .......... 77%  197K 4m17s
128250K .......... .......... .......... .......... .......... 77%  317K 4m17s
128300K .......... .......... .......... .......... .......... 77%  183K 4m17s
128350K .......... .......... .......... .......... .......... 77%  142K 4m16s
128400K .......... .......... .......... .......... .......... 77%  144K 4m16s
128450K .......... .......... .......... .......... .......... 77%  180K 4m16s
128500K .......... .......... .......... .......... .......... 77%  424K 4m15s
128550K .......... .......... .......... .......... .......... 77%  319K 4m15s
128600K .......... .......... .......... .......... .......... 77%  572K 4m14s
128650K .......... .......... .......... .......... .......... 77%  283K 4m14s
128700K .......... .......... .......... .......... .......... 77%  112K 4m14s
128750K .......... .......... .......... .......... .......... 77% 94.5K 4m13s
128800K .......... .......... .......... .......... .......... 77%  398K 4m13s
128850K .......... .......... .......... .......... .......... 77%  168K 4m13s
128900K .......... .......... .......... .......... .......... 77%  279K 4m12s
128950K .......... .......... .......... .......... .......... 77%  287K 4m12s
129000K .......... .......... .......... .......... .......... 77%  121K 4m11s
129050K .......... .......... .......... .......... .......... 77%  182K 4m11s
129100K .......... .......... .......... .......... .......... 77%  182K 4m11s
129150K .......... .......... .......... .......... .......... 77% 71.7K 4m11s
129200K .......... .......... .......... .......... .......... 77%  403K 4m10s
129250K .......... .......... .......... .......... .......... 77%  228K 4m10s
129300K .......... .......... .......... .......... .......... 77%  159K 4m9s
129350K .......... .......... .......... .......... .......... 77%  170K 4m9s
129400K .......... .......... .......... .......... .......... 77% 65.4K 4m9s
129450K .......... .......... .......... .......... .......... 77%  101K 4m9s
129500K .......... .......... .......... .......... .......... 77%  163K 4m8s
129550K .......... .......... .......... .......... .......... 77%  449K 4m8s
129600K .......... .......... .......... .......... .......... 77% 77.5K 4m8s
129650K .......... .......... .......... .......... .......... 78%  198K 4m7s
129700K .......... .......... .......... .......... .......... 78%  196K 4m7s
129750K .......... .......... .......... .......... .......... 78%  153K 4m7s
129800K .......... .......... .......... .......... .......... 78%  127K 4m6s
129850K .......... .......... .......... .......... .......... 78%  105K 4m6s
129900K .......... .......... .......... .......... .......... 78%  194K 4m6s
129950K .......... .......... .......... .......... .......... 78%  254K 4m5s
130000K .......... .......... .......... .......... .......... 78%  172K 4m5s
130050K .......... .......... .......... .......... .......... 78%  110K 4m4s
130100K .......... .......... .......... .......... .......... 78%  697K 4m4s
130150K .......... .......... .......... .......... .......... 78% 75.9K 4m4s
130200K .......... .......... .......... .......... .......... 78%  125K 4m4s
130250K .......... .......... .......... .......... .......... 78%  426K 4m3s
130300K .......... .......... .......... .......... .......... 78%  173K 4m3s
130350K .......... .......... .......... .......... .......... 78%  107K 4m2s
130400K .......... .......... .......... .......... .......... 78%  169K 4m2s
130450K .......... .......... .......... .......... .......... 78%  184K 4m2s
130500K .......... .......... .......... .......... .......... 78%  181K 4m1s
130550K .......... .......... .......... .......... .......... 78%  147K 4m1s
130600K .......... .......... .......... .......... .......... 78%  133K 4m1s
130650K .......... .......... .......... .......... .......... 78%  110K 4m0s
130700K .......... .......... .......... .......... .......... 78%  162K 4m0s
130750K .......... .......... .......... .......... .......... 78%  151K 4m0s
130800K .......... .......... .......... .......... .......... 78%  239K 3m59s
130850K .......... .......... .......... .......... .......... 78%  201K 3m59s
130900K .......... .......... .......... .......... .......... 78%  191K 3m59s
130950K .......... .......... .......... .......... .......... 78% 56.0K 3m58s
131000K .......... .......... .......... .......... .......... 78%  588K 3m58s
131050K .......... .......... .......... .......... .......... 78%  201K 3m58s
131100K .......... .......... .......... .......... .......... 78%  431K 3m57s
131150K .......... .......... .......... .......... .......... 78%  763K 3m57s
131200K .......... .......... .......... .......... .......... 78%  200K 3m57s
131250K .......... .......... .......... .......... .......... 78%  710K 3m56s
131300K .......... .......... .......... .......... .......... 79%  447K 3m56s
131350K .......... .......... .......... .......... .......... 79%  298K 3m55s
131400K .......... .......... .......... .......... .......... 79%  163K 3m55s
131450K .......... .......... .......... .......... .......... 79%  447K 3m55s
131500K .......... .......... .......... .......... .......... 79%  253K 3m54s
131550K .......... .......... .......... .......... .......... 79%  453K 3m54s
131600K .......... .......... .......... .......... .......... 79%  428K 3m53s
131650K .......... .......... .......... .......... .......... 79%  411K 3m53s
131700K .......... .......... .......... .......... .......... 79%  327K 3m53s
131750K .......... .......... .......... .......... .......... 79%  206K 3m52s
131800K .......... .......... .......... .......... .......... 79%  409K 3m52s
131850K .......... .......... .......... .......... .......... 79%  335K 3m51s
131900K .......... .......... .......... .......... .......... 79%  397K 3m51s
131950K .......... .......... .......... .......... .......... 79%  317K 3m51s
132000K .......... .......... .......... .......... .......... 79%  195K 3m50s
132050K .......... .......... .......... .......... .......... 79%  214K 3m50s
132100K .......... .......... .......... .......... .......... 79%  367K 3m50s
132150K .......... .......... .......... .......... .......... 79%  223K 3m49s
132200K .......... .......... .......... .......... .......... 79%  371K 3m49s
132250K .......... .......... .......... .......... .......... 79%  620K 3m48s
132300K .......... .......... .......... .......... .......... 79%  199K 3m48s
132350K .......... .......... .......... .......... .......... 79%  410K 3m48s
132400K .......... .......... .......... .......... .......... 79%  153K 3m47s
132450K .......... .......... .......... .......... .......... 79%  331K 3m47s
132500K .......... .......... .......... .......... .......... 79%  129K 3m47s
132550K .......... .......... .......... .......... .......... 79%  443K 3m46s
132600K .......... .......... .......... .......... .......... 79%  706K 3m46s
132650K .......... .......... .......... .......... .......... 79%  179K 3m46s
132700K .......... .......... .......... .......... .......... 79%  554K 3m45s
132750K .......... .......... .......... .......... .......... 79%  146K 3m45s
132800K .......... .......... .......... .......... .......... 79%  230K 3m44s
132850K .......... .......... .......... .......... .......... 79%  331K 3m44s
132900K .......... .......... .......... .......... .......... 79%  238K 3m44s
132950K .......... .......... .......... .......... .......... 79%  346K 3m43s
133000K .......... .......... .......... .......... .......... 80%  242K 3m43s
133050K .......... .......... .......... .......... .......... 80%  152K 3m43s
133100K .......... .......... .......... .......... .......... 80%  442K 3m42s
133150K .......... .......... .......... .......... .......... 80%  332K 3m42s
133200K .......... .......... .......... .......... .......... 80%  450K 3m41s
133250K .......... .......... .......... .......... .......... 80%  387K 3m41s
133300K .......... .......... .......... .......... .......... 80%  349K 3m41s
133350K .......... .......... .......... .......... .......... 80%  345K 3m40s
133400K .......... .......... .......... .......... .......... 80%  187K 3m40s
133450K .......... .......... .......... .......... .......... 80%  205K 3m40s
133500K .......... .......... .......... .......... .......... 80%  410K 3m39s
133550K .......... .......... .......... .......... .......... 80%  153K 3m39s
133600K .......... .......... .......... .......... .......... 80%  210K 3m38s
133650K .......... .......... .......... .......... .......... 80%  290K 3m38s
133700K .......... .......... .......... .......... .......... 80%  236K 3m38s
133750K .......... .......... .......... .......... .......... 80%  160K 3m37s
133800K .......... .......... .......... .......... .......... 80%  110K 3m37s
133850K .......... .......... .......... .......... .......... 80%  175K 3m37s
133900K .......... .......... .......... .......... .......... 80%  188K 3m36s
133950K .......... .......... .......... .......... .......... 80%  114K 3m36s
134000K .......... .......... .......... .......... .......... 80%  147K 3m36s
134050K .......... .......... .......... .......... .......... 80%  378K 3m35s
134100K .......... .......... .......... .......... .......... 80%  263K 3m35s
134150K .......... .......... .......... .......... .......... 80%  114K 3m35s
134200K .......... .......... .......... .......... .......... 80%  301K 3m34s
134250K .......... .......... .......... .......... .......... 80%  159K 3m34s
134300K .......... .......... .......... .......... .......... 80%  560K 3m34s
134350K .......... .......... .......... .......... .......... 80%  256K 3m33s
134400K .......... .......... .......... .......... .......... 80%  595K 3m33s
134450K .......... .......... .......... .......... .......... 80%  395K 3m32s
134500K .......... .......... .......... .......... .......... 80%  252K 3m32s
134550K .......... .......... .......... .......... .......... 80%  185K 3m32s
134600K .......... .......... .......... .......... .......... 80%  283K 3m31s
134650K .......... .......... .......... .......... .......... 81% 77.4K 3m31s
134700K .......... .......... .......... .......... .......... 81%  182K 3m31s
134750K .......... .......... .......... .......... .......... 81%  168K 3m30s
134800K .......... .......... .......... .......... .......... 81%  176K 3m30s
134850K .......... .......... .......... .......... .......... 81%  108K 3m30s
134900K .......... .......... .......... .......... .......... 81%  167K 3m29s
134950K .......... .......... .......... .......... .......... 81%  260K 3m29s
135000K .......... .......... .......... .......... .......... 81%  309K 3m29s
135050K .......... .......... .......... .......... .......... 81%  196K 3m28s
135100K .......... .......... .......... .......... .......... 81%  221K 3m28s
135150K .......... .......... .......... .......... .......... 81%  767K 3m28s
135200K .......... .......... .......... .......... .......... 81%  110K 3m27s
135250K .......... .......... .......... .......... .......... 81%  169K 3m27s
135300K .......... .......... .......... .......... .......... 81%  599K 3m27s
135350K .......... .......... .......... .......... .......... 81%  657K 3m26s
135400K .......... .......... .......... .......... .......... 81%  725K 3m26s
135450K .......... .......... .......... .......... .......... 81%  389K 3m25s
135500K .......... .......... .......... .......... .......... 81%  142K 3m25s
135550K .......... .......... .......... .......... .......... 81%  125K 3m25s
135600K .......... .......... .......... .......... .......... 81%  152K 3m24s
135650K .......... .......... .......... .......... .......... 81%  922K 3m24s
135700K .......... .......... .......... .......... .......... 81%  118K 3m24s
135750K .......... .......... .......... .......... .......... 81%  308K 3m23s
135800K .......... .......... .......... .......... .......... 81%  203K 3m23s
135850K .......... .......... .......... .......... .......... 81% 88.5K 3m23s
135900K .......... .......... .......... .......... .......... 81%  113K 3m22s
135950K .......... .......... .......... .......... .......... 81%  451K 3m22s
136000K .......... .......... .......... .......... .......... 81%  214K 3m22s
136050K .......... .......... .......... .......... .......... 81%  170K 3m21s
136100K .......... .......... .......... .......... .......... 81% 68.6K 3m21s
136150K .......... .......... .......... .......... .......... 81%  191K 3m21s
136200K .......... .......... .......... .......... .......... 81%  235K 3m20s
136250K .......... .......... .......... .......... .......... 81%  178K 3m20s
136300K .......... .......... .......... .......... .......... 82%  150K 3m20s
136350K .......... .......... .......... .......... .......... 82%  624K 3m19s
136400K .......... .......... .......... .......... .......... 82%  269K 3m19s
136450K .......... .......... .......... .......... .......... 82%  546K 3m18s
136500K .......... .......... .......... .......... .......... 82% 98.2K 3m18s
136550K .......... .......... .......... .......... .......... 82%  114K 3m18s
136600K .......... .......... .......... .......... .......... 82% 76.1K 3m18s
136650K .......... .......... .......... .......... .......... 82%  290K 3m17s
136700K .......... .......... .......... .......... .......... 82%  356K 3m17s
136750K .......... .......... .......... .......... .......... 82%  126K 3m17s
136800K .......... .......... .......... .......... .......... 82%  616K 3m16s
136850K .......... .......... .......... .......... .......... 82%  254K 3m16s
136900K .......... .......... .......... .......... .......... 82%  175K 3m15s
136950K .......... .......... .......... .......... .......... 82%  324K 3m15s
137000K .......... .......... .......... .......... .......... 82%  168K 3m15s
137050K .......... .......... .......... .......... .......... 82%  278K 3m14s
137100K .......... .......... .......... .......... .......... 82%  116K 3m14s
137150K .......... .......... .......... .......... .......... 82% 80.8K 3m14s
137200K .......... .......... .......... .......... .......... 82%  766K 3m13s
137250K .......... .......... .......... .......... .......... 82%  462K 3m13s
137300K .......... .......... .......... .......... .......... 82%  113K 3m13s
137350K .......... .......... .......... .......... .......... 82%  386K 3m12s
137400K .......... .......... .......... .......... .......... 82%  411K 3m12s
137450K .......... .......... .......... .......... .......... 82%  295K 3m12s
137500K .......... .......... .......... .......... .......... 82% 90.9K 3m11s
137550K .......... .......... .......... .......... .......... 82%  514K 3m11s
137600K .......... .......... .......... .......... .......... 82%  478K 3m11s
137650K .......... .......... .......... .......... .......... 82%  660K 3m10s
137700K .......... .......... .......... .......... .......... 82% 67.4K 3m10s
137750K .......... .......... .......... .......... .......... 82%  387K 3m10s
137800K .......... .......... .......... .......... .......... 82%  132K 3m9s
137850K .......... .......... .......... .......... .......... 82%  163K 3m9s
137900K .......... .......... .......... .......... .......... 82% 47.6K 3m9s
137950K .......... .......... .......... .......... .......... 83%  352K 3m8s
138000K .......... .......... .......... .......... .......... 83%  102K 3m8s
138050K .......... .......... .......... .......... .......... 83%  360K 3m8s
138100K .......... .......... .......... .......... .......... 83%  351K 3m7s
138150K .......... .......... .......... .......... .......... 83%  361K 3m7s
138200K .......... .......... .......... .......... .......... 83%  174K 3m7s
138250K .......... .......... .......... .......... .......... 83%  355K 3m6s
138300K .......... .......... .......... .......... .......... 83%  125K 3m6s
138350K .......... .......... .......... .......... .......... 83%  237K 3m5s
138400K .......... .......... .......... .......... .......... 83%  414K 3m5s
138450K .......... .......... .......... .......... .......... 83%  106K 3m5s
138500K .......... .......... .......... .......... .......... 83%  244K 3m4s
138550K .......... .......... .......... .......... .......... 83% 69.3K 3m4s
138600K .......... .......... .......... .......... .......... 83%  100K 3m4s
138650K .......... .......... .......... .......... .......... 83%  124K 3m4s
138700K .......... .......... .......... .......... .......... 83%  115K 3m3s
138750K .......... .......... .......... .......... .......... 83% 98.2K 3m3s
138800K .......... .......... .......... .......... .......... 83%  332K 3m3s
138850K .......... .......... .......... .......... .......... 83% 83.9K 3m2s
138900K .......... .......... .......... .......... .......... 83%  627K 3m2s
138950K .......... .......... .......... .......... .......... 83%  221K 3m2s
139000K .......... .......... .......... .......... .......... 83%  216K 3m1s
139050K .......... .......... .......... .......... .......... 83%  149K 3m1s
139100K .......... .......... .......... .......... .......... 83%  271K 3m1s
139150K .......... .......... .......... .......... .......... 83%  272K 3m0s
139200K .......... .......... .......... .......... .......... 83%  345K 3m0s
139250K .......... .......... .......... .......... .......... 83%  638K 2m59s
139300K .......... .......... .......... .......... .......... 83%  206K 2m59s
139350K .......... .......... .......... .......... .......... 83%  363K 2m59s
139400K .......... .......... .......... .......... .......... 83%  399K 2m58s
139450K .......... .......... .......... .......... .......... 83%  353K 2m58s
139500K .......... .......... .......... .......... .......... 83%  331K 2m58s
139550K .......... .......... .......... .......... .......... 83%  265K 2m57s
139600K .......... .......... .......... .......... .......... 83%  194K 2m57s
139650K .......... .......... .......... .......... .......... 84%  348K 2m57s
139700K .......... .......... .......... .......... .......... 84%  265K 2m56s
139750K .......... .......... .......... .......... .......... 84%  274K 2m56s
139800K .......... .......... .......... .......... .......... 84%  286K 2m55s
139850K .......... .......... .......... .......... .......... 84%  266K 2m55s
139900K .......... .......... .......... .......... .......... 84%  216K 2m55s
139950K .......... .......... .......... .......... .......... 84%  209K 2m54s
140000K .......... .......... .......... .......... .......... 84%  493K 2m54s
140050K .......... .......... .......... .......... .......... 84%  242K 2m54s
140100K .......... .......... .......... .......... .......... 84%  253K 2m53s
140150K .......... .......... .......... .......... .......... 84%  254K 2m53s
140200K .......... .......... .......... .......... .......... 84% 87.6K 2m53s
140250K .......... .......... .......... .......... .......... 84%  339K 2m52s
140300K .......... .......... .......... .......... .......... 84%  255K 2m52s
140350K .......... .......... .......... .......... .......... 84% 69.2K 2m52s
140400K .......... .......... .......... .......... .......... 84%  559K 2m51s
140450K .......... .......... .......... .......... .......... 84%  283K 2m51s
140500K .......... .......... .......... .......... .......... 84%  462K 2m51s
140550K .......... .......... .......... .......... .......... 84%  532K 2m50s
140600K .......... .......... .......... .......... .......... 84%  316K 2m50s
140650K .......... .......... .......... .......... .......... 84%  142K 2m49s
140700K .......... .......... .......... .......... .......... 84%  138K 2m49s
140750K .......... .......... .......... .......... .......... 84%  336K 2m49s
140800K .......... .......... .......... .......... .......... 84%  358K 2m48s
140850K .......... .......... .......... .......... .......... 84%  188K 2m48s
140900K .......... .......... .......... .......... .......... 84%  469K 2m48s
140950K .......... .......... .......... .......... .......... 84%  295K 2m47s
141000K .......... .......... .......... .......... .......... 84%  320K 2m47s
141050K .......... .......... .......... .......... .......... 84%  138K 2m47s
141100K .......... .......... .......... .......... .......... 84%  130K 2m46s
141150K .......... .......... .......... .......... .......... 84%  109K 2m46s
141200K .......... .......... .......... .......... .......... 84% 79.8K 2m46s
141250K .......... .......... .......... .......... .......... 84%  542K 2m45s
141300K .......... .......... .......... .......... .......... 85% 85.8K 2m45s
141350K .......... .......... .......... .......... .......... 85%  257K 2m45s
141400K .......... .......... .......... .......... .......... 85%  136K 2m44s
141450K .......... .......... .......... .......... .......... 85%  243K 2m44s
141500K .......... .......... .......... .......... .......... 85%  302K 2m44s
141550K .......... .......... .......... .......... .......... 85%  457K 2m43s
141600K .......... .......... .......... .......... .......... 85%  292K 2m43s
141650K .......... .......... .......... .......... .......... 85%  150K 2m43s
141700K .......... .......... .......... .......... .......... 85%  156K 2m42s
141750K .......... .......... .......... .......... .......... 85%  458K 2m42s
141800K .......... .......... .......... .......... .......... 85%  120K 2m42s
141850K .......... .......... .......... .......... .......... 85%  338K 2m41s
141900K .......... .......... .......... .......... .......... 85%  136K 2m41s
141950K .......... .......... .......... .......... .......... 85%  412K 2m41s
142000K .......... .......... .......... .......... .......... 85%  130K 2m40s
142050K .......... .......... .......... .......... .......... 85%  195K 2m40s
142100K .......... .......... .......... .......... .......... 85%  299K 2m40s
142150K .......... .......... .......... .......... .......... 85%  167K 2m39s
142200K .......... .......... .......... .......... .......... 85%  114K 2m39s
142250K .......... .......... .......... .......... .......... 85%  474K 2m39s
142300K .......... .......... .......... .......... .......... 85%  298K 2m38s
142350K .......... .......... .......... .......... .......... 85%  148K 2m38s
142400K .......... .......... .......... .......... .......... 85%  729K 2m37s
142450K .......... .......... .......... .......... .......... 85% 75.5K 2m37s
142500K .......... .......... .......... .......... .......... 85%  147K 2m37s
142550K .......... .......... .......... .......... .......... 85%  387K 2m36s
142600K .......... .......... .......... .......... .......... 85%  288K 2m36s
142650K .......... .......... .......... .......... .......... 85%  268K 2m36s
142700K .......... .......... .......... .......... .......... 85%  373K 2m35s
142750K .......... .......... .......... .......... .......... 85%  231K 2m35s
142800K .......... .......... .......... .......... .......... 85%  168K 2m35s
142850K .......... .......... .......... .......... .......... 85%  508K 2m34s
142900K .......... .......... .......... .......... .......... 85%  230K 2m34s
142950K .......... .......... .......... .......... .......... 86% 93.0K 2m34s
143000K .......... .......... .......... .......... .......... 86%  320K 2m33s
143050K .......... .......... .......... .......... .......... 86%  201K 2m33s
143100K .......... .......... .......... .......... .......... 86%  115K 2m33s
143150K .......... .......... .......... .......... .......... 86%  327K 2m32s
143200K .......... .......... .......... .......... .......... 86% 81.5K 2m32s
143250K .......... .......... .......... .......... .......... 86%  151K 2m32s
143300K .......... .......... .......... .......... .......... 86%  233K 2m31s
143350K .......... .......... .......... .......... .......... 86% 82.5K 2m31s
143400K .......... .......... .......... .......... .......... 86% 66.0K 2m31s
143450K .......... .......... .......... .......... .......... 86% 41.8K 2m31s
143500K .......... .......... .......... .......... .......... 86% 45.7K 2m30s
143550K .......... .......... .......... .......... .......... 86% 87.1K 2m30s
143600K .......... .......... .......... .......... .......... 86%  219K 2m30s
143650K .......... .......... .......... .......... .......... 86% 56.9K 2m30s
143700K .......... .......... .......... .......... .......... 86% 24.9K 2m29s
143750K .......... .......... .......... .......... .......... 86%  455K 2m29s
143800K .......... .......... .......... .......... .......... 86%  144K 2m29s
143850K .......... .......... .......... .......... .......... 86%  258K 2m28s
143900K .......... .......... .......... .......... .......... 86% 48.7K 2m28s
143950K .......... .......... .......... .......... .......... 86% 22.3K 2m28s
144000K .......... .......... .......... .......... .......... 86% 37.3K 2m28s
144050K .......... .......... .......... .......... .......... 86% 33.1K 2m28s
144100K .......... .......... .......... .......... .......... 86% 52.9K 2m28s
144150K .......... .......... .......... .......... .......... 86% 25.1K 2m27s
144200K .......... .......... .......... .......... .......... 86%  127K 2m27s
144250K .......... .......... .......... .......... .......... 86% 33.6K 2m27s
144300K .......... .......... .......... .......... .......... 86% 85.5K 2m27s
144350K .......... .......... .......... .......... .......... 86%  131K 2m26s
144400K .......... .......... .......... .......... .......... 86% 79.0K 2m26s
144450K .......... .......... .......... .......... .......... 86% 84.6K 2m26s
144500K .......... .......... .......... .......... .......... 86%  115K 2m25s
144550K .......... .......... .......... .......... .......... 86%  134K 2m25s
144600K .......... .......... .......... .......... .......... 87%  233K 2m25s
144650K .......... .......... .......... .......... .......... 87% 78.6K 2m25s
144700K .......... .......... .......... .......... .......... 87% 82.7K 2m24s
144750K .......... .......... .......... .......... .......... 87% 62.4K 2m24s
144800K .......... .......... .......... .......... .......... 87%  429K 2m24s
144850K .......... .......... .......... .......... .......... 87% 72.7K 2m23s
144900K .......... .......... .......... .......... .......... 87% 53.4K 2m23s
144950K .......... .......... .......... .......... .......... 87% 53.6K 2m23s
145000K .......... .......... .......... .......... .......... 87% 30.5K 2m23s
145050K .......... .......... .......... .......... .......... 87% 24.8K 2m23s
145100K .......... .......... .......... .......... .......... 87% 42.8K 2m22s
145150K .......... .......... .......... .......... .......... 87% 31.7K 2m22s
145200K .......... .......... .......... .......... .......... 87% 52.7K 2m22s
145250K .......... .......... .......... .......... .......... 87% 41.6K 2m22s
145300K .......... .......... .......... .......... .......... 87% 57.4K 2m21s
145350K .......... .......... .......... .......... .......... 87% 23.6K 2m21s
145400K .......... .......... .......... .......... .......... 87% 55.7K 2m21s
145450K .......... .......... .......... .......... .......... 87% 28.8K 2m21s
145500K .......... .......... .......... .......... .......... 87% 39.1K 2m21s
145550K .......... .......... .......... .......... .......... 87% 63.2K 2m20s
145600K .......... .......... .......... .......... .......... 87% 82.5K 2m20s
145650K .......... .......... .......... .......... .......... 87%  269K 2m20s
145700K .......... .......... .......... .......... .......... 87% 52.8K 2m20s
145750K .......... .......... .......... .......... .......... 87% 41.1K 2m19s
145800K .......... .......... .......... .......... .......... 87% 69.0K 2m19s
145850K .......... .......... .......... .......... .......... 87% 82.2K 2m19s
145900K .......... .......... .......... .......... .......... 87% 27.9K 2m19s
145950K .......... .......... .......... .......... .......... 87% 62.5K 2m18s
146000K .......... .......... .......... .......... .......... 87% 39.2K 2m18s
146050K .......... .......... .......... .......... .......... 87% 33.7K 2m18s
146100K .......... .......... .......... .......... .......... 87% 25.5K 2m18s
146150K .......... .......... .......... .......... .......... 87% 23.2K 2m18s
146200K .......... .......... .......... .......... .......... 87% 95.9K 2m17s
146250K .......... .......... .......... .......... .......... 87% 39.6K 2m17s
146300K .......... .......... .......... .......... .......... 88% 28.8K 2m17s
146350K .......... .......... .......... .......... .......... 88% 40.9K 2m17s
146400K .......... .......... .......... .......... .......... 88% 36.5K 2m17s
146450K .......... .......... .......... .......... .......... 88% 32.3K 2m16s
146500K .......... .......... .......... .......... .......... 88% 90.4K 2m16s
146550K .......... .......... .......... .......... .......... 88% 74.5K 2m16s
146600K .......... .......... .......... .......... .......... 88% 31.2K 2m16s
146650K .......... .......... .......... .......... .......... 88% 60.2K 2m15s
146700K .......... .......... .......... .......... .......... 88% 43.0K 2m15s
146750K .......... .......... .......... .......... .......... 88% 45.2K 2m15s
146800K .......... .......... .......... .......... .......... 88% 32.9K 2m15s
146850K .......... .......... .......... .......... .......... 88% 23.0K 2m15s
146900K .......... .......... .......... .......... .......... 88% 27.5K 2m14s
146950K .......... .......... .......... .......... .......... 88% 35.9K 2m14s
147000K .......... .......... .......... .......... .......... 88% 71.6K 2m14s
147050K .......... .......... .......... .......... .......... 88% 51.4K 2m14s
147100K .......... .......... .......... .......... .......... 88% 50.1K 2m13s
147150K .......... .......... .......... .......... .......... 88% 26.0K 2m13s
147200K .......... .......... .......... .......... .......... 88% 86.2K 2m13s
147250K .......... .......... .......... .......... .......... 88% 78.9K 2m13s
147300K .......... .......... .......... .......... .......... 88%  108K 2m12s
147350K .......... .......... .......... .......... .......... 88% 23.7K 2m12s
147400K .......... .......... .......... .......... .......... 88% 71.5K 2m12s
147450K .......... .......... .......... .......... .......... 88%  419K 2m11s
147500K .......... .......... .......... .......... .......... 88%  494K 2m11s
147550K .......... .......... .......... .......... .......... 88%  472K 2m11s
147600K .......... .......... .......... .......... .......... 88%  554K 2m10s
147650K .......... .......... .......... .......... .......... 88%  751K 2m10s
147700K .......... .......... .......... .......... .......... 88%  296K 2m10s
147750K .......... .......... .......... .......... .......... 88%  670K 2m9s
147800K .......... .......... .......... .......... .......... 88%  214K 2m9s
147850K .......... .......... .......... .......... .......... 88%  351K 2m8s
147900K .......... .......... .......... .......... .......... 88%  181K 2m8s
147950K .......... .......... .......... .......... .......... 89%  270K 2m8s
148000K .......... .......... .......... .......... .......... 89%  259K 2m7s
148050K .......... .......... .......... .......... .......... 89%  390K 2m7s
148100K .......... .......... .......... .......... .......... 89%  294K 2m7s
148150K .......... .......... .......... .......... .......... 89%  529K 2m6s
148200K .......... .......... .......... .......... .......... 89%  253K 2m6s
148250K .......... .......... .......... .......... .......... 89%  131K 2m5s
148300K .......... .......... .......... .......... .......... 89%  451K 2m5s
148350K .......... .......... .......... .......... .......... 89%  414K 2m5s
148400K .......... .......... .......... .......... .......... 89%  257K 2m4s
148450K .......... .......... .......... .......... .......... 89%  377K 2m4s
148500K .......... .......... .......... .......... .......... 89%  331K 2m4s
148550K .......... .......... .......... .......... .......... 89%  410K 2m3s
148600K .......... .......... .......... .......... .......... 89%  170K 2m3s
148650K .......... .......... .......... .......... .......... 89%  840K 2m2s
148700K .......... .......... .......... .......... .......... 89%  338K 2m2s
148750K .......... .......... .......... .......... .......... 89%  514K 2m2s
148800K .......... .......... .......... .......... .......... 89%  547K 2m1s
148850K .......... .......... .......... .......... .......... 89%  320K 2m1s
148900K .......... .......... .......... .......... .......... 89%  282K 2m1s
148950K .......... .......... .......... .......... .......... 89%  465K 2m0s
149000K .......... .......... .......... .......... .......... 89%  599K 2m0s
149050K .......... .......... .......... .......... .......... 89%  539K 1m59s
149100K .......... .......... .......... .......... .......... 89%  488K 1m59s
149150K .......... .......... .......... .......... .......... 89%  455K 1m59s
149200K .......... .......... .......... .......... .......... 89%  138K 1m58s
149250K .......... .......... .......... .......... .......... 89%  435K 1m58s
149300K .......... .......... .......... .......... .......... 89%  160K 1m58s
149350K .......... .......... .......... .......... .......... 89%  277K 1m57s
149400K .......... .......... .......... .......... .......... 89%  361K 1m57s
149450K .......... .......... .......... .......... .......... 89%  468K 1m57s
149500K .......... .......... .......... .......... .......... 89%  269K 1m56s
149550K .......... .......... .......... .......... .......... 89%  356K 1m56s
149600K .......... .......... .......... .......... .......... 90%  517K 1m55s
149650K .......... .......... .......... .......... .......... 90%  541K 1m55s
149700K .......... .......... .......... .......... .......... 90%  171K 1m55s
149750K .......... .......... .......... .......... .......... 90%  481K 1m54s
149800K .......... .......... .......... .......... .......... 90%  419K 1m54s
149850K .......... .......... .......... .......... .......... 90%  394K 1m54s
149900K .......... .......... .......... .......... .......... 90%  247K 1m53s
149950K .......... .......... .......... .......... .......... 90%  357K 1m53s
150000K .......... .......... .......... .......... .......... 90%  607K 1m52s
150050K .......... .......... .......... .......... .......... 90%  316K 1m52s
150100K .......... .......... .......... .......... .......... 90%  311K 1m52s
150150K .......... .......... .......... .......... .......... 90%  305K 1m51s
150200K .......... .......... .......... .......... .......... 90%  645K 1m51s
150250K .......... .......... .......... .......... .......... 90%  285K 1m51s
150300K .......... .......... .......... .......... .......... 90%  458K 1m50s
150350K .......... .......... .......... .......... .......... 90%  358K 1m50s
150400K .......... .......... .......... .......... .......... 90%  280K 1m50s
150450K .......... .......... .......... .......... .......... 90%  439K 1m49s
150500K .......... .......... .......... .......... .......... 90%  366K 1m49s
150550K .......... .......... .......... .......... .......... 90%  311K 1m48s
150600K .......... .......... .......... .......... .......... 90%  305K 1m48s
150650K .......... .......... .......... .......... .......... 90%  279K 1m48s
150700K .......... .......... .......... .......... .......... 90%  503K 1m47s
150750K .......... .......... .......... .......... .......... 90%  556K 1m47s
150800K .......... .......... .......... .......... .......... 90%  152K 1m47s
150850K .......... .......... .......... .......... .......... 90%  425K 1m46s
150900K .......... .......... .......... .......... .......... 90%  299K 1m46s
150950K .......... .......... .......... .......... .......... 90%  341K 1m46s
151000K .......... .......... .......... .......... .......... 90%  558K 1m45s
151050K .......... .......... .......... .......... .......... 90%  612K 1m45s
151100K .......... .......... .......... .......... .......... 90%  340K 1m44s
151150K .......... .......... .......... .......... .......... 90%  328K 1m44s
151200K .......... .......... .......... .......... .......... 90%  365K 1m44s
151250K .......... .......... .......... .......... .......... 91%  569K 1m43s
151300K .......... .......... .......... .......... .......... 91%  195K 1m43s
151350K .......... .......... .......... .......... .......... 91%  204K 1m43s
151400K .......... .......... .......... .......... .......... 91%  253K 1m42s
151450K .......... .......... .......... .......... .......... 91%  389K 1m42s
151500K .......... .......... .......... .......... .......... 91%  217K 1m42s
151550K .......... .......... .......... .......... .......... 91%  141K 1m41s
151600K .......... .......... .......... .......... .......... 91% 62.5K 1m41s
151650K .......... .......... .......... .......... .......... 91% 98.0K 1m41s
151700K .......... .......... .......... .......... .......... 91%  254K 1m40s
151750K .......... .......... .......... .......... .......... 91%  171K 1m40s
151800K .......... .......... .......... .......... .......... 91%  209K 99s
151850K .......... .......... .......... .......... .......... 91%  174K 99s
151900K .......... .......... .......... .......... .......... 91%  135K 99s
151950K .......... .......... .......... .......... .......... 91%  101K 98s
152000K .......... .......... .......... .......... .......... 91%  158K 98s
152050K .......... .......... .......... .......... .......... 91%  222K 98s
152100K .......... .......... .......... .......... .......... 91%  259K 97s
152150K .......... .......... .......... .......... .......... 91%  449K 97s
152200K .......... .......... .......... .......... .......... 91%  150K 97s
152250K .......... .......... .......... .......... .......... 91%  223K 96s
152300K .......... .......... .......... .......... .......... 91%  270K 96s
152350K .......... .......... .......... .......... .......... 91%  196K 96s
152400K .......... .......... .......... .......... .......... 91%  157K 95s
152450K .......... .......... .......... .......... .......... 91%  122K 95s
152500K .......... .......... .......... .......... .......... 91%  258K 95s
152550K .......... .......... .......... .......... .......... 91%  136K 94s
152600K .......... .......... .......... .......... .......... 91% 46.9K 94s
152650K .......... .......... .......... .......... .......... 91% 68.7K 94s
152700K .......... .......... .......... .......... .......... 91% 70.1K 93s
152750K .......... .......... .......... .......... .......... 91% 83.2K 93s
152800K .......... .......... .......... .......... .......... 91%  323K 93s
152850K .......... .......... .......... .......... .......... 91%  221K 92s
152900K .......... .......... .......... .......... .......... 91%  205K 92s
152950K .......... .......... .......... .......... .......... 92%  115K 92s
153000K .......... .......... .......... .......... .......... 92%  197K 91s
153050K .......... .......... .......... .......... .......... 92%  250K 91s
153100K .......... .......... .......... .......... .......... 92%  219K 91s
153150K .......... .......... .......... .......... .......... 92%  165K 90s
153200K .......... .......... .......... .......... .......... 92%  192K 90s
153250K .......... .......... .......... .......... .......... 92% 67.6K 89s
153300K .......... .......... .......... .......... .......... 92%  162K 89s
153350K .......... .......... .......... .......... .......... 92%  137K 89s
153400K .......... .......... .......... .......... .......... 92%  345K 88s
153450K .......... .......... .......... .......... .......... 92%  101K 88s
153500K .......... .......... .......... .......... .......... 92%  210K 88s
153550K .......... .......... .......... .......... .......... 92%  316K 87s
153600K .......... .......... .......... .......... .......... 92% 92.9K 87s
153650K .......... .......... .......... .......... .......... 92% 80.5K 87s
153700K .......... .......... .......... .......... .......... 92% 61.4K 86s
153750K .......... .......... .......... .......... .......... 92%  286K 86s
153800K .......... .......... .......... .......... .......... 92%  172K 86s
153850K .......... .......... .......... .......... .......... 92% 95.2K 85s
153900K .......... .......... .......... .......... .......... 92% 51.8K 85s
153950K .......... .......... .......... .......... .......... 92%  291K 85s
154000K .......... .......... .......... .......... .......... 92%  114K 84s
154050K .......... .......... .......... .......... .......... 92%  124K 84s
154100K .......... .......... .......... .......... .......... 92%  143K 84s
154150K .......... .......... .......... .......... .......... 92% 57.6K 83s
154200K .......... .......... .......... .......... .......... 92%  153K 83s
154250K .......... .......... .......... .......... .......... 92%  206K 83s
154300K .......... .......... .......... .......... .......... 92%  265K 82s
154350K .......... .......... .......... .......... .......... 92%  129K 82s
154400K .......... .......... .......... .......... .......... 92%  339K 82s
154450K .......... .......... .......... .......... .......... 92% 68.2K 81s
154500K .......... .......... .......... .......... .......... 92%  183K 81s
154550K .......... .......... .......... .......... .......... 92%  109K 81s
154600K .......... .......... .......... .......... .......... 93%  143K 80s
154650K .......... .......... .......... .......... .......... 93%  301K 80s
154700K .......... .......... .......... .......... .......... 93% 39.6K 80s
154750K .......... .......... .......... .......... .......... 93% 44.3K 79s
154800K .......... .......... .......... .......... .......... 93%  191K 79s
154850K .......... .......... .......... .......... .......... 93% 62.0K 79s
154900K .......... .......... .......... .......... .......... 93% 53.1K 78s
154950K .......... .......... .......... .......... .......... 93%  111K 78s
155000K .......... .......... .......... .......... .......... 93%  337K 78s
155050K .......... .......... .......... .......... .......... 93% 75.3K 77s
155100K .......... .......... .......... .......... .......... 93%  131K 77s
155150K .......... .......... .......... .......... .......... 93%  159K 77s
155200K .......... .......... .......... .......... .......... 93%  207K 76s
155250K .......... .......... .......... .......... .......... 93% 48.8K 76s
155300K .......... .......... .......... .......... .......... 93%  328K 76s
155350K .......... .......... .......... .......... .......... 93% 90.7K 75s
155400K .......... .......... .......... .......... .......... 93%  182K 75s
155450K .......... .......... .......... .......... .......... 93% 85.9K 75s
155500K .......... .......... .......... .......... .......... 93%  159K 74s
155550K .......... .......... .......... .......... .......... 93%  281K 74s
155600K .......... .......... .......... .......... .......... 93% 90.0K 74s
155650K .......... .......... .......... .......... .......... 93% 1.02M 73s
155700K .......... .......... .......... .......... .......... 93%  347K 73s
155750K .......... .......... .......... .......... .......... 93%  451K 73s
155800K .......... .......... .......... .......... .......... 93%  516K 72s
155850K .......... .......... .......... .......... .......... 93%  440K 72s
155900K .......... .......... .......... .......... .......... 93% 96.7K 71s
155950K .......... .......... .......... .......... .......... 93%  564K 71s
156000K .......... .......... .......... .......... .......... 93%  261K 71s
156050K .......... .......... .......... .......... .......... 93%  123K 70s
156100K .......... .......... .......... .......... .......... 93%  137K 70s
156150K .......... .......... .......... .......... .......... 93%  434K 70s
156200K .......... .......... .......... .......... .......... 93%  182K 69s
156250K .......... .......... .......... .......... .......... 94%  142K 69s
156300K .......... .......... .......... .......... .......... 94%  346K 69s
156350K .......... .......... .......... .......... .......... 94%  555K 68s
156400K .......... .......... .......... .......... .......... 94%  556K 68s
156450K .......... .......... .......... .......... .......... 94%  164K 68s
156500K .......... .......... .......... .......... .......... 94% 74.5K 67s
156550K .......... .......... .......... .......... .......... 94%  109K 67s
156600K .......... .......... .......... .......... .......... 94%  203K 67s
156650K .......... .......... .......... .......... .......... 94%  320K 66s
156700K .......... .......... .......... .......... .......... 94%  168K 66s
156750K .......... .......... .......... .......... .......... 94%  245K 65s
156800K .......... .......... .......... .......... .......... 94%  474K 65s
156850K .......... .......... .......... .......... .......... 94%  179K 65s
156900K .......... .......... .......... .......... .......... 94%  166K 64s
156950K .......... .......... .......... .......... .......... 94%  430K 64s
157000K .......... .......... .......... .......... .......... 94%  349K 64s
157050K .......... .......... .......... .......... .......... 94%  173K 63s
157100K .......... .......... .......... .......... .......... 94%  165K 63s
157150K .......... .......... .......... .......... .......... 94%  133K 63s
157200K .......... .......... .......... .......... .......... 94%  416K 62s
157250K .......... .......... .......... .......... .......... 94%  250K 62s
157300K .......... .......... .......... .......... .......... 94%  431K 62s
157350K .......... .......... .......... .......... .......... 94%  124K 61s
157400K .......... .......... .......... .......... .......... 94%  273K 61s
157450K .......... .......... .......... .......... .......... 94%  269K 61s
157500K .......... .......... .......... .......... .......... 94%  275K 60s
157550K .......... .......... .......... .......... .......... 94%  165K 60s
157600K .......... .......... .......... .......... .......... 94%  226K 59s
157650K .......... .......... .......... .......... .......... 94%  172K 59s
157700K .......... .......... .......... .......... .......... 94%  170K 59s
157750K .......... .......... .......... .......... .......... 94%  327K 58s
157800K .......... .......... .......... .......... .......... 94%  352K 58s
157850K .......... .......... .......... .......... .......... 94%  228K 58s
157900K .......... .......... .......... .......... .......... 95%  200K 57s
157950K .......... .......... .......... .......... .......... 95%  268K 57s
158000K .......... .......... .......... .......... .......... 95%  415K 57s
158050K .......... .......... .......... .......... .......... 95% 77.4K 56s
158100K .......... .......... .......... .......... .......... 95%  382K 56s
158150K .......... .......... .......... .......... .......... 95%  261K 56s
158200K .......... .......... .......... .......... .......... 95%  219K 55s
158250K .......... .......... .......... .......... .......... 95%  549K 55s
158300K .......... .......... .......... .......... .......... 95%  172K 55s
158350K .......... .......... .......... .......... .......... 95%  518K 54s
158400K .......... .......... .......... .......... .......... 95%  275K 54s
158450K .......... .......... .......... .......... .......... 95%  157K 53s
158500K .......... .......... .......... .......... .......... 95%  214K 53s
158550K .......... .......... .......... .......... .......... 95%  261K 53s
158600K .......... .......... .......... .......... .......... 95%  139K 52s
158650K .......... .......... .......... .......... .......... 95%  284K 52s
158700K .......... .......... .......... .......... .......... 95%  272K 52s
158750K .......... .......... .......... .......... .......... 95%  188K 51s
158800K .......... .......... .......... .......... .......... 95%  216K 51s
158850K .......... .......... .......... .......... .......... 95% 96.9K 51s
158900K .......... .......... .......... .......... .......... 95%  700K 50s
158950K .......... .......... .......... .......... .......... 95%  285K 50s
159000K .......... .......... .......... .......... .......... 95%  446K 50s
159050K .......... .......... .......... .......... .......... 95%  205K 49s
159100K .......... .......... .......... .......... .......... 95%  268K 49s
159150K .......... .......... .......... .......... .......... 95%  289K 49s
159200K .......... .......... .......... .......... .......... 95%  335K 48s
159250K .......... .......... .......... .......... .......... 95%  189K 48s
159300K .......... .......... .......... .......... .......... 95%  397K 48s
159350K .......... .......... .......... .......... .......... 95%  152K 47s
159400K .......... .......... .......... .......... .......... 95%  275K 47s
159450K .......... .......... .......... .......... .......... 95%  313K 46s
159500K .......... .......... .......... .......... .......... 95%  122K 46s
159550K .......... .......... .......... .......... .......... 95%  150K 46s
159600K .......... .......... .......... .......... .......... 96%  177K 45s
159650K .......... .......... .......... .......... .......... 96%  205K 45s
159700K .......... .......... .......... .......... .......... 96% 63.6K 45s
159750K .......... .......... .......... .......... .......... 96%  289K 44s
159800K .......... .......... .......... .......... .......... 96%  357K 44s
159850K .......... .......... .......... .......... .......... 96% 90.3K 44s
159900K .......... .......... .......... .......... .......... 96%  154K 43s
159950K .......... .......... .......... .......... .......... 96%  103K 43s
160000K .......... .......... .......... .......... .......... 96%  893K 43s
160050K .......... .......... .......... .......... .......... 96%  111K 42s
160100K .......... .......... .......... .......... .......... 96%  235K 42s
160150K .......... .......... .......... .......... .......... 96%  345K 42s
160200K .......... .......... .......... .......... .......... 96%  675K 41s
160250K .......... .......... .......... .......... .......... 96%  437K 41s
160300K .......... .......... .......... .......... .......... 96%  395K 41s
160350K .......... .......... .......... .......... .......... 96%  238K 40s
160400K .......... .......... .......... .......... .......... 96%  261K 40s
160450K .......... .......... .......... .......... .......... 96%  241K 40s
160500K .......... .......... .......... .......... .......... 96%  152K 39s
160550K .......... .......... .......... .......... .......... 96%  332K 39s
160600K .......... .......... .......... .......... .......... 96%  102K 39s
160650K .......... .......... .......... .......... .......... 96%  120K 38s
160700K .......... .......... .......... .......... .......... 96%  140K 38s
160750K .......... .......... .......... .......... .......... 96%  185K 37s
160800K .......... .......... .......... .......... .......... 96%  325K 37s
160850K .......... .......... .......... .......... .......... 96%  191K 37s
160900K .......... .......... .......... .......... .......... 96%  404K 36s
160950K .......... .......... .......... .......... .......... 96%  190K 36s
161000K .......... .......... .......... .......... .......... 96%  242K 36s
161050K .......... .......... .......... .......... .......... 96% 91.9K 35s
161100K .......... .......... .......... .......... .......... 96%  142K 35s
161150K .......... .......... .......... .......... .......... 96%  216K 35s
161200K .......... .......... .......... .......... .......... 96%  118K 34s
161250K .......... .......... .......... .......... .......... 97%  423K 34s
161300K .......... .......... .......... .......... .......... 97%  278K 34s
161350K .......... .......... .......... .......... .......... 97%  417K 33s
161400K .......... .......... .......... .......... .......... 97%  200K 33s
161450K .......... .......... .......... .......... .......... 97%  254K 33s
161500K .......... .......... .......... .......... .......... 97%  271K 32s
161550K .......... .......... .......... .......... .......... 97%  145K 32s
161600K .......... .......... .......... .......... .......... 97%  373K 32s
161650K .......... .......... .......... .......... .......... 97%  589K 31s
161700K .......... .......... .......... .......... .......... 97%  279K 31s
161750K .......... .......... .......... .......... .......... 97%  438K 31s
161800K .......... .......... .......... .......... .......... 97%  188K 30s
161850K .......... .......... .......... .......... .......... 97%  151K 30s
161900K .......... .......... .......... .......... .......... 97%  657K 30s
161950K .......... .......... .......... .......... .......... 97%  164K 29s
162000K .......... .......... .......... .......... .......... 97%  394K 29s
162050K .......... .......... .......... .......... .......... 97%  192K 28s
162100K .......... .......... .......... .......... .......... 97% 69.9K 28s
162150K .......... .......... .......... .......... .......... 97%  354K 28s
162200K .......... .......... .......... .......... .......... 97% 94.9K 27s
162250K .......... .......... .......... .......... .......... 97%  204K 27s
162300K .......... .......... .......... .......... .......... 97%  120K 27s
162350K .......... .......... .......... .......... .......... 97%  136K 26s
162400K .......... .......... .......... .......... .......... 97%  218K 26s
162450K .......... .......... .......... .......... .......... 97%  207K 26s
162500K .......... .......... .......... .......... .......... 97%  190K 25s
162550K .......... .......... .......... .......... .......... 97%  170K 25s
162600K .......... .......... .......... .......... .......... 97%  302K 25s
162650K .......... .......... .......... .......... .......... 97%  435K 24s
162700K .......... .......... .......... .......... .......... 97%  245K 24s
162750K .......... .......... .......... .......... .......... 97%  439K 24s
162800K .......... .......... .......... .......... .......... 97%  501K 23s
162850K .......... .......... .......... .......... .......... 97%  279K 23s
162900K .......... .......... .......... .......... .......... 98% 73.8K 23s
162950K .......... .......... .......... .......... .......... 98%  235K 22s
163000K .......... .......... .......... .......... .......... 98%  146K 22s
163050K .......... .......... .......... .......... .......... 98% 94.8K 22s
163100K .......... .......... .......... .......... .......... 98%  560K 21s
163150K .......... .......... .......... .......... .......... 98%  400K 21s
163200K .......... .......... .......... .......... .......... 98%  176K 21s
163250K .......... .......... .......... .......... .......... 98%  296K 20s
163300K .......... .......... .......... .......... .......... 98%  103K 20s
163350K .......... .......... .......... .......... .......... 98% 98.4K 20s
163400K .......... .......... .......... .......... .......... 98%  268K 19s
163450K .......... .......... .......... .......... .......... 98% 76.8K 19s
163500K .......... .......... .......... .......... .......... 98%  136K 19s
163550K .......... .......... .......... .......... .......... 98%  409K 18s
163600K .......... .......... .......... .......... .......... 98%  236K 18s
163650K .......... .......... .......... .......... .......... 98%  554K 17s
163700K .......... .......... .......... .......... .......... 98%  205K 17s
163750K .......... .......... .......... .......... .......... 98%  129K 17s
163800K .......... .......... .......... .......... .......... 98% 64.6K 16s
163850K .......... .......... .......... .......... .......... 98% 91.4K 16s
163900K .......... .......... .......... .......... .......... 98% 40.3K 16s
163950K .......... .......... .......... .......... .......... 98%  120K 15s
164000K .......... .......... .......... .......... .......... 98%  552K 15s
164050K .......... .......... .......... .......... .......... 98%  149K 15s
164100K .......... .......... .......... .......... .......... 98%  101K 14s
164150K .......... .......... .......... .......... .......... 98%  387K 14s
164200K .......... .......... .......... .......... .......... 98% 62.4K 14s
164250K .......... .......... .......... .......... .......... 98% 66.1K 13s
164300K .......... .......... .......... .......... .......... 98%  124K 13s
164350K .......... .......... .......... .......... .......... 98%  416K 13s
164400K .......... .......... .......... .......... .......... 98% 65.6K 12s
164450K .......... .......... .......... .......... .......... 98% 50.0K 12s
164500K .......... .......... .......... .......... .......... 98%  240K 12s
164550K .......... .......... .......... .......... .......... 99% 65.6K 11s
164600K .......... .......... .......... .......... .......... 99% 42.7K 11s
164650K .......... .......... .......... .......... .......... 99% 45.5K 11s
164700K .......... .......... .......... .......... .......... 99%  130K 10s
164750K .......... .......... .......... .......... .......... 99% 61.9K 10s
164800K .......... .......... .......... .......... .......... 99%  139K 10s
164850K .......... .......... .......... .......... .......... 99%  173K 9s
164900K .......... .......... .......... .......... .......... 99% 63.0K 9s
164950K .......... .......... .......... .......... .......... 99% 71.2K 9s
165000K .......... .......... .......... .......... .......... 99%  129K 8s
165050K .......... .......... .......... .......... .......... 99% 64.5K 8s
165100K .......... .......... .......... .......... .......... 99%  445K 8s
165150K .......... .......... .......... .......... .......... 99% 73.2K 7s
165200K .......... .......... .......... .......... .......... 99%  570K 7s
165250K .......... .......... .......... .......... .......... 99%  229K 7s
165300K .......... .......... .......... .......... .......... 99%  110K 6s
165350K .......... .......... .......... .......... .......... 99% 65.9K 6s
165400K .......... .......... .......... .......... .......... 99% 61.1K 6s
165450K .......... .......... .......... .......... .......... 99% 89.3K 5s
165500K .......... .......... .......... .......... .......... 99% 42.5K 5s
165550K .......... .......... .......... .......... .......... 99%  142K 5s
165600K .......... .......... .......... .......... .......... 99% 46.6K 4s
165650K .......... .......... .......... .......... .......... 99% 42.8K 4s
165700K .......... .......... .......... .......... .......... 99% 34.8K 3s
165750K .......... .......... .......... .......... .......... 99%  101K 3s
165800K .......... .......... .......... .......... .......... 99%  346K 3s
165850K .......... .......... .......... .......... .......... 99% 59.0K 2s
165900K .......... .......... .......... .......... .......... 99%  132K 2s
165950K .......... .......... .......... .......... .......... 99%  374K 2s
166000K .......... .......... .......... .......... .......... 99% 26.6K 1s
166050K .......... .......... .......... .......... .......... 99%  562K 1s
166100K .......... .......... .......... .......... .......... 99% 66.4K 1s
166150K .......... .......... .......... .......... .......... 99% 75.4K 0s
166200K .......... .......... .......... .......... .......... 99%  113K 0s
166250K ...                                                   100% 6.01T=19m12s

build_microbes_db.sh: line 103: makeblastdb: command not found
