
     0K .......... .......... .......... .......... ..........  0%  701K 8s
    50K .......... .......... .......... .......... ..........  1%  211K 18s
   100K .......... .......... .......... .......... ..........  2%  382K 17s
   150K .......... .......... .......... .......... ..........  3%  363K 16s
   200K .......... .......... .......... .......... ..........  4%  762K 14s
   250K .......... .......... .......... .......... ..........  5%  483K 14s
   300K .......... .......... .......... .......... ..........  6%  437K 13s
   350K .......... .......... .......... .......... ..........  6%  637K 13s
   400K .......... .......... .......... .......... ..........  7%  426K 13s
   450K .......... .......... .......... .......... ..........  8%  242K 13s
   500K .......... .......... .......... .......... ..........  9%  260K 14s
   550K .......... .......... .......... .......... .......... 10%  516K 13s
   600K .......... .......... .......... .......... .......... 11%  320K 14s
   650K .......... .......... .......... .......... .......... 12%  238K 14s
   700K .......... .......... .......... .......... .......... 12%  460K 14s
   750K .......... .......... .......... .......... .......... 13%  238K 14s
   800K .......... .......... .......... .......... .......... 14%  336K 14s
   850K .......... .......... .......... .......... .......... 15%  315K 14s
   900K .......... .......... .......... .......... .......... 16%  325K 14s
   950K .......... .......... .......... .......... .......... 17%  132K 15s
  1000K .......... .......... .......... .......... .......... 18%  402K 14s
  1050K .......... .......... .......... .......... .......... 18%  283K 14s
  1100K .......... .......... .......... .......... .......... 19%  179K 15s
  1150K .......... .......... .......... .......... .......... 20%  455K 14s
  1200K .......... .......... .......... .......... .......... 21%  259K 14s
  1250K .......... .......... .......... .......... .......... 22%  341K 14s
  1300K .......... .......... .......... .......... .......... 23%  291K 14s
  1350K .......... .......... .......... .......... .......... 24%  273K 14s
  1400K .......... .......... .......... .......... .......... 24%  732K 14s
  1450K .......... .......... .......... .......... .......... 25%  130K 14s
  1500K .......... .......... .......... .......... .......... 26%  438K 14s
  1550K .......... .......... .......... .......... .......... 27%  701K 13s
  1600K .......... .......... .......... .......... .......... 28%  201K 13s
  1650K .......... .......... .......... .......... .......... 29%  976K 13s
  1700K .......... .......... .......... .......... .......... 30%  114K 14s
  1750K .......... .......... .......... .......... .......... 31%  234K 13s
  1800K .......... .......... .......... .......... .......... 31%  176K 14s
  1850K .......... .......... .......... .......... .......... 32%  249K 13s
  1900K .......... .......... .......... .......... .......... 33%  151K 14s
  1950K .......... .......... .......... .......... .......... 34%  299K 13s
  2000K .......... .......... .......... .......... .......... 35%  377K 13s
  2050K .......... .......... .......... .......... .......... 36%  222K 13s
  2100K .......... .......... .......... .......... .......... 37%  422K 13s
  2150K .......... .......... .......... .......... .......... 37%  261K 13s
  2200K .......... .......... .......... .......... .......... 38%  524K 12s
  2250K .......... .......... .......... .......... .......... 39%  311K 12s
  2300K .......... .......... .......... .......... .......... 40%  299K 12s
  2350K .......... .......... .......... .......... .......... 41%  127K 12s
  2400K .......... .......... .......... .......... .......... 42%  797K 12s
  2450K .......... .......... .......... .......... .......... 43%  294K 12s
  2500K .......... .......... .......... .......... .......... 43%  282K 11s
  2550K .......... .......... .......... .......... .......... 44%  216K 11s
  2600K .......... .......... .......... .......... .......... 45%  177K 11s
  2650K .......... .......... .......... .......... .......... 46%  213K 11s
  2700K .......... .......... .......... .......... .......... 47%  143K 11s
  2750K .......... .......... .......... .......... .......... 48%  414K 11s
  2800K .......... .......... .......... .......... .......... 49%  339K 11s
  2850K .......... .......... .......... .......... .......... 49%  405K 10s
  2900K .......... .......... .......... .......... .......... 50%  321K 10s
  2950K .......... .......... .......... .......... .......... 51%  222K 10s
  3000K .......... .......... .......... .......... .......... 52%  498K 10s
  3050K .......... .......... .......... .......... .......... 53%  226K 10s
  3100K .......... .......... .......... .......... .......... 54%  346K 9s
  3150K .......... .......... .......... .......... .......... 55%  315K 9s
  3200K .......... .......... .......... .......... .......... 56%  275K 9s
  3250K .......... .......... .......... .......... .......... 56%  640K 9s
  3300K .......... .......... .......... .......... .......... 57%  371K 9s
  3350K .......... .......... .......... .......... .......... 58%  301K 8s
  3400K .......... .......... .......... .......... .......... 59%  234K 8s
  3450K .......... .......... .......... .......... .......... 60%  481K 8s
  3500K .......... .......... .......... .......... .......... 61%  334K 8s
  3550K .......... .......... .......... .......... .......... 62%  464K 8s
  3600K .......... .......... .......... .......... .......... 62%  302K 8s
  3650K .......... .......... .......... .......... .......... 63%  397K 7s
  3700K .......... .......... .......... .......... .......... 64%  286K 7s
  3750K .......... .......... .......... .......... .......... 65%  260K 7s
  3800K .......... .......... .......... .......... .......... 66%  549K 7s
  3850K .......... .......... .......... .......... .......... 67%  217K 7s
  3900K .......... .......... .......... .......... .......... 68%  250K 6s
  3950K .......... .......... .......... .......... .......... 68%  116K 6s
  4000K .......... .......... .......... .......... .......... 69%  256K 6s
  4050K .......... .......... .......... .......... .......... 70%  193K 6s
  4100K .......... .......... .......... .......... .......... 71%  184K 6s
  4150K .......... .......... .......... .......... .......... 72%  424K 6s
  4200K .......... .......... .......... .......... .......... 73%  106K 6s
  4250K .......... .......... .......... .......... .......... 74%  650K 5s
  4300K .......... .......... .......... .......... .......... 74%  451K 5s
  4350K .......... .......... .......... .......... .......... 75%  218K 5s
  4400K .......... .......... .......... .......... .......... 76%  188K 5s
  4450K .......... .......... .......... .......... .......... 77%  179K 5s
  4500K .......... .......... .......... .......... .......... 78%  510K 5s
  4550K .......... .......... .......... .......... .......... 79%  574K 4s
  4600K .......... .......... .......... .......... .......... 80%  137K 4s
  4650K .......... .......... .......... .......... .......... 80%  488K 4s
  4700K .......... .......... .......... .......... .......... 81%  160K 4s
  4750K .......... .......... .......... .......... .......... 82%  559K 4s
  4800K .......... .......... .......... .......... .......... 83%  117K 4s
  4850K .......... .......... .......... .......... .......... 84% 95.6K 3s
  4900K .......... .......... .......... .......... .......... 85%  620K 3s
  4950K .......... .......... .......... .......... .......... 86%  517K 3s
  5000K .......... .......... .......... .......... .......... 87%  214K 3s
  5050K .......... .......... .......... .......... .......... 87% 49.1K 3s
  5100K .......... .......... .......... .......... .......... 88%  116K 3s
  5150K .......... .......... .......... .......... .......... 89%  383K 2s
  5200K .......... .......... .......... .......... .......... 90%  154K 2s
  5250K .......... .......... .......... .......... .......... 91%  563K 2s
  5300K .......... .......... .......... .......... .......... 92%  578K 2s
  5350K .......... .......... .......... .......... .......... 93%  192K 2s
  5400K .......... .......... .......... .......... .......... 93% 79.3K 1s
  5450K .......... .......... .......... .......... .......... 94%  144K 1s
  5500K .......... .......... .......... .......... .......... 95%  170K 1s
  5550K .......... .......... .......... .......... .......... 96% 75.5K 1s
  5600K .......... .......... .......... .......... .......... 97% 97.2K 1s
  5650K .......... .......... .......... .......... .......... 98%  562K 0s
  5700K .......... .......... .......... .......... .......... 99%  291K 0s
  5750K .......... .......... .......... .......... .......... 99%  160K 0s
  5800K ...                                                   100% 5.94T=24s


     0K .......... .......... .......... .......... ..........  2%  877K 2s
    50K .......... .......... .......... .......... ..........  5%  599K 2s
   100K .......... .......... .......... .......... ..........  8%  197K 4s
   150K .......... .......... .......... .......... .......... 11%  197K 5s
   200K .......... .......... .......... .......... .......... 14%  456K 5s
   250K .......... .......... .......... .......... .......... 17%  379K 4s
   300K .......... .......... .......... .......... .......... 20%  473K 4s
   350K .......... .......... .......... .......... .......... 22%  812K 4s
   400K .......... .......... .......... .......... .......... 25%  170K 4s
   450K .......... .......... .......... .......... .......... 28%  187K 4s
   500K .......... .......... .......... .......... .......... 31%  296K 4s
   550K .......... .......... .......... .......... .......... 34%  377K 4s
   600K .......... .......... .......... .......... .......... 37%  705K 3s
   650K .......... .......... .......... .......... .......... 40%  200K 3s
   700K .......... .......... .......... .......... .......... 42%  587K 3s
   750K .......... .......... .......... .......... .......... 45%  445K 3s
   800K .......... .......... .......... .......... .......... 48%  139K 3s
   850K .......... .......... .......... .......... .......... 51%  135K 3s
   900K .......... .......... .......... .......... .......... 54%  198K 3s
   950K .......... .......... .......... .......... .......... 57%  338K 3s
  1000K .......... .......... .......... .......... .......... 60%  650K 2s
  1050K .......... .......... .......... .......... .......... 63%  179K 2s
  1100K .......... .......... .......... .......... .......... 65%  407K 2s
  1150K .......... .......... .......... .......... .......... 68%  181K 2s
  1200K .......... .......... .......... .......... .......... 71%  283K 2s
  1250K .......... .......... .......... .......... .......... 74%  144K 2s
  1300K .......... .......... .......... .......... .......... 77%  410K 1s
  1350K .......... .......... .......... .......... .......... 80%  342K 1s
  1400K .......... .......... .......... .......... .......... 83%  324K 1s
  1450K .......... .......... .......... .......... .......... 85%  138K 1s
  1500K .......... .......... .......... .......... .......... 88%  490K 1s
  1550K .......... .......... .......... .......... .......... 91%  266K 1s
  1600K .......... .......... .......... .......... .......... 94%  141K 0s
  1650K .......... .......... .......... .......... .......... 97%  949K 0s
  1700K .......... .......... .......... .......... .....     100%  136K=6.7s


     0K .......... .......... .......... .......... ..........  3%  811K 2s
    50K .......... .......... .......... .......... ..........  7%  371K 2s
   100K .......... .......... .......... .......... .......... 11%  598K 2s
   150K .......... .......... .......... .......... .......... 14%  280K 3s
   200K .......... .......... .......... .......... .......... 18%  670K 2s
   250K .......... .......... .......... .......... .......... 22%  215K 3s
   300K .......... .......... .......... .......... .......... 25%  622K 2s
   350K .......... .......... .......... .......... .......... 29%  251K 2s
   400K .......... .......... .......... .......... .......... 33%  385K 2s
   450K .......... .......... .......... .......... .......... 37%  183K 2s
   500K .......... .......... .......... .......... .......... 40%  586K 2s
   550K .......... .......... .......... .......... .......... 44%  209K 2s
   600K .......... .......... .......... .......... .......... 48%  390K 2s
   650K .......... .......... .......... .......... .......... 51%  328K 2s
   700K .......... .......... .......... .......... .......... 55%  206K 2s
   750K .......... .......... .......... .......... .......... 59%  459K 2s
   800K .......... .......... .......... .......... .......... 63%  210K 2s
   850K .......... .......... .......... .......... .......... 66% 73.0K 2s
   900K .......... .......... .......... .......... .......... 70%  263K 1s
   950K .......... .......... .......... .......... .......... 74%  346K 1s
  1000K .......... .......... .......... .......... .......... 77%  409K 1s
  1050K .......... .......... .......... .......... .......... 81%  447K 1s
  1100K .......... .......... .......... .......... .......... 85%  169K 1s
  1150K .......... .......... .......... .......... .......... 89%  126K 1s
  1200K .......... .......... .......... .......... .......... 92%  445K 0s
  1250K .......... .......... .......... .......... .......... 96%  422K 0s
  1300K .......... .......... .......... .......... .......   100%  247K=5.0s


     0K .......... .......... .......... .......... ..........  6%  475K 2s
    50K .......... .......... .......... .......... .......... 13%  276K 2s
   100K .......... .......... .......... .......... .......... 19%  137K 3s
   150K .......... .......... .......... .......... .......... 26%  444K 2s
   200K .......... .......... .......... .......... .......... 32%  727K 2s
   250K .......... .......... .......... .......... .......... 39%  390K 2s
   300K .......... .......... .......... .......... .......... 45%  674K 1s
   350K .......... .......... .......... .......... .......... 52%  757K 1s
   400K .......... .......... .......... .......... .......... 58%  348K 1s
   450K .......... .......... .......... .......... .......... 65% 71.5K 1s
   500K .......... .......... .......... .......... .......... 71% 89.2K 1s
   550K .......... .......... .......... .......... .......... 78%  211K 1s
   600K .......... .......... .......... .......... .......... 84%  356K 1s
   650K .......... .......... .......... .......... .......... 91%  143K 0s
   700K .......... .......... .......... .......... .......... 97%  301K 0s
   750K .......... ........                                   100% 54.5K=3.7s


     0K .......... .......... .......... .......... ..........  1% 1.10M 3s
    50K .......... .......... .......... .......... ..........  2%  723K 4s
   100K .......... .......... .......... .......... ..........  3%  180K 9s
   150K .......... .......... .......... .......... ..........  5%  322K 10s
   200K .......... .......... .......... .......... ..........  6%  524K 9s
   250K .......... .......... .......... .......... ..........  7%  271K 10s
   300K .......... .......... .......... .......... ..........  9%  826K 9s
   350K .......... .......... .......... .......... .......... 10%  399K 8s
   400K .......... .......... .......... .......... .......... 11%  183K 9s
   450K .......... .......... .......... .......... .......... 13%  203K 10s
   500K .......... .......... .......... .......... .......... 14%  304K 10s
   550K .......... .......... .......... .......... .......... 15%  643K 9s
   600K .......... .......... .......... .......... .......... 17%  308K 9s
   650K .......... .......... .......... .......... .......... 18%  147K 10s
   700K .......... .......... .......... .......... .......... 19% 74.4K 12s
   750K .......... .......... .......... .......... .......... 21%  187K 12s
   800K .......... .......... .......... .......... .......... 22%  376K 11s
   850K .......... .......... .......... .......... .......... 23%  295K 11s
   900K .......... .......... .......... .......... .......... 25%  105K 12s
   950K .......... .......... .......... .......... .......... 26%  214K 12s
  1000K .......... .......... .......... .......... .......... 27%  117K 12s
  1050K .......... .......... .......... .......... .......... 29%  682K 11s
  1100K .......... .......... .......... .......... .......... 30%  141K 12s
  1150K .......... .......... .......... .......... .......... 31%  373K 11s
  1200K .......... .......... .......... .......... .......... 33%  145K 11s
  1250K .......... .......... .......... .......... .......... 34%  178K 11s
  1300K .......... .......... .......... .......... .......... 35%  302K 11s
  1350K .......... .......... .......... .......... .......... 37%  321K 10s
  1400K .......... .......... .......... .......... .......... 38%  269K 10s
  1450K .......... .......... .......... .......... .......... 39%  143K 10s
  1500K .......... .......... .......... .......... .......... 41%  338K 10s
  1550K .......... .......... .......... .......... .......... 42%  194K 10s
  1600K .......... .......... .......... .......... .......... 43%  129K 10s
  1650K .......... .......... .......... .......... .......... 45%  219K 9s
  1700K .......... .......... .......... .......... .......... 46%  209K 9s
  1750K .......... .......... .......... .......... .......... 47%  231K 9s
  1800K .......... .......... .......... .......... .......... 49%  325K 9s
  1850K .......... .......... .......... .......... .......... 50%  131K 8s
  1900K .......... .......... .......... .......... .......... 51%  123K 8s
  1950K .......... .......... .......... .......... .......... 53%  336K 8s
  2000K .......... .......... .......... .......... .......... 54%  188K 8s
  2050K .......... .......... .......... .......... .......... 55%  439K 8s
  2100K .......... .......... .......... .......... .......... 57%  247K 7s
  2150K .......... .......... .......... .......... .......... 58%  135K 7s
  2200K .......... .......... .......... .......... .......... 59%  301K 7s
  2250K .......... .......... .......... .......... .......... 61%  514K 7s
  2300K .......... .......... .......... .......... .......... 62%  157K 6s
  2350K .......... .......... .......... .......... .......... 63%  120K 6s
  2400K .......... .......... .......... .......... .......... 65%  686K 6s
  2450K .......... .......... .......... .......... .......... 66%  367K 6s
  2500K .......... .......... .......... .......... .......... 67%  202K 6s
  2550K .......... .......... .......... .......... .......... 69%  572K 5s
  2600K .......... .......... .......... .......... .......... 70%  178K 5s
  2650K .......... .......... .......... .......... .......... 71%  138K 5s
  2700K .......... .......... .......... .......... .......... 73%  246K 5s
  2750K .......... .......... .......... .......... .......... 74%  360K 4s
  2800K .......... .......... .......... .......... .......... 75%  351K 4s
  2850K .......... .......... .......... .......... .......... 77%  232K 4s
  2900K .......... .......... .......... .......... .......... 78%  386K 4s
  2950K .......... .......... .......... .......... .......... 79%  217K 3s
  3000K .......... .......... .......... .......... .......... 81%  175K 3s
  3050K .......... .......... .......... .......... .......... 82%  182K 3s
  3100K .......... .......... .......... .......... .......... 83%  174K 3s
  3150K .......... .......... .......... .......... .......... 85%  482K 2s
  3200K .......... .......... .......... .......... .......... 86% 83.9K 2s
  3250K .......... .......... .......... .......... .......... 87%  810K 2s
  3300K .......... .......... .......... .......... .......... 89%  137K 2s
  3350K .......... .......... .......... .......... .......... 90%  408K 2s
  3400K .......... .......... .......... .......... .......... 91%  399K 1s
  3450K .......... .......... .......... .......... .......... 93%  258K 1s
  3500K .......... .......... .......... .......... .......... 94% 89.2K 1s
  3550K .......... .......... .......... .......... .......... 95%  347K 1s
  3600K .......... .......... .......... .......... .......... 97%  177K 0s
  3650K .......... .......... .......... .......... .......... 98% 53.1K 0s
  3700K .......... .......... .......... .......... .......... 99%  350K 0s
  3750K ...                                                   100% 6.29T=18s


     0K .......... .......... .......... .......... ..........  1%  824K 5s
    50K .......... .......... .......... .......... ..........  2%  474K 7s
   100K .......... .......... .......... .......... ..........  3%  174K 13s
   150K .......... .......... .......... .......... ..........  4%  603K 11s
   200K .......... .......... .......... .......... ..........  5%  223K 13s
   250K .......... .......... .......... .......... ..........  6%  468K 12s
   300K .......... .......... .......... .......... ..........  7%  230K 13s
   350K .......... .......... .......... .......... ..........  9%  232K 13s
   400K .......... .......... .......... .......... .......... 10%  292K 13s
   450K .......... .......... .......... .......... .......... 11%  168K 14s
   500K .......... .......... .......... .......... .......... 12%  624K 13s
   550K .......... .......... .......... .......... .......... 13%  120K 14s
   600K .......... .......... .......... .......... .......... 14%  204K 15s
   650K .......... .......... .......... .......... .......... 15%  385K 14s
   700K .......... .......... .......... .......... .......... 16%  191K 14s
   750K .......... .......... .......... .......... .......... 18%  505K 14s
   800K .......... .......... .......... .......... .......... 19%  344K 13s
   850K .......... .......... .......... .......... .......... 20%  296K 13s
   900K .......... .......... .......... .......... .......... 21%  168K 13s
   950K .......... .......... .......... .......... .......... 22% 58.7K 15s
  1000K .......... .......... .......... .......... .......... 23% 75.6K 16s
  1050K .......... .......... .......... .......... .......... 24%  210K 16s
  1100K .......... .......... .......... .......... .......... 25%  108K 17s
  1150K .......... .......... .......... .......... .......... 27%  625K 16s
  1200K .......... .......... .......... .......... .......... 28% 86.8K 16s
  1250K .......... .......... .......... .......... .......... 29%  287K 16s
  1300K .......... .......... .......... .......... .......... 30%  251K 16s
  1350K .......... .......... .......... .......... .......... 31%  149K 16s
  1400K .......... .......... .......... .......... .......... 32%  103K 16s
  1450K .......... .......... .......... .......... .......... 33%  598K 15s
  1500K .......... .......... .......... .......... .......... 35%  426K 15s
  1550K .......... .......... .......... .......... .......... 36%  452K 14s
  1600K .......... .......... .......... .......... .......... 37%  197K 14s
  1650K .......... .......... .......... .......... .......... 38%  313K 13s
  1700K .......... .......... .......... .......... .......... 39%  283K 13s
  1750K .......... .......... .......... .......... .......... 40% 78.5K 13s
  1800K .......... .......... .......... .......... .......... 41%  427K 13s
  1850K .......... .......... .......... .......... .......... 42%  158K 13s
  1900K .......... .......... .......... .......... .......... 44% 76.6K 13s
  1950K .......... .......... .......... .......... .......... 45%  656K 13s
  2000K .......... .......... .......... .......... .......... 46%  144K 12s
  2050K .......... .......... .......... .......... .......... 47%  347K 12s
  2100K .......... .......... .......... .......... .......... 48%  380K 12s
  2150K .......... .......... .......... .......... .......... 49%  562K 11s
  2200K .......... .......... .......... .......... .......... 50%  205K 11s
  2250K .......... .......... .......... .......... .......... 51%  320K 11s
  2300K .......... .......... .......... .......... .......... 53%  168K 10s
  2350K .......... .......... .......... .......... .......... 54%  256K 10s
  2400K .......... .......... .......... .......... .......... 55%  363K 10s
  2450K .......... .......... .......... .......... .......... 56%  178K 10s
  2500K .......... .......... .......... .......... .......... 57%  170K 9s
  2550K .......... .......... .......... .......... .......... 58%  667K 9s
  2600K .......... .......... .......... .......... .......... 59%  192K 9s
  2650K .......... .......... .......... .......... .......... 61%  294K 8s
  2700K .......... .......... .......... .......... .......... 62%  213K 8s
  2750K .......... .......... .......... .......... .......... 63%  253K 8s
  2800K .......... .......... .......... .......... .......... 64%  109K 8s
  2850K .......... .......... .......... .......... .......... 65%  433K 7s
  2900K .......... .......... .......... .......... .......... 66%  526K 7s
  2950K .......... .......... .......... .......... .......... 67%  102K 7s
  3000K .......... .......... .......... .......... .......... 68%  621K 7s
  3050K .......... .......... .......... .......... .......... 70%  102K 7s
  3100K .......... .......... .......... .......... .......... 71%  171K 6s
  3150K .......... .......... .......... .......... .......... 72%  382K 6s
  3200K .......... .......... .......... .......... .......... 73%  840K 6s
  3250K .......... .......... .......... .......... .......... 74%  271K 5s
  3300K .......... .......... .......... .......... .......... 75%  269K 5s
  3350K .......... .......... .......... .......... .......... 76%  214K 5s
  3400K .......... .......... .......... .......... .......... 77%  469K 5s
  3450K .......... .......... .......... .......... .......... 79%  162K 4s
  3500K .......... .......... .......... .......... .......... 80%  424K 4s
  3550K .......... .......... .......... .......... .......... 81%  620K 4s
  3600K .......... .......... .......... .......... .......... 82%  291K 4s
  3650K .......... .......... .......... .......... .......... 83%  230K 3s
  3700K .......... .......... .......... .......... .......... 84% 86.6K 3s
  3750K .......... .......... .......... .......... .......... 85%  265K 3s
  3800K .......... .......... .......... .......... .......... 87%  568K 3s
  3850K .......... .......... .......... .......... .......... 88%  233K 2s
  3900K .......... .......... .......... .......... .......... 89%  301K 2s
  3950K .......... .......... .......... .......... .......... 90% 65.7K 2s
  4000K .......... .......... .......... .......... .......... 91% 87.2K 2s
  4050K .......... .......... .......... .......... .......... 92%  196K 2s
  4100K .......... .......... .......... .......... .......... 93% 83.0K 1s
  4150K .......... .......... .......... .......... .......... 94%  509K 1s
  4200K .......... .......... .......... .......... .......... 96% 79.1K 1s
  4250K .......... .......... .......... .......... .......... 97%  579K 1s
  4300K .......... .......... .......... .......... .......... 98%  243K 0s
  4350K .......... .......... .......... .......... .......... 99% 79.9K 0s
  4400K .......... .......... ...                             100%  504K=23s


     0K .......... .......... .......... .......... ..........  6%  105K 7s
    50K .......... .......... .......... .......... .......... 12%  157K 6s
   100K .......... .......... .......... .......... .......... 18% 84.7K 6s
   150K .......... .......... .......... .......... .......... 24%  134K 5s
   200K .......... .......... .......... .......... .......... 31%  133K 5s
   250K .......... .......... .......... .......... .......... 37%  222K 4s
   300K .......... .......... .......... .......... .......... 43%  229K 3s
   350K .......... .......... .......... .......... .......... 49%  175K 3s
   400K .......... .......... .......... .......... .......... 56%  486K 2s
   450K .......... .......... .......... .......... .......... 62%  113K 2s
   500K .......... .......... .......... .......... .......... 68%  269K 2s
   550K .......... .......... .......... .......... .......... 74%  420K 1s
   600K .......... .......... .......... .......... .......... 81% 65.3K 1s
   650K .......... .......... .......... .......... .......... 87%  157K 1s
   700K .......... .......... .......... .......... .......... 93%  355K 0s
   750K .......... .......... .......... .......... .......... 99%  167K 0s
   800K .                                                     100% 2.68T=5.2s


     0K .......... .......... .......... .......... ..........  0%  678K 4m5s
    50K .......... .......... .......... .......... ..........  0%  145K 11m36s
   100K .......... .......... .......... .......... ..........  0%  119K 15m28s
   150K .......... .......... .......... .......... ..........  0%  350K 13m34s
   200K .......... .......... .......... .......... ..........  0%  284K 12m48s
   250K .......... .......... .......... .......... ..........  0%  119K 14m32s
   300K .......... .......... .......... .......... ..........  0%  140K 15m17s
   350K .......... .......... .......... .......... ..........  0%  133K 15m58s
   400K .......... .......... .......... .......... ..........  0%  121K 16m44s
   450K .......... .......... .......... .......... ..........  0%  481K 15m38s
   500K .......... .......... .......... .......... ..........  0%  214K 15m23s
   550K .......... .......... .......... .......... ..........  0%  322K 14m48s
   600K .......... .......... .......... .......... ..........  0%  488K 14m6s
   650K .......... .......... .......... .......... ..........  0%  154K 14m22s
   700K .......... .......... .......... .......... ..........  0%  144K 14m41s
   750K .......... .......... .......... .......... ..........  0%  194K 14m39s
   800K .......... .......... .......... .......... ..........  0%  348K 14m15s
   850K .......... .......... .......... .......... ..........  0%  354K 13m53s
   900K .......... .......... .......... .......... ..........  0%  263K 13m42s
   950K .......... .......... .......... .......... ..........  0%  353K 13m24s
  1000K .......... .......... .......... .......... ..........  0%  200K 13m25s
  1050K .......... .......... .......... .......... ..........  0%  136K 13m43s
  1100K .......... .......... .......... .......... ..........  0%  106K 14m15s
  1150K .......... .......... .......... .......... ..........  0%  220K 14m11s
  1200K .......... .......... .......... .......... ..........  0%  275K 14m0s
  1250K .......... .......... .......... .......... ..........  0%  552K 13m39s
  1300K .......... .......... .......... .......... ..........  0%  479K 13m21s
  1350K .......... .......... .......... .......... ..........  0%  296K 13m12s
  1400K .......... .......... .......... .......... ..........  0%  210K 13m12s
  1450K .......... .......... .......... .......... ..........  0%  114K 13m33s
  1500K .......... .......... .......... .......... ..........  0%  825K 13m13s
  1550K .......... .......... .......... .......... ..........  0%  179K 13m17s
  1600K .......... .......... .......... .......... ..........  0%  101K 13m42s
  1650K .......... .......... .......... .......... ..........  1%  135K 13m53s
  1700K .......... .......... .......... .......... ..........  1%  292K 13m45s
  1750K .......... .......... .......... .......... ..........  1%  147K 13m53s
  1800K .......... .......... .......... .......... ..........  1%  107K 14m12s
  1850K .......... .......... .......... .......... ..........  1%  401K 14m0s
  1900K .......... .......... .......... .......... ..........  1%  397K 13m49s
  1950K .......... .......... .......... .......... ..........  1%  115K 14m3s
  2000K .......... .......... .......... .......... ..........  1%  316K 13m55s
  2050K .......... .......... .......... .......... ..........  1%  245K 13m51s
  2100K .......... .......... .......... .......... ..........  1%  188K 13m52s
  2150K .......... .......... .......... .......... ..........  1%  311K 13m45s
  2200K .......... .......... .......... .......... ..........  1%  518K 13m33s
  2250K .......... .......... .......... .......... ..........  1%  153K 13m39s
  2300K .......... .......... .......... .......... ..........  1%  665K 13m26s
  2350K .......... .......... .......... .......... ..........  1%  346K 13m19s
  2400K .......... .......... .......... .......... ..........  1%  406K 13m11s
  2450K .......... .......... .......... .......... ..........  1%  521K 13m1s
  2500K .......... .......... .......... .......... ..........  1%  123K 13m12s
  2550K .......... .......... .......... .......... ..........  1%  198K 13m12s
  2600K .......... .......... .......... .......... ..........  1%  133K 13m20s
  2650K .......... .......... .......... .......... ..........  1%  249K 13m17s
  2700K .......... .......... .......... .......... ..........  1%  107K 13m30s
  2750K .......... .......... .......... .......... ..........  1%  419K 13m22s
  2800K .......... .......... .......... .......... ..........  1%  521K 13m14s
  2850K .......... .......... .......... .......... ..........  1%  222K 13m12s
  2900K .......... .......... .......... .......... ..........  1% 86.9K 13m31s
  2950K .......... .......... .......... .......... ..........  1%  163K 13m34s
  3000K .......... .......... .......... .......... ..........  1%  642K 13m24s
  3050K .......... .......... .......... .......... ..........  1%  473K 13m16s
  3100K .......... .......... .......... .......... ..........  1%  313K 13m12s
  3150K .......... .......... .......... .......... ..........  1%  198K 13m12s
  3200K .......... .......... .......... .......... ..........  1%  121K 13m20s
  3250K .......... .......... .......... .......... ..........  1%  474K 13m13s
  3300K .......... .......... .......... .......... ..........  2%  262K 13m11s
  3350K .......... .......... .......... .......... ..........  2%  105K 13m22s
  3400K .......... .......... .......... .......... ..........  2%  346K 13m16s
  3450K .......... .......... .......... .......... ..........  2%  486K 13m10s
  3500K .......... .......... .......... .......... ..........  2%  471K 13m3s
  3550K .......... .......... .......... .......... ..........  2%  106K 13m13s
  3600K .......... .......... .......... .......... ..........  2%  102K 13m24s
  3650K .......... .......... .......... .......... ..........  2%  151K 13m28s
  3700K .......... .......... .......... .......... ..........  2%  275K 13m24s
  3750K .......... .......... .......... .......... ..........  2%  193K 13m25s
  3800K .......... .......... .......... .......... ..........  2%  170K 13m26s
  3850K .......... .......... .......... .......... ..........  2%  383K 13m21s
  3900K .......... .......... .......... .......... ..........  2%  693K 13m14s
  3950K .......... .......... .......... .......... ..........  2%  151K 13m17s
  4000K .......... .......... .......... .......... ..........  2%  363K 13m13s
  4050K .......... .......... .......... .......... ..........  2%  102K 13m22s
  4100K .......... .......... .......... .......... ..........  2%  638K 13m15s
  4150K .......... .......... .......... .......... ..........  2%  487K 13m9s
  4200K .......... .......... .......... .......... ..........  2%  412K 13m4s
  4250K .......... .......... .......... .......... ..........  2%  293K 13m1s
  4300K .......... .......... .......... .......... ..........  2%  409K 12m57s
  4350K .......... .......... .......... .......... ..........  2%  224K 12m56s
  4400K .......... .......... .......... .......... ..........  2%  406K 12m51s
  4450K .......... .......... .......... .......... ..........  2% 71.8K 13m8s
  4500K .......... .......... .......... .......... ..........  2%  232K 13m6s
  4550K .......... .......... .......... .......... ..........  2%  129K 13m11s
  4600K .......... .......... .......... .......... ..........  2%  372K 13m7s
  4650K .......... .......... .......... .......... ..........  2%  280K 13m5s
  4700K .......... .......... .......... .......... ..........  2%  208K 13m4s
  4750K .......... .......... .......... .......... ..........  2%  226K 13m3s
  4800K .......... .......... .......... .......... ..........  2%  222K 13m3s
  4850K .......... .......... .......... .......... ..........  2%  421K 12m58s
  4900K .......... .......... .......... .......... ..........  2%  121K 13m4s
  4950K .......... .......... .......... .......... ..........  3%  186K 13m4s
  5000K .......... .......... .......... .......... ..........  3%  287K 13m2s
  5050K .......... .......... .......... .......... ..........  3%  209K 13m1s
  5100K .......... .......... .......... .......... ..........  3%  163K 13m3s
  5150K .......... .......... .......... .......... ..........  3%  509K 12m59s
  5200K .......... .......... .......... .......... ..........  3%  156K 13m1s
  5250K .......... .......... .......... .......... ..........  3%  454K 12m56s
  5300K .......... .......... .......... .......... ..........  3%  157K 12m59s
  5350K .......... .......... .......... .......... ..........  3%  173K 13m0s
  5400K .......... .......... .......... .......... ..........  3% 53.2K 13m20s
  5450K .......... .......... .......... .......... ..........  3%  513K 13m15s
  5500K .......... .......... .......... .......... ..........  3%  394K 13m12s
  5550K .......... .......... .......... .......... ..........  3%  268K 13m10s
  5600K .......... .......... .......... .......... ..........  3%  283K 13m7s
  5650K .......... .......... .......... .......... ..........  3%  500K 13m3s
  5700K .......... .......... .......... .......... ..........  3%  309K 13m1s
  5750K .......... .......... .......... .......... ..........  3%  503K 12m56s
  5800K .......... .......... .......... .......... ..........  3%  195K 12m57s
  5850K .......... .......... .......... .......... ..........  3%  380K 12m53s
  5900K .......... .......... .......... .......... ..........  3%  140K 12m56s
  5950K .......... .......... .......... .......... ..........  3%  165K 12m58s
  6000K .......... .......... .......... .......... ..........  3%  454K 12m54s
  6050K .......... .......... .......... .......... ..........  3%  189K 12m54s
  6100K .......... .......... .......... .......... ..........  3%  153K 12m56s
  6150K .......... .......... .......... .......... ..........  3%  269K 12m54s
  6200K .......... .......... .......... .......... ..........  3%  172K 12m55s
  6250K .......... .......... .......... .......... ..........  3%  503K 12m52s
  6300K .......... .......... .......... .......... ..........  3%  789K 12m47s
  6350K .......... .......... .......... .......... ..........  3%  547K 12m43s
  6400K .......... .......... .......... .......... ..........  3%  178K 12m44s
  6450K .......... .......... .......... .......... ..........  3%  126K 12m47s
  6500K .......... .......... .......... .......... ..........  3% 95.8K 12m54s
  6550K .......... .......... .......... .......... ..........  3%  406K 12m51s
  6600K .......... .......... .......... .......... ..........  3%  501K 12m47s
  6650K .......... .......... .......... .......... ..........  4%  261K 12m46s
  6700K .......... .......... .......... .......... ..........  4%  383K 12m43s
  6750K .......... .......... .......... .......... ..........  4%  390K 12m40s
  6800K .......... .......... .......... .......... ..........  4%  361K 12m38s
  6850K .......... .......... .......... .......... ..........  4%  285K 12m36s
  6900K .......... .......... .......... .......... ..........  4%  162K 12m37s
  6950K .......... .......... .......... .......... ..........  4%  353K 12m35s
  7000K .......... .......... .......... .......... ..........  4%  173K 12m36s
  7050K .......... .......... .......... .......... ..........  4%  372K 12m33s
  7100K .......... .......... .......... .......... ..........  4%  200K 12m33s
  7150K .......... .......... .......... .......... ..........  4%  344K 12m31s
  7200K .......... .......... .......... .......... ..........  4%  146K 12m33s
  7250K .......... .......... .......... .......... ..........  4%  509K 12m30s
  7300K .......... .......... .......... .......... ..........  4%  419K 12m27s
  7350K .......... .......... .......... .......... ..........  4%  269K 12m26s
  7400K .......... .......... .......... .......... ..........  4%  336K 12m24s
  7450K .......... .......... .......... .......... ..........  4%  335K 12m22s
  7500K .......... .......... .......... .......... ..........  4%  530K 12m19s
  7550K .......... .......... .......... .......... ..........  4%  370K 12m16s
  7600K .......... .......... .......... .......... ..........  4%  419K 12m14s
  7650K .......... .......... .......... .......... ..........  4%  585K 12m11s
  7700K .......... .......... .......... .......... ..........  4%  294K 12m9s
  7750K .......... .......... .......... .......... ..........  4%  213K 12m9s
  7800K .......... .......... .......... .......... ..........  4%  409K 12m6s
  7850K .......... .......... .......... .......... ..........  4%  342K 12m5s
  7900K .......... .......... .......... .......... ..........  4%  518K 12m2s
  7950K .......... .......... .......... .......... ..........  4% 74.6K 12m10s
  8000K .......... .......... .......... .......... ..........  4%  219K 12m10s
  8050K .......... .......... .......... .......... ..........  4%  287K 12m9s
  8100K .......... .......... .......... .......... ..........  4%  438K 12m6s
  8150K .......... .......... .......... .......... ..........  4%  183K 12m7s
  8200K .......... .......... .......... .......... ..........  4%  517K 12m4s
  8250K .......... .......... .......... .......... ..........  4%  688K 12m1s
  8300K .......... .......... .......... .......... ..........  5%  139K 12m3s
  8350K .......... .......... .......... .......... ..........  5% 72.6K 12m11s
  8400K .......... .......... .......... .......... ..........  5%  186K 12m12s
  8450K .......... .......... .......... .......... ..........  5%  189K 12m12s
  8500K .......... .......... .......... .......... ..........  5% 81.7K 12m19s
  8550K .......... .......... .......... .......... ..........  5%  103K 12m23s
  8600K .......... .......... .......... .......... ..........  5% 75.5K 12m31s
  8650K .......... .......... .......... .......... ..........  5%  100K 12m35s
  8700K .......... .......... .......... .......... ..........  5%  209K 12m35s
  8750K .......... .......... .......... .......... ..........  5%  201K 12m35s
  8800K .......... .......... .......... .......... ..........  5%  178K 12m36s
  8850K .......... .......... .......... .......... ..........  5% 68.9K 12m44s
  8900K .......... .......... .......... .......... ..........  5%  110K 12m47s
  8950K .......... .......... .......... .......... ..........  5%  155K 12m49s
  9000K .......... .......... .......... .......... ..........  5%  131K 12m51s
  9050K .......... .......... .......... .......... ..........  5%  112K 12m54s
  9100K .......... .......... .......... .......... ..........  5% 73.3K 13m1s
  9150K .......... .......... .......... .......... ..........  5%  121K 13m4s
  9200K .......... .......... .......... .......... ..........  5% 65.3K 13m12s
  9250K .......... .......... .......... .......... ..........  5% 76.9K 13m19s
  9300K .......... .......... .......... .......... ..........  5%  211K 13m18s
  9350K .......... .......... .......... .......... ..........  5%  248K 13m17s
  9400K .......... .......... .......... .......... ..........  5%  336K 13m15s
  9450K .......... .......... .......... .......... ..........  5%  372K 13m13s
  9500K .......... .......... .......... .......... ..........  5%  325K 13m11s
  9550K .......... .......... .......... .......... ..........  5% 77.0K 13m17s
  9600K .......... .......... .......... .......... ..........  5% 89.1K 13m22s
  9650K .......... .......... .......... .......... ..........  5% 75.0K 13m28s
  9700K .......... .......... .......... .......... ..........  5%  345K 13m26s
  9750K .......... .......... .......... .......... ..........  5%  527K 13m23s
  9800K .......... .......... .......... .......... ..........  5% 78.2K 13m29s
  9850K .......... .......... .......... .......... ..........  5%  183K 13m29s
  9900K .......... .......... .......... .......... ..........  5%  215K 13m28s
  9950K .......... .......... .......... .......... ..........  6%  123K 13m30s
 10000K .......... .......... .......... .......... ..........  6% 38.6K 13m46s
 10050K .......... .......... .......... .......... ..........  6%  104K 13m49s
 10100K .......... .......... .......... .......... ..........  6%  119K 13m52s
 10150K .......... .......... .......... .......... ..........  6%  147K 13m52s
 10200K .......... .......... .......... .......... ..........  6%  211K 13m52s
 10250K .......... .......... .......... .......... ..........  6%  146K 13m53s
 10300K .......... .......... .......... .......... ..........  6% 99.1K 13m56s
 10350K .......... .......... .......... .......... ..........  6%  110K 13m58s
 10400K .......... .......... .......... .......... ..........  6%  235K 13m57s
 10450K .......... .......... .......... .......... ..........  6%  438K 13m55s
 10500K .......... .......... .......... .......... ..........  6%  286K 13m53s
 10550K .......... .......... .......... .......... ..........  6%  111K 13m55s
 10600K .......... .......... .......... .......... ..........  6%  142K 13m56s
 10650K .......... .......... .......... .......... ..........  6%  165K 13m57s
 10700K .......... .......... .......... .......... ..........  6%  138K 13m58s
 10750K .......... .......... .......... .......... ..........  6%  250K 13m56s
 10800K .......... .......... .......... .......... ..........  6% 55.5K 14m5s
 10850K .......... .......... .......... .......... ..........  6%  108K 14m8s
 10900K .......... .......... .......... .......... ..........  6%  283K 14m6s
 10950K .......... .......... .......... .......... ..........  6% 51.1K 14m16s
 11000K .......... .......... .......... .......... ..........  6% 96.8K 14m19s
 11050K .......... .......... .......... .......... ..........  6% 95.8K 14m22s
 11100K .......... .......... .......... .......... ..........  6% 51.1K 14m32s
 11150K .......... .......... .......... .......... ..........  6%  281K 14m30s
 11200K .......... .......... .......... .......... ..........  6%  130K 14m31s
 11250K .......... .......... .......... .......... ..........  6%  123K 14m32s
 11300K .......... .......... .......... .......... ..........  6%  388K 14m30s
 11350K .......... .......... .......... .......... ..........  6%  149K 14m30s
 11400K .......... .......... .......... .......... ..........  6% 87.4K 14m34s
 11450K .......... .......... .......... .......... ..........  6% 57.0K 14m42s
 11500K .......... .......... .......... .......... ..........  6%  380K 14m40s
 11550K .......... .......... .......... .......... ..........  6%  179K 14m39s
 11600K .......... .......... .......... .......... ..........  7% 88.8K 14m43s
 11650K .......... .......... .......... .......... ..........  7%  192K 14m42s
 11700K .......... .......... .......... .......... ..........  7% 82.0K 14m46s
 11750K .......... .......... .......... .......... ..........  7%  129K 14m47s
 11800K .......... .......... .......... .......... ..........  7%  197K 14m46s
 11850K .......... .......... .......... .......... ..........  7%  309K 14m44s
 11900K .......... .......... .......... .......... ..........  7% 86.3K 14m48s
 11950K .......... .......... .......... .......... ..........  7%  102K 14m50s
 12000K .......... .......... .......... .......... ..........  7%  468K 14m48s
 12050K .......... .......... .......... .......... ..........  7%  193K 14m47s
 12100K .......... .......... .......... .......... ..........  7% 48.2K 14m56s
 12150K .......... .......... .......... .......... ..........  7%  523K 14m53s
 12200K .......... .......... .......... .......... ..........  7%  195K 14m53s
 12250K .......... .......... .......... .......... ..........  7% 78.0K 14m57s
 12300K .......... .......... .......... .......... ..........  7%  262K 14m55s
 12350K .......... .......... .......... .......... ..........  7% 90.9K 14m58s
 12400K .......... .......... .......... .......... ..........  7% 97.4K 15m1s
 12450K .......... .......... .......... .......... ..........  7%  176K 15m0s
 12500K .......... .......... .......... .......... ..........  7%  558K 14m57s
 12550K .......... .......... .......... .......... ..........  7% 91.4K 15m0s
 12600K .......... .......... .......... .......... ..........  7%  702K 14m57s
 12650K .......... .......... .......... .......... ..........  7%  511K 14m55s
 12700K .......... .......... .......... .......... ..........  7%  230K 14m53s
 12750K .......... .......... .......... .......... ..........  7%  117K 14m55s
 12800K .......... .......... .......... .......... ..........  7%  532K 14m52s
 12850K .......... .......... .......... .......... ..........  7%  122K 14m53s
 12900K .......... .......... .......... .......... ..........  7%  444K 14m51s
 12950K .......... .......... .......... .......... ..........  7%  213K 14m50s
 13000K .......... .......... .......... .......... ..........  7%  328K 14m48s
 13050K .......... .......... .......... .......... ..........  7%  430K 14m46s
 13100K .......... .......... .......... .......... ..........  7% 37.1K 14m58s
 13150K .......... .......... .......... .......... ..........  7% 81.8K 15m1s
 13200K .......... .......... .......... .......... ..........  7% 29.5K 15m17s
 13250K .......... .......... .......... .......... ..........  7% 52.1K 15m24s
 13300K .......... .......... .......... .......... ..........  8% 77.5K 15m28s
 13350K .......... .......... .......... .......... ..........  8%  172K 15m27s
 13400K .......... .......... .......... .......... ..........  8%  333K 15m25s
 13450K .......... .......... .......... .......... ..........  8%  121K 15m26s
 13500K .......... .......... .......... .......... ..........  8%  298K 15m24s
 13550K .......... .......... .......... .......... ..........  8% 72.7K 15m28s
 13600K .......... .......... .......... .......... ..........  8%  195K 15m28s
 13650K .......... .......... .......... .......... ..........  8% 77.7K 15m31s
 13700K .......... .......... .......... .......... ..........  8% 93.8K 15m33s
 13750K .......... .......... .......... .......... ..........  8% 66.3K 15m38s
 13800K .......... .......... .......... .......... ..........  8%  442K 15m36s
 13850K .......... .......... .......... .......... ..........  8%  366K 15m33s
 13900K .......... .......... .......... .......... ..........  8% 36.3K 15m45s
 13950K .......... .......... .......... .......... ..........  8%  362K 15m43s
 14000K .......... .......... .......... .......... ..........  8% 69.9K 15m47s
 14050K .......... .......... .......... .......... ..........  8%  180K 15m46s
 14100K .......... .......... .......... .......... ..........  8%  498K 15m43s
 14150K .......... .......... .......... .......... ..........  8% 50.4K 15m50s
 14200K .......... .......... .......... .......... ..........  8%  392K 15m48s
 14250K .......... .......... .......... .......... ..........  8%  402K 15m46s
 14300K .......... .......... .......... .......... ..........  8% 92.2K 15m48s
 14350K .......... .......... .......... .......... ..........  8%  426K 15m46s
 14400K .......... .......... .......... .......... ..........  8%  121K 15m46s
 14450K .......... .......... .......... .......... ..........  8%  214K 15m45s
 14500K .......... .......... .......... .......... ..........  8% 91.8K 15m47s
 14550K .......... .......... .......... .......... ..........  8%  215K 15m46s
 14600K .......... .......... .......... .......... ..........  8%  121K 15m47s
 14650K .......... .......... .......... .......... ..........  8%  258K 15m45s
 14700K .......... .......... .......... .......... ..........  8% 91.0K 15m47s
 14750K .......... .......... .......... .......... ..........  8% 79.0K 15m50s
 14800K .......... .......... .......... .......... ..........  8% 40.2K 16m0s
 14850K .......... .......... .......... .......... ..........  8%  156K 15m59s
 14900K .......... .......... .......... .......... ..........  8%  226K 15m58s
 14950K .......... .......... .......... .......... ..........  9%  343K 15m56s
 15000K .......... .......... .......... .......... ..........  9% 42.5K 16m4s
 15050K .......... .......... .......... .......... ..........  9%  701K 16m2s
 15100K .......... .......... .......... .......... ..........  9% 85.5K 16m4s
 15150K .......... .......... .......... .......... ..........  9%  121K 16m5s
 15200K .......... .......... .......... .......... ..........  9%  145K 16m4s
 15250K .......... .......... .......... .......... ..........  9% 64.8K 16m9s
 15300K .......... .......... .......... .......... ..........  9%  212K 16m7s
 15350K .......... .......... .......... .......... ..........  9%  414K 16m5s
 15400K .......... .......... .......... .......... ..........  9% 60.0K 16m10s
 15450K .......... .......... .......... .......... ..........  9%  123K 16m10s
 15500K .......... .......... .......... .......... ..........  9% 26.1K 16m25s
 15550K .......... .......... .......... .......... ..........  9%  875K 16m23s
 15600K .......... .......... .......... .......... ..........  9%  806K 16m20s
 15650K .......... .......... .......... .......... ..........  9%  244K 16m18s
 15700K .......... .......... .......... .......... ..........  9%  501K 16m16s
 15750K .......... .......... .......... .......... ..........  9%  117K 16m16s
 15800K .......... .......... .......... .......... ..........  9% 74.8K 16m19s
 15850K .......... .......... .......... .......... ..........  9% 96.9K 16m21s
 15900K .......... .......... .......... .......... ..........  9%  426K 16m18s
 15950K .......... .......... .......... .......... ..........  9%  202K 16m17s
 16000K .......... .......... .......... .......... ..........  9%  115K 16m18s
 16050K .......... .......... .......... .......... ..........  9%  448K 16m16s
 16100K .......... .......... .......... .......... ..........  9%  148K 16m16s
 16150K .......... .......... .......... .......... ..........  9% 99.7K 16m17s
 16200K .......... .......... .......... .......... ..........  9% 92.2K 16m19s
 16250K .......... .......... .......... .......... ..........  9% 89.5K 16m20s
 16300K .......... .......... .......... .......... ..........  9%  142K 16m20s
 16350K .......... .......... .......... .......... ..........  9% 43.8K 16m27s
 16400K .......... .......... .......... .......... ..........  9%  780K 16m25s
 16450K .......... .......... .......... .......... ..........  9%  142K 16m25s
 16500K .......... .......... .......... .......... ..........  9%  132K 16m25s
 16550K .......... .......... .......... .......... ..........  9% 73.6K 16m27s
 16600K .......... .......... .......... .......... .......... 10%  528K 16m25s
 16650K .......... .......... .......... .......... .......... 10%  182K 16m24s
 16700K .......... .......... .......... .......... .......... 10%  185K 16m23s
 16750K .......... .......... .......... .......... .......... 10%  463K 16m21s
 16800K .......... .......... .......... .......... .......... 10%  135K 16m21s
 16850K .......... .......... .......... .......... .......... 10%  179K 16m20s
 16900K .......... .......... .......... .......... .......... 10%  544K 16m18s
 16950K .......... .......... .......... .......... .......... 10%  262K 16m16s
 17000K .......... .......... .......... .......... .......... 10% 76.8K 16m19s
 17050K .......... .......... .......... .......... .......... 10%  120K 16m19s
 17100K .......... .......... .......... .......... .......... 10%  396K 16m17s
 17150K .......... .......... .......... .......... .......... 10%  114K 16m18s
 17200K .......... .......... .......... .......... .......... 10%  109K 16m19s
 17250K .......... .......... .......... .......... .......... 10%  370K 16m17s
 17300K .......... .......... .......... .......... .......... 10% 66.3K 16m20s
 17350K .......... .......... .......... .......... .......... 10% 82.6K 16m22s
 17400K .......... .......... .......... .......... .......... 10%  175K 16m21s
 17450K .......... .......... .......... .......... .......... 10%  180K 16m21s
 17500K .......... .......... .......... .......... .......... 10%  196K 16m20s
 17550K .......... .......... .......... .......... .......... 10%  659K 16m17s
 17600K .......... .......... .......... .......... .......... 10%  157K 16m17s
 17650K .......... .......... .......... .......... .......... 10%  533K 16m15s
 17700K .......... .......... .......... .......... .......... 10%  393K 16m13s
 17750K .......... .......... .......... .......... .......... 10%  463K 16m10s
 17800K .......... .......... .......... .......... .......... 10%  402K 16m8s
 17850K .......... .......... .......... .......... .......... 10% 92.1K 16m10s
 17900K .......... .......... .......... .......... .......... 10%  430K 16m8s
 17950K .......... .......... .......... .......... .......... 10% 97.3K 16m9s
 18000K .......... .......... .......... .......... .......... 10% 99.6K 16m10s
 18050K .......... .......... .......... .......... .......... 10%  526K 16m8s
 18100K .......... .......... .......... .......... .......... 10%  121K 16m8s
 18150K .......... .......... .......... .......... .......... 10%  123K 16m9s
 18200K .......... .......... .......... .......... .......... 10%  110K 16m9s
 18250K .......... .......... .......... .......... .......... 11%  116K 16m10s
 18300K .......... .......... .......... .......... .......... 11%  119K 16m10s
 18350K .......... .......... .......... .......... .......... 11% 69.7K 16m13s
 18400K .......... .......... .......... .......... .......... 11%  568K 16m11s
 18450K .......... .......... .......... .......... .......... 11%  275K 16m9s
 18500K .......... .......... .......... .......... .......... 11%  548K 16m7s
 18550K .......... .......... .......... .......... .......... 11%  193K 16m6s
 18600K .......... .......... .......... .......... .......... 11%  169K 16m6s
 18650K .......... .......... .......... .......... .......... 11%  153K 16m5s
 18700K .......... .......... .......... .......... .......... 11%  355K 16m3s
 18750K .......... .......... .......... .......... .......... 11% 78.4K 16m6s
 18800K .......... .......... .......... .......... .......... 11%  251K 16m4s
 18850K .......... .......... .......... .......... .......... 11%  190K 16m3s
 18900K .......... .......... .......... .......... .......... 11%  426K 16m1s
 18950K .......... .......... .......... .......... .......... 11%  295K 16m0s
 19000K .......... .......... .......... .......... .......... 11% 62.1K 16m3s
 19050K .......... .......... .......... .......... .......... 11% 75.9K 16m5s
 19100K .......... .......... .......... .......... .......... 11%  128K 16m6s
 19150K .......... .......... .......... .......... .......... 11% 78.8K 16m8s
 19200K .......... .......... .......... .......... .......... 11%  149K 16m7s
 19250K .......... .......... .......... .......... .......... 11%  135K 16m7s
 19300K .......... .......... .......... .......... .......... 11% 72.2K 16m10s
 19350K .......... .......... .......... .......... .......... 11% 64.9K 16m13s
 19400K .......... .......... .......... .......... .......... 11%  126K 16m13s
 19450K .......... .......... .......... .......... .......... 11%  509K 16m11s
 19500K .......... .......... .......... .......... .......... 11%  145K 16m11s
 19550K .......... .......... .......... .......... .......... 11%  690K 16m8s
 19600K .......... .......... .......... .......... .......... 11% 68.2K 16m11s
 19650K .......... .......... .......... .......... .......... 11%  601K 16m9s
 19700K .......... .......... .......... .......... .......... 11%  370K 16m7s
 19750K .......... .......... .......... .......... .......... 11% 41.4K 16m13s
 19800K .......... .......... .......... .......... .......... 11% 80.0K 16m15s
 19850K .......... .......... .......... .......... .......... 11% 62.4K 16m18s
 19900K .......... .......... .......... .......... .......... 11%  462K 16m16s
 19950K .......... .......... .......... .......... .......... 12%  234K 16m15s
 20000K .......... .......... .......... .......... .......... 12% 95.2K 16m16s
 20050K .......... .......... .......... .......... .......... 12%  153K 16m16s
 20100K .......... .......... .......... .......... .......... 12% 51.6K 16m20s
 20150K .......... .......... .......... .......... .......... 12%  728K 16m18s
 20200K .......... .......... .......... .......... .......... 12% 80.9K 16m19s
 20250K .......... .......... .......... .......... .......... 12%  181K 16m19s
 20300K .......... .......... .......... .......... .......... 12%  159K 16m18s
 20350K .......... .......... .......... .......... .......... 12%  501K 16m16s
 20400K .......... .......... .......... .......... .......... 12%  105K 16m17s
 20450K .......... .......... .......... .......... .......... 12% 62.0K 16m20s
 20500K .......... .......... .......... .......... .......... 12%  558K 16m18s
 20550K .......... .......... .......... .......... .......... 12%  421K 16m16s
 20600K .......... .......... .......... .......... .......... 12%  701K 16m14s
 20650K .......... .......... .......... .......... .......... 12%  109K 16m14s
 20700K .......... .......... .......... .......... .......... 12% 53.4K 16m18s
 20750K .......... .......... .......... .......... .......... 12% 46.2K 16m23s
 20800K .......... .......... .......... .......... .......... 12%  655K 16m21s
 20850K .......... .......... .......... .......... .......... 12%  339K 16m19s
 20900K .......... .......... .......... .......... .......... 12%  517K 16m17s
 20950K .......... .......... .......... .......... .......... 12% 47.8K 16m22s
 21000K .......... .......... .......... .......... .......... 12%  163K 16m21s
 21050K .......... .......... .......... .......... .......... 12% 80.5K 16m23s
 21100K .......... .......... .......... .......... .......... 12% 69.1K 16m25s
 21150K .......... .......... .......... .......... .......... 12%  100K 16m26s
 21200K .......... .......... .......... .......... .......... 12%  304K 16m24s
 21250K .......... .......... .......... .......... .......... 12%  303K 16m23s
 21300K .......... .......... .......... .......... .......... 12% 83.3K 16m24s
 21350K .......... .......... .......... .......... .......... 12%  171K 16m24s
 21400K .......... .......... .......... .......... .......... 12% 77.5K 16m25s
 21450K .......... .......... .......... .......... .......... 12%  453K 16m23s
 21500K .......... .......... .......... .......... .......... 12% 79.0K 16m25s
 21550K .......... .......... .......... .......... .......... 12%  136K 16m25s
 21600K .......... .......... .......... .......... .......... 13% 91.4K 16m26s
 21650K .......... .......... .......... .......... .......... 13%  372K 16m24s
 21700K .......... .......... .......... .......... .......... 13%  181K 16m23s
 21750K .......... .......... .......... .......... .......... 13%  236K 16m22s
 21800K .......... .......... .......... .......... .......... 13% 38.1K 16m28s
 21850K .......... .......... .......... .......... .......... 13% 33.7K 16m36s
 21900K .......... .......... .......... .......... .......... 13%  112K 16m36s
 21950K .......... .......... .......... .......... .......... 13% 95.1K 16m37s
 22000K .......... .......... .......... .......... .......... 13%  118K 16m37s
 22050K .......... .......... .......... .......... .......... 13%  149K 16m36s
 22100K .......... .......... .......... .......... .......... 13%  102K 16m37s
 22150K .......... .......... .......... .......... .......... 13%  268K 16m36s
 22200K .......... .......... .......... .......... .......... 13% 70.0K 16m38s
 22250K .......... .......... .......... .......... .......... 13%  151K 16m37s
 22300K .......... .......... .......... .......... .......... 13% 80.6K 16m39s
 22350K .......... .......... .......... .......... .......... 13%  119K 16m39s
 22400K .......... .......... .......... .......... .......... 13%  151K 16m38s
 22450K .......... .......... .......... .......... .......... 13% 57.8K 16m41s
 22500K .......... .......... .......... .......... .......... 13%  324K 16m40s
 22550K .......... .......... .......... .......... .......... 13% 54.5K 16m43s
 22600K .......... .......... .......... .......... .......... 13%  333K 16m41s
 22650K .......... .......... .......... .......... .......... 13%  129K 16m41s
 22700K .......... .......... .......... .......... .......... 13% 98.6K 16m42s
 22750K .......... .......... .......... .......... .......... 13%  846K 16m40s
 22800K .......... .......... .......... .......... .......... 13%  130K 16m40s
 22850K .......... .......... .......... .......... .......... 13% 81.6K 16m41s
 22900K .......... .......... .......... .......... .......... 13%  107K 16m41s
 22950K .......... .......... .......... .......... .......... 13%  719K 16m39s
 23000K .......... .......... .......... .......... .......... 13%  745K 16m37s
 23050K .......... .......... .......... .......... .......... 13%  448K 16m35s
 23100K .......... .......... .......... .......... .......... 13% 66.0K 16m37s
 23150K .......... .......... .......... .......... .......... 13%  196K 16m37s
 23200K .......... .......... .......... .......... .......... 13% 71.8K 16m38s
 23250K .......... .......... .......... .......... .......... 14% 45.2K 16m43s
 23300K .......... .......... .......... .......... .......... 14% 54.3K 16m46s
 23350K .......... .......... .......... .......... .......... 14% 74.3K 16m47s
 23400K .......... .......... .......... .......... .......... 14%  516K 16m45s
 23450K .......... .......... .......... .......... .......... 14% 83.8K 16m47s
 23500K .......... .......... .......... .......... .......... 14%  172K 16m46s
 23550K .......... .......... .......... .......... .......... 14% 82.8K 16m47s
 23600K .......... .......... .......... .......... .......... 14% 57.2K 16m50s
 23650K .......... .......... .......... .......... .......... 14%  113K 16m50s
 23700K .......... .......... .......... .......... .......... 14%  520K 16m48s
 23750K .......... .......... .......... .......... .......... 14%  584K 16m46s
 23800K .......... .......... .......... .......... .......... 14% 49.0K 16m50s
 23850K .......... .......... .......... .......... .......... 14%  518K 16m48s
 23900K .......... .......... .......... .......... .......... 14%  854K 16m46s
 23950K .......... .......... .......... .......... .......... 14%  352K 16m44s
 24000K .......... .......... .......... .......... .......... 14%  494K 16m42s
 24050K .......... .......... .......... .......... .......... 14%  104K 16m43s
 24100K .......... .......... .......... .......... .......... 14% 65.2K 16m45s
 24150K .......... .......... .......... .......... .......... 14% 40.8K 16m50s
 24200K .......... .......... .......... .......... .......... 14%  127K 16m49s
 24250K .......... .......... .......... .......... .......... 14% 92.7K 16m50s
 24300K .......... .......... .......... .......... .......... 14% 53.8K 16m53s
 24350K .......... .......... .......... .......... .......... 14%  143K 16m53s
 24400K .......... .......... .......... .......... .......... 14%  358K 16m51s
 24450K .......... .......... .......... .......... .......... 14%  154K 16m51s
 24500K .......... .......... .......... .......... .......... 14%  403K 16m49s
 24550K .......... .......... .......... .......... .......... 14%  192K 16m48s
 24600K .......... .......... .......... .......... .......... 14%  462K 16m46s
 24650K .......... .......... .......... .......... .......... 14%  105K 16m47s
 24700K .......... .......... .......... .......... .......... 14%  441K 16m45s
 24750K .......... .......... .......... .......... .......... 14%  116K 16m45s
 24800K .......... .......... .......... .......... .......... 14%  391K 16m43s
 24850K .......... .......... .......... .......... .......... 14%  223K 16m42s
 24900K .......... .......... .......... .......... .......... 15%  170K 16m41s
 24950K .......... .......... .......... .......... .......... 15%  259K 16m40s
 25000K .......... .......... .......... .......... .......... 15%  230K 16m39s
 25050K .......... .......... .......... .......... .......... 15%  303K 16m38s
 25100K .......... .......... .......... .......... .......... 15% 95.0K 16m38s
 25150K .......... .......... .......... .......... .......... 15%  353K 16m37s
 25200K .......... .......... .......... .......... .......... 15%  226K 16m36s
 25250K .......... .......... .......... .......... .......... 15%  227K 16m35s
 25300K .......... .......... .......... .......... .......... 15%  249K 16m33s
 25350K .......... .......... .......... .......... .......... 15%  116K 16m33s
 25400K .......... .......... .......... .......... .......... 15%  228K 16m32s
 25450K .......... .......... .......... .......... .......... 15%  102K 16m33s
 25500K .......... .......... .......... .......... .......... 15%  321K 16m31s
 25550K .......... .......... .......... .......... .......... 15%  142K 16m31s
 25600K .......... .......... .......... .......... .......... 15%  147K 16m31s
 25650K .......... .......... .......... .......... .......... 15%  147K 16m30s
 25700K .......... .......... .......... .......... .......... 15%  384K 16m29s
 25750K .......... .......... .......... .......... .......... 15%  327K 16m27s
 25800K .......... .......... .......... .......... .......... 15%  308K 16m26s
 25850K .......... .......... .......... .......... .......... 15%  263K 16m25s
 25900K .......... .......... .......... .......... .......... 15%  107K 16m25s
 25950K .......... .......... .......... .......... .......... 15%  321K 16m23s
 26000K .......... .......... .......... .......... .......... 15%  169K 16m23s
 26050K .......... .......... .......... .......... .......... 15%  193K 16m22s
 26100K .......... .......... .......... .......... .......... 15%  104K 16m22s
 26150K .......... .......... .......... .......... .......... 15%  136K 16m22s
 26200K .......... .......... .......... .......... .......... 15%  172K 16m21s
 26250K .......... .......... .......... .......... .......... 15%  160K 16m21s
 26300K .......... .......... .......... .......... .......... 15%  182K 16m20s
 26350K .......... .......... .......... .......... .......... 15%  128K 16m20s
 26400K .......... .......... .......... .......... .......... 15%  245K 16m19s
 26450K .......... .......... .......... .......... .......... 15% 79.2K 16m20s
 26500K .......... .......... .......... .......... .......... 15%  137K 16m20s
 26550K .......... .......... .......... .......... .......... 15%  387K 16m18s
 26600K .......... .......... .......... .......... .......... 16%  145K 16m18s
 26650K .......... .......... .......... .......... .......... 16%  291K 16m16s
 26700K .......... .......... .......... .......... .......... 16%  114K 16m17s
 26750K .......... .......... .......... .......... .......... 16%  129K 16m16s
 26800K .......... .......... .......... .......... .......... 16%  409K 16m15s
 26850K .......... .......... .......... .......... .......... 16%  187K 16m14s
 26900K .......... .......... .......... .......... .......... 16%  117K 16m14s
 26950K .......... .......... .......... .......... .......... 16%  120K 16m14s
 27000K .......... .......... .......... .......... .......... 16%  563K 16m12s
 27050K .......... .......... .......... .......... .......... 16%  105K 16m13s
 27100K .......... .......... .......... .......... .......... 16% 95.6K 16m13s
 27150K .......... .......... .......... .......... .......... 16%  408K 16m12s
 27200K .......... .......... .......... .......... .......... 16%  117K 16m12s
 27250K .......... .......... .......... .......... .......... 16%  121K 16m12s
 27300K .......... .......... .......... .......... .......... 16%  143K 16m11s
 27350K .......... .......... .......... .......... .......... 16%  119K 16m11s
 27400K .......... .......... .......... .......... .......... 16%  257K 16m10s
 27450K .......... .......... .......... .......... .......... 16%  138K 16m10s
 27500K .......... .......... .......... .......... .......... 16%  154K 16m10s
 27550K .......... .......... .......... .......... .......... 16% 50.7K 16m12s
 27600K .......... .......... .......... .......... .......... 16%  376K 16m11s
 27650K .......... .......... .......... .......... .......... 16%  392K 16m10s
 27700K .......... .......... .......... .......... .......... 16%  213K 16m9s
 27750K .......... .......... .......... .......... .......... 16%  105K 16m9s
 27800K .......... .......... .......... .......... .......... 16%  397K 16m7s
 27850K .......... .......... .......... .......... .......... 16%  136K 16m7s
 27900K .......... .......... .......... .......... .......... 16% 72.5K 16m8s
 27950K .......... .......... .......... .......... .......... 16%  313K 16m7s
 28000K .......... .......... .......... .......... .......... 16%  398K 16m6s
 28050K .......... .......... .......... .......... .......... 16%  162K 16m5s
 28100K .......... .......... .......... .......... .......... 16%  106K 16m5s
 28150K .......... .......... .......... .......... .......... 16%  349K 16m4s
 28200K .......... .......... .......... .......... .......... 16%  224K 16m3s
 28250K .......... .......... .......... .......... .......... 17% 81.5K 16m4s
 28300K .......... .......... .......... .......... .......... 17%  139K 16m4s
 28350K .......... .......... .......... .......... .......... 17%  402K 16m2s
 28400K .......... .......... .......... .......... .......... 17%  120K 16m2s
 28450K .......... .......... .......... .......... .......... 17%  103K 16m3s
 28500K .......... .......... .......... .......... .......... 17% 87.5K 16m3s
 28550K .......... .......... .......... .......... .......... 17%  147K 16m3s
 28600K .......... .......... .......... .......... .......... 17%  124K 16m3s
 28650K .......... .......... .......... .......... .......... 17%  455K 16m1s
 28700K .......... .......... .......... .......... .......... 17%  531K 16m0s
 28750K .......... .......... .......... .......... .......... 17%  331K 15m58s
 28800K .......... .......... .......... .......... .......... 17%  325K 15m57s
 28850K .......... .......... .......... .......... .......... 17%  463K 15m56s
 28900K .......... .......... .......... .......... .......... 17%  672K 15m54s
 28950K .......... .......... .......... .......... .......... 17%  244K 15m53s
 29000K .......... .......... .......... .......... .......... 17%  698K 15m51s
 29050K .......... .......... .......... .......... .......... 17%  463K 15m50s
 29100K .......... .......... .......... .......... .......... 17%  242K 15m49s
 29150K .......... .......... .......... .......... .......... 17%  631K 15m47s
 29200K .......... .......... .......... .......... .......... 17%  206K 15m47s
 29250K .......... .......... .......... .......... .......... 17% 69.4K 15m48s
 29300K .......... .......... .......... .......... .......... 17%  109K 15m48s
 29350K .......... .......... .......... .......... .......... 17%  228K 15m47s
 29400K .......... .......... .......... .......... .......... 17%  206K 15m46s
 29450K .......... .......... .......... .......... .......... 17%  325K 15m45s
 29500K .......... .......... .......... .......... .......... 17%  584K 15m44s
 29550K .......... .......... .......... .......... .......... 17%  276K 15m42s
 29600K .......... .......... .......... .......... .......... 17%  156K 15m42s
 29650K .......... .......... .......... .......... .......... 17%  306K 15m41s
 29700K .......... .......... .......... .......... .......... 17%  214K 15m40s
 29750K .......... .......... .......... .......... .......... 17%  197K 15m39s
 29800K .......... .......... .......... .......... .......... 17%  326K 15m38s
 29850K .......... .......... .......... .......... .......... 17%  187K 15m37s
 29900K .......... .......... .......... .......... .......... 18%  418K 15m36s
 29950K .......... .......... .......... .......... .......... 18%  492K 15m34s
 30000K .......... .......... .......... .......... .......... 18%  180K 15m34s
 30050K .......... .......... .......... .......... .......... 18%  293K 15m33s
 30100K .......... .......... .......... .......... .......... 18%  140K 15m32s
 30150K .......... .......... .......... .......... .......... 18%  643K 15m31s
 30200K .......... .......... .......... .......... .......... 18%  369K 15m30s
 30250K .......... .......... .......... .......... .......... 18%  127K 15m30s
 30300K .......... .......... .......... .......... .......... 18%  460K 15m28s
 30350K .......... .......... .......... .......... .......... 18%  203K 15m27s
 30400K .......... .......... .......... .......... .......... 18%  245K 15m26s
 30450K .......... .......... .......... .......... .......... 18%  406K 15m25s
 30500K .......... .......... .......... .......... .......... 18%  223K 15m24s
 30550K .......... .......... .......... .......... .......... 18%  469K 15m23s
 30600K .......... .......... .......... .......... .......... 18%  343K 15m22s
 30650K .......... .......... .......... .......... .......... 18%  110K 15m22s
 30700K .......... .......... .......... .......... .......... 18%  324K 15m21s
 30750K .......... .......... .......... .......... .......... 18%  342K 15m19s
 30800K .......... .......... .......... .......... .......... 18%  420K 15m18s
 30850K .......... .......... .......... .......... .......... 18%  220K 15m17s
 30900K .......... .......... .......... .......... .......... 18%  314K 15m16s
 30950K .......... .......... .......... .......... .......... 18%  307K 15m15s
 31000K .......... .......... .......... .......... .......... 18%  349K 15m14s
 31050K .......... .......... .......... .......... .......... 18%  491K 15m13s
 31100K .......... .......... .......... .......... .......... 18%  220K 15m12s
 31150K .......... .......... .......... .......... .......... 18%  273K 15m11s
 31200K .......... .......... .......... .......... .......... 18%  108K 15m11s
 31250K .......... .......... .......... .......... .......... 18%  298K 15m10s
 31300K .......... .......... .......... .......... .......... 18%  282K 15m9s
 31350K .......... .......... .......... .......... .......... 18%  132K 15m9s
 31400K .......... .......... .......... .......... .......... 18%  200K 15m8s
 31450K .......... .......... .......... .......... .......... 18%  528K 15m7s
 31500K .......... .......... .......... .......... .......... 18%  386K 15m5s
 31550K .......... .......... .......... .......... .......... 19%  403K 15m4s
 31600K .......... .......... .......... .......... .......... 19%  114K 15m4s
 31650K .......... .......... .......... .......... .......... 19%  462K 15m3s
 31700K .......... .......... .......... .......... .......... 19%  228K 15m2s
 31750K .......... .......... .......... .......... .......... 19%  337K 15m1s
 31800K .......... .......... .......... .......... .......... 19%  418K 15m0s
 31850K .......... .......... .......... .......... .......... 19%  204K 14m59s
 31900K .......... .......... .......... .......... .......... 19%  329K 14m58s
 31950K .......... .......... .......... .......... .......... 19%  387K 14m57s
 32000K .......... .......... .......... .......... .......... 19%  115K 14m57s
 32050K .......... .......... .......... .......... .......... 19%  410K 14m56s
 32100K .......... .......... .......... .......... .......... 19%  236K 14m55s
 32150K .......... .......... .......... .......... .......... 19%  670K 14m53s
 32200K .......... .......... .......... .......... .......... 19%  280K 14m52s
 32250K .......... .......... .......... .......... .......... 19%  374K 14m51s
 32300K .......... .......... .......... .......... .......... 19%  287K 14m50s
 32350K .......... .......... .......... .......... .......... 19% 48.2K 14m53s
 32400K .......... .......... .......... .......... .......... 19%  419K 14m52s
 32450K .......... .......... .......... .......... .......... 19%  104K 14m52s
 32500K .......... .......... .......... .......... .......... 19%  216K 14m51s
 32550K .......... .......... .......... .......... .......... 19%  135K 14m51s
 32600K .......... .......... .......... .......... .......... 19%  434K 14m50s
 32650K .......... .......... .......... .......... .......... 19% 65.2K 14m51s
 32700K .......... .......... .......... .......... .......... 19%  122K 14m51s
 32750K .......... .......... .......... .......... .......... 19%  193K 14m51s
 32800K .......... .......... .......... .......... .......... 19%  654K 14m49s
 32850K .......... .......... .......... .......... .......... 19%  547K 14m48s
 32900K .......... .......... .......... .......... .......... 19%  370K 14m47s
 32950K .......... .......... .......... .......... .......... 19% 96.9K 14m47s
 33000K .......... .......... .......... .......... .......... 19%  276K 14m46s
 33050K .......... .......... .......... .......... .......... 19%  737K 14m45s
 33100K .......... .......... .......... .......... .......... 19%  603K 14m43s
 33150K .......... .......... .......... .......... .......... 19%  330K 14m42s
 33200K .......... .......... .......... .......... .......... 19%  132K 14m42s
 33250K .......... .......... .......... .......... .......... 20%  428K 14m41s
 33300K .......... .......... .......... .......... .......... 20%  307K 14m40s
 33350K .......... .......... .......... .......... .......... 20%  103K 14m40s
 33400K .......... .......... .......... .......... .......... 20%  395K 14m39s
 33450K .......... .......... .......... .......... .......... 20%  260K 14m38s
 33500K .......... .......... .......... .......... .......... 20%  153K 14m38s
 33550K .......... .......... .......... .......... .......... 20%  157K 14m38s
 33600K .......... .......... .......... .......... .......... 20%  111K 14m38s
 33650K .......... .......... .......... .......... .......... 20% 68.9K 14m39s
 33700K .......... .......... .......... .......... .......... 20%  151K 14m39s
 33750K .......... .......... .......... .......... .......... 20%  447K 14m37s
 33800K .......... .......... .......... .......... .......... 20%  446K 14m36s
 33850K .......... .......... .......... .......... .......... 20%  283K 14m35s
 33900K .......... .......... .......... .......... .......... 20%  177K 14m35s
 33950K .......... .......... .......... .......... .......... 20% 88.1K 14m35s
 34000K .......... .......... .......... .......... .......... 20%  196K 14m35s
 34050K .......... .......... .......... .......... .......... 20%  201K 14m34s
 34100K .......... .......... .......... .......... .......... 20%  100K 14m34s
 34150K .......... .......... .......... .......... .......... 20%  216K 14m34s
 34200K .......... .......... .......... .......... .......... 20%  325K 14m33s
 34250K .......... .......... .......... .......... .......... 20% 57.6K 14m34s
 34300K .......... .......... .......... .......... .......... 20%  567K 14m33s
 34350K .......... .......... .......... .......... .......... 20% 76.2K 14m34s
 34400K .......... .......... .......... .......... .......... 20%  197K 14m33s
 34450K .......... .......... .......... .......... .......... 20%  243K 14m33s
 34500K .......... .......... .......... .......... .......... 20%  229K 14m32s
 34550K .......... .......... .......... .......... .......... 20%  252K 14m31s
 34600K .......... .......... .......... .......... .......... 20% 98.3K 14m31s
 34650K .......... .......... .......... .......... .......... 20%  407K 14m30s
 34700K .......... .......... .......... .......... .......... 20%  308K 14m29s
 34750K .......... .......... .......... .......... .......... 20% 92.8K 14m30s
 34800K .......... .......... .......... .......... .......... 20%  341K 14m29s
 34850K .......... .......... .......... .......... .......... 20%  235K 14m28s
 34900K .......... .......... .......... .......... .......... 21%  145K 14m28s
 34950K .......... .......... .......... .......... .......... 21%  449K 14m27s
 35000K .......... .......... .......... .......... .......... 21%  164K 14m26s
 35050K .......... .......... .......... .......... .......... 21%  117K 14m26s
 35100K .......... .......... .......... .......... .......... 21%  149K 14m26s
 35150K .......... .......... .......... .......... .......... 21%  429K 14m25s
 35200K .......... .......... .......... .......... .......... 21% 86.1K 14m25s
 35250K .......... .......... .......... .......... .......... 21%  179K 14m25s
 35300K .......... .......... .......... .......... .......... 21%  471K 14m24s
 35350K .......... .......... .......... .......... .......... 21%  140K 14m23s
 35400K .......... .......... .......... .......... .......... 21%  177K 14m23s
 35450K .......... .......... .......... .......... .......... 21%  540K 14m22s
 35500K .......... .......... .......... .......... .......... 21%  267K 14m21s
 35550K .......... .......... .......... .......... .......... 21%  128K 14m21s
 35600K .......... .......... .......... .......... .......... 21%  155K 14m20s
 35650K .......... .......... .......... .......... .......... 21%  116K 14m20s
 35700K .......... .......... .......... .......... .......... 21%  101K 14m21s
 35750K .......... .......... .......... .......... .......... 21%  486K 14m20s
 35800K .......... .......... .......... .......... .......... 21%  166K 14m19s
 35850K .......... .......... .......... .......... .......... 21% 92.6K 14m20s
 35900K .......... .......... .......... .......... .......... 21%  398K 14m18s
 35950K .......... .......... .......... .......... .......... 21%  321K 14m17s
 36000K .......... .......... .......... .......... .......... 21%  525K 14m16s
 36050K .......... .......... .......... .......... .......... 21%  155K 14m16s
 36100K .......... .......... .......... .......... .......... 21%  312K 14m15s
 36150K .......... .......... .......... .......... .......... 21%  373K 14m14s
 36200K .......... .......... .......... .......... .......... 21%  203K 14m13s
 36250K .......... .......... .......... .......... .......... 21% 63.4K 14m15s
 36300K .......... .......... .......... .......... .......... 21%  199K 14m14s
 36350K .......... .......... .......... .......... .......... 21% 62.3K 14m15s
 36400K .......... .......... .......... .......... .......... 21%  152K 14m15s
 36450K .......... .......... .......... .......... .......... 21%  200K 14m15s
 36500K .......... .......... .......... .......... .......... 21%  338K 14m14s
 36550K .......... .......... .......... .......... .......... 22%  344K 14m13s
 36600K .......... .......... .......... .......... .......... 22%  124K 14m12s
 36650K .......... .......... .......... .......... .......... 22%  374K 14m11s
 36700K .......... .......... .......... .......... .......... 22%  100K 14m12s
 36750K .......... .......... .......... .......... .......... 22%  279K 14m11s
 36800K .......... .......... .......... .......... .......... 22%  228K 14m10s
 36850K .......... .......... .......... .......... .......... 22%  433K 14m9s
 36900K .......... .......... .......... .......... .......... 22%  597K 14m8s
 36950K .......... .......... .......... .......... .......... 22%  592K 14m7s
 37000K .......... .......... .......... .......... .......... 22% 1.17M 14m5s
 37050K .......... .......... .......... .......... .......... 22%  448K 14m4s
 37100K .......... .......... .......... .......... .......... 22%  439K 14m3s
 37150K .......... .......... .......... .......... .......... 22%  480K 14m2s
 37200K .......... .......... .......... .......... .......... 22%  411K 14m1s
 37250K .......... .......... .......... .......... .......... 22%  228K 14m0s
 37300K .......... .......... .......... .......... .......... 22%  406K 13m59s
 37350K .......... .......... .......... .......... .......... 22%  161K 13m59s
 37400K .......... .......... .......... .......... .......... 22%  376K 13m58s
 37450K .......... .......... .......... .......... .......... 22%  296K 13m57s
 37500K .......... .......... .......... .......... .......... 22%  288K 13m56s
 37550K .......... .......... .......... .......... .......... 22%  505K 13m55s
 37600K .......... .......... .......... .......... .......... 22%  482K 13m54s
 37650K .......... .......... .......... .......... .......... 22%  137K 13m54s
 37700K .......... .......... .......... .......... .......... 22%  206K 13m53s
 37750K .......... .......... .......... .......... .......... 22%  523K 13m52s
 37800K .......... .......... .......... .......... .......... 22%  402K 13m51s
 37850K .......... .......... .......... .......... .......... 22%  299K 13m50s
 37900K .......... .......... .......... .......... .......... 22%  109K 13m51s
 37950K .......... .......... .......... .......... .......... 22%  309K 13m50s
 38000K .......... .......... .......... .......... .......... 22%  264K 13m49s
 38050K .......... .......... .......... .......... .......... 22% 84.2K 13m50s
 38100K .......... .......... .......... .......... .......... 22%  376K 13m49s
 38150K .......... .......... .......... .......... .......... 22%  134K 13m48s
 38200K .......... .......... .......... .......... .......... 23%  431K 13m47s
 38250K .......... .......... .......... .......... .......... 23%  405K 13m46s
 38300K .......... .......... .......... .......... .......... 23%  182K 13m46s
 38350K .......... .......... .......... .......... .......... 23%  309K 13m45s
 38400K .......... .......... .......... .......... .......... 23%  394K 13m44s
 38450K .......... .......... .......... .......... .......... 23%  393K 13m43s
 38500K .......... .......... .......... .......... .......... 23%  145K 13m43s
 38550K .......... .......... .......... .......... .......... 23%  661K 13m42s
 38600K .......... .......... .......... .......... .......... 23%  250K 13m41s
 38650K .......... .......... .......... .......... .......... 23%  538K 13m40s
 38700K .......... .......... .......... .......... .......... 23%  362K 13m39s
 38750K .......... .......... .......... .......... .......... 23%  129K 13m39s
 38800K .......... .......... .......... .......... .......... 23%  416K 13m38s
 38850K .......... .......... .......... .......... .......... 23%  127K 13m38s
 38900K .......... .......... .......... .......... .......... 23%  214K 13m37s
 38950K .......... .......... .......... .......... .......... 23%  316K 13m36s
 39000K .......... .......... .......... .......... .......... 23%  501K 13m35s
 39050K .......... .......... .......... .......... .......... 23%  564K 13m34s
 39100K .......... .......... .......... .......... .......... 23%  291K 13m33s
 39150K .......... .......... .......... .......... .......... 23%  147K 13m33s
 39200K .......... .......... .......... .......... .......... 23%  216K 13m33s
 39250K .......... .......... .......... .......... .......... 23%  494K 13m32s
 39300K .......... .......... .......... .......... .......... 23%  344K 13m31s
 39350K .......... .......... .......... .......... .......... 23%  317K 13m30s
 39400K .......... .......... .......... .......... .......... 23%  305K 13m29s
 39450K .......... .......... .......... .......... .......... 23%  281K 13m28s
 39500K .......... .......... .......... .......... .......... 23%  216K 13m28s
 39550K .......... .......... .......... .......... .......... 23%  141K 13m27s
 39600K .......... .......... .......... .......... .......... 23%  386K 13m27s
 39650K .......... .......... .......... .......... .......... 23%  583K 13m25s
 39700K .......... .......... .......... .......... .......... 23%  191K 13m25s
 39750K .......... .......... .......... .......... .......... 23%  259K 13m24s
 39800K .......... .......... .......... .......... .......... 23%  333K 13m23s
 39850K .......... .......... .......... .......... .......... 23%  244K 13m23s
 39900K .......... .......... .......... .......... .......... 24%  523K 13m22s
 39950K .......... .......... .......... .......... .......... 24%  204K 13m21s
 40000K .......... .......... .......... .......... .......... 24%  189K 13m21s
 40050K .......... .......... .......... .......... .......... 24%  403K 13m20s
 40100K .......... .......... .......... .......... .......... 24%  145K 13m20s
 40150K .......... .......... .......... .......... .......... 24%  714K 13m18s
 40200K .......... .......... .......... .......... .......... 24%  121K 13m18s
 40250K .......... .......... .......... .......... .......... 24%  417K 13m17s
 40300K .......... .......... .......... .......... .......... 24%  470K 13m17s
 40350K .......... .......... .......... .......... .......... 24%  258K 13m16s
 40400K .......... .......... .......... .......... .......... 24%  486K 13m15s
 40450K .......... .......... .......... .......... .......... 24%  307K 13m14s
 40500K .......... .......... .......... .......... .......... 24%  228K 13m13s
 40550K .......... .......... .......... .......... .......... 24%  415K 13m13s
 40600K .......... .......... .......... .......... .......... 24%  429K 13m12s
 40650K .......... .......... .......... .......... .......... 24%  415K 13m11s
 40700K .......... .......... .......... .......... .......... 24%  371K 13m10s
 40750K .......... .......... .......... .......... .......... 24%  385K 13m9s
 40800K .......... .......... .......... .......... .......... 24%  271K 13m8s
 40850K .......... .......... .......... .......... .......... 24%  528K 13m7s
 40900K .......... .......... .......... .......... .......... 24%  410K 13m6s
 40950K .......... .......... .......... .......... .......... 24%  573K 13m5s
 41000K .......... .......... .......... .......... .......... 24%  455K 13m4s
 41050K .......... .......... .......... .......... .......... 24%  506K 13m3s
 41100K .......... .......... .......... .......... .......... 24%  338K 13m3s
 41150K .......... .......... .......... .......... .......... 24%  155K 13m2s
 41200K .......... .......... .......... .......... .......... 24%  177K 13m2s
 41250K .......... .......... .......... .......... .......... 24%  138K 13m2s
 41300K .......... .......... .......... .......... .......... 24%  101K 13m2s
 41350K .......... .......... .......... .......... .......... 24%  256K 13m1s
 41400K .......... .......... .......... .......... .......... 24%  445K 13m0s
 41450K .......... .......... .......... .......... .......... 24%  165K 13m0s
 41500K .......... .......... .......... .......... .......... 24%  474K 12m59s
 41550K .......... .......... .......... .......... .......... 25%  269K 12m58s
 41600K .......... .......... .......... .......... .......... 25%  119K 12m58s
 41650K .......... .......... .......... .......... .......... 25%  204K 12m58s
 41700K .......... .......... .......... .......... .......... 25%  148K 12m58s
 41750K .......... .......... .......... .......... .......... 25%  114K 12m58s
 41800K .......... .......... .......... .......... .......... 25%  183K 12m57s
 41850K .......... .......... .......... .......... .......... 25% 75.7K 12m58s
 41900K .......... .......... .......... .......... .......... 25%  116K 12m58s
 41950K .......... .......... .......... .......... .......... 25%  115K 12m58s
 42000K .......... .......... .......... .......... .......... 25% 94.6K 12m58s
 42050K .......... .......... .......... .......... .......... 25%  274K 12m58s
 42100K .......... .......... .......... .......... .......... 25%  346K 12m57s
 42150K .......... .......... .......... .......... .......... 25%  344K 12m56s
 42200K .......... .......... .......... .......... .......... 25% 40.1K 12m59s
 42250K .......... .......... .......... .......... .......... 25%  150K 12m58s
 42300K .......... .......... .......... .......... .......... 25%  241K 12m58s
 42350K .......... .......... .......... .......... .......... 25% 77.1K 12m58s
 42400K .......... .......... .......... .......... .......... 25% 67.0K 12m59s
 42450K .......... .......... .......... .......... .......... 25% 76.1K 13m0s
 42500K .......... .......... .......... .......... .......... 25%  112K 13m0s
 42550K .......... .......... .......... .......... .......... 25%  276K 12m59s
 42600K .......... .......... .......... .......... .......... 25% 85.3K 13m0s
 42650K .......... .......... .......... .......... .......... 25% 81.3K 13m0s
 42700K .......... .......... .......... .......... .......... 25%  279K 13m0s
 42750K .......... .......... .......... .......... .......... 25% 75.7K 13m0s
 42800K .......... .......... .......... .......... .......... 25%  357K 12m59s
 42850K .......... .......... .......... .......... .......... 25%  106K 13m0s
 42900K .......... .......... .......... .......... .......... 25%  279K 12m59s
 42950K .......... .......... .......... .......... .......... 25% 80.3K 12m59s
 43000K .......... .......... .......... .......... .......... 25%  155K 12m59s
 43050K .......... .......... .......... .......... .......... 25%  220K 12m59s
 43100K .......... .......... .......... .......... .......... 25% 65.9K 13m0s
 43150K .......... .......... .......... .......... .......... 25%  131K 12m59s
 43200K .......... .......... .......... .......... .......... 26%  388K 12m59s
 43250K .......... .......... .......... .......... .......... 26%  164K 12m58s
 43300K .......... .......... .......... .......... .......... 26% 57.5K 12m59s
 43350K .......... .......... .......... .......... .......... 26%  111K 13m0s
 43400K .......... .......... .......... .......... .......... 26%  116K 13m0s
 43450K .......... .......... .......... .......... .......... 26%  609K 12m59s
 43500K .......... .......... .......... .......... .......... 26%  113K 12m59s
 43550K .......... .......... .......... .......... .......... 26%  518K 12m58s
 43600K .......... .......... .......... .......... .......... 26%  104K 12m58s
 43650K .......... .......... .......... .......... .......... 26% 85.3K 12m58s
 43700K .......... .......... .......... .......... .......... 26%  101K 12m58s
 43750K .......... .......... .......... .......... .......... 26%  146K 12m58s
 43800K .......... .......... .......... .......... .......... 26%  221K 12m58s
 43850K .......... .......... .......... .......... .......... 26% 94.2K 12m58s
 43900K .......... .......... .......... .......... .......... 26%  156K 12m58s
 43950K .......... .......... .......... .......... .......... 26% 76.2K 12m58s
 44000K .......... .......... .......... .......... .......... 26%  144K 12m58s
 44050K .......... .......... .......... .......... .......... 26%  664K 12m57s
 44100K .......... .......... .......... .......... .......... 26%  255K 12m56s
 44150K .......... .......... .......... .......... .......... 26%  121K 12m56s
 44200K .......... .......... .......... .......... .......... 26%  329K 12m55s
 44250K .......... .......... .......... .......... .......... 26% 66.3K 12m56s
 44300K .......... .......... .......... .......... .......... 26% 88.1K 12m57s
 44350K .......... .......... .......... .......... .......... 26%  133K 12m57s
 44400K .......... .......... .......... .......... .......... 26%  776K 12m56s
 44450K .......... .......... .......... .......... .......... 26%  146K 12m55s
 44500K .......... .......... .......... .......... .......... 26%  125K 12m55s
 44550K .......... .......... .......... .......... .......... 26%  441K 12m54s
 44600K .......... .......... .......... .......... .......... 26% 78.4K 12m55s
 44650K .......... .......... .......... .......... .......... 26%  214K 12m54s
 44700K .......... .......... .......... .......... .......... 26%  156K 12m54s
 44750K .......... .......... .......... .......... .......... 26%  158K 12m54s
 44800K .......... .......... .......... .......... .......... 26%  124K 12m54s
 44850K .......... .......... .......... .......... .......... 27%  173K 12m53s
 44900K .......... .......... .......... .......... .......... 27%  210K 12m53s
 44950K .......... .......... .......... .......... .......... 27%  126K 12m53s
 45000K .......... .......... .......... .......... .......... 27%  263K 12m52s
 45050K .......... .......... .......... .......... .......... 27%  763K 12m51s
 45100K .......... .......... .......... .......... .......... 27%  186K 12m50s
 45150K .......... .......... .......... .......... .......... 27%  366K 12m50s
 45200K .......... .......... .......... .......... .......... 27%  118K 12m50s
 45250K .......... .......... .......... .......... .......... 27%  730K 12m49s
 45300K .......... .......... .......... .......... .......... 27%  622K 12m48s
 45350K .......... .......... .......... .......... .......... 27%  348K 12m47s
 45400K .......... .......... .......... .......... .......... 27%  810K 12m46s
 45450K .......... .......... .......... .......... .......... 27%  359K 12m45s
 45500K .......... .......... .......... .......... .......... 27%  372K 12m44s
 45550K .......... .......... .......... .......... .......... 27%  294K 12m44s
 45600K .......... .......... .......... .......... .......... 27%  237K 12m43s
 45650K .......... .......... .......... .......... .......... 27%  351K 12m42s
 45700K .......... .......... .......... .......... .......... 27%  365K 12m41s
 45750K .......... .......... .......... .......... .......... 27%  219K 12m41s
 45800K .......... .......... .......... .......... .......... 27%  285K 12m40s
 45850K .......... .......... .......... .......... .......... 27% 67.3K 12m41s
 45900K .......... .......... .......... .......... .......... 27%  307K 12m40s
 45950K .......... .......... .......... .......... .......... 27%  292K 12m40s
 46000K .......... .......... .......... .......... .......... 27%  293K 12m39s
 46050K .......... .......... .......... .......... .......... 27%  232K 12m38s
 46100K .......... .......... .......... .......... .......... 27%  100K 12m38s
 46150K .......... .......... .......... .......... .......... 27%  282K 12m38s
 46200K .......... .......... .......... .......... .......... 27%  173K 12m37s
 46250K .......... .......... .......... .......... .......... 27%  145K 12m37s
 46300K .......... .......... .......... .......... .......... 27%  229K 12m37s
 46350K .......... .......... .......... .......... .......... 27%  176K 12m36s
 46400K .......... .......... .......... .......... .......... 27%  883K 12m35s
 46450K .......... .......... .......... .......... .......... 27%  202K 12m35s
 46500K .......... .......... .......... .......... .......... 27%  357K 12m34s
 46550K .......... .......... .......... .......... .......... 28%  640K 12m33s
 46600K .......... .......... .......... .......... .......... 28%  368K 12m32s
 46650K .......... .......... .......... .......... .......... 28%  352K 12m32s
 46700K .......... .......... .......... .......... .......... 28%  402K 12m31s
 46750K .......... .......... .......... .......... .......... 28%  446K 12m30s
 46800K .......... .......... .......... .......... .......... 28%  259K 12m29s
 46850K .......... .......... .......... .......... .......... 28% 82.4K 12m30s
 46900K .......... .......... .......... .......... .......... 28%  164K 12m29s
 46950K .......... .......... .......... .......... .......... 28%  215K 12m29s
 47000K .......... .......... .......... .......... .......... 28%  210K 12m28s
 47050K .......... .......... .......... .......... .......... 28%  279K 12m28s
 47100K .......... .......... .......... .......... .......... 28%  128K 12m28s
 47150K .......... .......... .......... .......... .......... 28%  386K 12m27s
 47200K .......... .......... .......... .......... .......... 28%  213K 12m26s
 47250K .......... .......... .......... .......... .......... 28% 97.8K 12m26s
 47300K .......... .......... .......... .......... .......... 28%  255K 12m26s
 47350K .......... .......... .......... .......... .......... 28%  366K 12m25s
 47400K .......... .......... .......... .......... .......... 28%  466K 12m24s
 47450K .......... .......... .......... .......... .......... 28%  205K 12m24s
 47500K .......... .......... .......... .......... .......... 28%  206K 12m23s
 47550K .......... .......... .......... .......... .......... 28%  334K 12m23s
 47600K .......... .......... .......... .......... .......... 28%  180K 12m22s
 47650K .......... .......... .......... .......... .......... 28%  281K 12m22s
 47700K .......... .......... .......... .......... .......... 28%  173K 12m21s
 47750K .......... .......... .......... .......... .......... 28% 88.8K 12m21s
 47800K .......... .......... .......... .......... .......... 28%  243K 12m21s
 47850K .......... .......... .......... .......... .......... 28%  293K 12m20s
 47900K .......... .......... .......... .......... .......... 28%  242K 12m20s
 47950K .......... .......... .......... .......... .......... 28%  224K 12m19s
 48000K .......... .......... .......... .......... .......... 28%  255K 12m19s
 48050K .......... .......... .......... .......... .......... 28% 63.9K 12m19s
 48100K .......... .......... .......... .......... .......... 28%  461K 12m19s
 48150K .......... .......... .......... .......... .......... 28%  600K 12m18s
 48200K .......... .......... .......... .......... .......... 29%  236K 12m17s
 48250K .......... .......... .......... .......... .......... 29%  296K 12m16s
 48300K .......... .......... .......... .......... .......... 29%  111K 12m16s
 48350K .......... .......... .......... .......... .......... 29%  204K 12m16s
 48400K .......... .......... .......... .......... .......... 29%  122K 12m16s
 48450K .......... .......... .......... .......... .......... 29%  132K 12m16s
 48500K .......... .......... .......... .......... .......... 29%  545K 12m15s
 48550K .......... .......... .......... .......... .......... 29%  113K 12m15s
 48600K .......... .......... .......... .......... .......... 29%  299K 12m14s
 48650K .......... .......... .......... .......... .......... 29%  117K 12m14s
 48700K .......... .......... .......... .......... .......... 29%  226K 12m14s
 48750K .......... .......... .......... .......... .......... 29%  122K 12m14s
 48800K .......... .......... .......... .......... .......... 29%  457K 12m13s
 48850K .......... .......... .......... .......... .......... 29%  192K 12m12s
 48900K .......... .......... .......... .......... .......... 29% 86.0K 12m13s
 48950K .......... .......... .......... .......... .......... 29%  244K 12m12s
 49000K .......... .......... .......... .......... .......... 29%  150K 12m12s
 49050K .......... .......... .......... .......... .......... 29%  131K 12m12s
 49100K .......... .......... .......... .......... .......... 29%  105K 12m12s
 49150K .......... .......... .......... .......... .......... 29%  344K 12m11s
 49200K .......... .......... .......... .......... .......... 29%  589K 12m10s
 49250K .......... .......... .......... .......... .......... 29%  460K 12m9s
 49300K .......... .......... .......... .......... .......... 29% 1.12M 12m9s
 49350K .......... .......... .......... .......... .......... 29%  505K 12m8s
 49400K .......... .......... .......... .......... .......... 29%  236K 12m7s
 49450K .......... .......... .......... .......... .......... 29%  705K 12m6s
 49500K .......... .......... .......... .......... .......... 29%  713K 12m5s
 49550K .......... .......... .......... .......... .......... 29%  359K 12m5s
 49600K .......... .......... .......... .......... .......... 29%  349K 12m4s
 49650K .......... .......... .......... .......... .......... 29%  425K 12m3s
 49700K .......... .......... .......... .......... .......... 29%  203K 12m3s
 49750K .......... .......... .......... .......... .......... 29%  137K 12m3s
 49800K .......... .......... .......... .......... .......... 29%  357K 12m2s
 49850K .......... .......... .......... .......... .......... 30%  621K 12m1s
 49900K .......... .......... .......... .......... .......... 30%  310K 12m0s
 49950K .......... .......... .......... .......... .......... 30%  355K 12m0s
 50000K .......... .......... .......... .......... .......... 30%  527K 11m59s
 50050K .......... .......... .......... .......... .......... 30%  278K 11m58s
 50100K .......... .......... .......... .......... .......... 30%  377K 11m58s
 50150K .......... .......... .......... .......... .......... 30%  363K 11m57s
 50200K .......... .......... .......... .......... .......... 30%  357K 11m56s
 50250K .......... .......... .......... .......... .......... 30%  119K 11m56s
 50300K .......... .......... .......... .......... .......... 30%  208K 11m56s
 50350K .......... .......... .......... .......... .......... 30%  194K 11m55s
 50400K .......... .......... .......... .......... .......... 30%  457K 11m54s
 50450K .......... .......... .......... .......... .......... 30%  224K 11m54s
 50500K .......... .......... .......... .......... .......... 30%  442K 11m53s
 50550K .......... .......... .......... .......... .......... 30%  470K 11m52s
 50600K .......... .......... .......... .......... .......... 30%  160K 11m52s
 50650K .......... .......... .......... .......... .......... 30%  993K 11m51s
 50700K .......... .......... .......... .......... .......... 30%  303K 11m51s
 50750K .......... .......... .......... .......... .......... 30%  442K 11m50s
 50800K .......... .......... .......... .......... .......... 30%  566K 11m49s
 50850K .......... .......... .......... .......... .......... 30%  351K 11m48s
 50900K .......... .......... .......... .......... .......... 30%  290K 11m48s
 50950K .......... .......... .......... .......... .......... 30%  298K 11m47s
 51000K .......... .......... .......... .......... .......... 30%  241K 11m47s
 51050K .......... .......... .......... .......... .......... 30%  246K 11m46s
 51100K .......... .......... .......... .......... .......... 30%  324K 11m45s
 51150K .......... .......... .......... .......... .......... 30%  353K 11m45s
 51200K .......... .......... .......... .......... .......... 30%  469K 11m44s
 51250K .......... .......... .......... .......... .......... 30%  194K 11m44s
 51300K .......... .......... .......... .......... .......... 30%  310K 11m43s
 51350K .......... .......... .......... .......... .......... 30%  314K 11m42s
 51400K .......... .......... .......... .......... .......... 30%  462K 11m42s
 51450K .......... .......... .......... .......... .......... 30%  195K 11m41s
 51500K .......... .......... .......... .......... .......... 31%  335K 11m40s
 51550K .......... .......... .......... .......... .......... 31%  197K 11m40s
 51600K .......... .......... .......... .......... .......... 31%  385K 11m39s
 51650K .......... .......... .......... .......... .......... 31%  507K 11m39s
 51700K .......... .......... .......... .......... .......... 31%  357K 11m38s
 51750K .......... .......... .......... .......... .......... 31%  242K 11m37s
 51800K .......... .......... .......... .......... .......... 31%  232K 11m37s
 51850K .......... .......... .......... .......... .......... 31%  327K 11m36s
 51900K .......... .......... .......... .......... .......... 31%  307K 11m36s
 51950K .......... .......... .......... .......... .......... 31%  217K 11m35s
 52000K .......... .......... .......... .......... .......... 31%  324K 11m35s
 52050K .......... .......... .......... .......... .......... 31%  161K 11m34s
 52100K .......... .......... .......... .......... .......... 31%  171K 11m34s
 52150K .......... .......... .......... .......... .......... 31%  723K 11m33s
 52200K .......... .......... .......... .......... .......... 31%  303K 11m32s
 52250K .......... .......... .......... .......... .......... 31%  421K 11m32s
 52300K .......... .......... .......... .......... .......... 31%  399K 11m31s
 52350K .......... .......... .......... .......... .......... 31%  280K 11m31s
 52400K .......... .......... .......... .......... .......... 31%  407K 11m30s
 52450K .......... .......... .......... .......... .......... 31%  292K 11m29s
 52500K .......... .......... .......... .......... .......... 31%  491K 11m28s
 52550K .......... .......... .......... .......... .......... 31%  373K 11m28s
 52600K .......... .......... .......... .......... .......... 31%  363K 11m27s
 52650K .......... .......... .......... .......... .......... 31%  478K 11m26s
 52700K .......... .......... .......... .......... .......... 31%  144K 11m26s
 52750K .......... .......... .......... .......... .......... 31%  360K 11m26s
 52800K .......... .......... .......... .......... .......... 31%  314K 11m25s
 52850K .......... .......... .......... .......... .......... 31%  460K 11m24s
 52900K .......... .......... .......... .......... .......... 31%  377K 11m24s
 52950K .......... .......... .......... .......... .......... 31%  339K 11m23s
 53000K .......... .......... .......... .......... .......... 31%  158K 11m23s
 53050K .......... .......... .......... .......... .......... 31%  506K 11m22s
 53100K .......... .......... .......... .......... .......... 31%  187K 11m22s
 53150K .......... .......... .......... .......... .......... 31%  436K 11m21s
 53200K .......... .......... .......... .......... .......... 32%  291K 11m20s
 53250K .......... .......... .......... .......... .......... 32%  510K 11m20s
 53300K .......... .......... .......... .......... .......... 32%  335K 11m19s
 53350K .......... .......... .......... .......... .......... 32%  184K 11m19s
 53400K .......... .......... .......... .......... .......... 32%  161K 11m18s
 53450K .......... .......... .......... .......... .......... 32%  168K 11m18s
 53500K .......... .......... .......... .......... .......... 32%  276K 11m17s
 53550K .......... .......... .......... .......... .......... 32%  410K 11m17s
 53600K .......... .......... .......... .......... .......... 32%  370K 11m16s
 53650K .......... .......... .......... .......... .......... 32%  167K 11m16s
 53700K .......... .......... .......... .......... .......... 32%  373K 11m15s
 53750K .......... .......... .......... .......... .......... 32%  283K 11m15s
 53800K .......... .......... .......... .......... .......... 32%  272K 11m14s
 53850K .......... .......... .......... .......... .......... 32%  276K 11m14s
 53900K .......... .......... .......... .......... .......... 32%  203K 11m13s
 53950K .......... .......... .......... .......... .......... 32%  190K 11m13s
 54000K .......... .......... .......... .......... .......... 32%  330K 11m12s
 54050K .......... .......... .......... .......... .......... 32%  163K 11m12s
 54100K .......... .......... .......... .......... .......... 32%  186K 11m11s
 54150K .......... .......... .......... .......... .......... 32%  308K 11m11s
 54200K .......... .......... .......... .......... .......... 32%  274K 11m10s
 54250K .......... .......... .......... .......... .......... 32%  387K 11m10s
 54300K .......... .......... .......... .......... .......... 32% 91.1K 11m10s
 54350K .......... .......... .......... .......... .......... 32%  282K 11m9s
 54400K .......... .......... .......... .......... .......... 32%  441K 11m9s
 54450K .......... .......... .......... .......... .......... 32%  322K 11m8s
 54500K .......... .......... .......... .......... .......... 32%  296K 11m8s
 54550K .......... .......... .......... .......... .......... 32%  139K 11m7s
 54600K .......... .......... .......... .......... .......... 32%  112K 11m7s
 54650K .......... .......... .......... .......... .......... 32%  277K 11m7s
 54700K .......... .......... .......... .......... .......... 32%  320K 11m6s
 54750K .......... .......... .......... .......... .......... 32%  205K 11m6s
 54800K .......... .......... .......... .......... .......... 32%  291K 11m5s
 54850K .......... .......... .......... .......... .......... 33%  139K 11m5s
 54900K .......... .......... .......... .......... .......... 33%  237K 11m5s
 54950K .......... .......... .......... .......... .......... 33%  149K 11m4s
 55000K .......... .......... .......... .......... .......... 33%  408K 11m4s
 55050K .......... .......... .......... .......... .......... 33%  411K 11m3s
 55100K .......... .......... .......... .......... .......... 33%  212K 11m3s
 55150K .......... .......... .......... .......... .......... 33%  145K 11m2s
 55200K .......... .......... .......... .......... .......... 33%  361K 11m2s
 55250K .......... .......... .......... .......... .......... 33%  614K 11m1s
 55300K .......... .......... .......... .......... .......... 33%  406K 11m0s
 55350K .......... .......... .......... .......... .......... 33%  162K 11m0s
 55400K .......... .......... .......... .......... .......... 33%  266K 11m0s
 55450K .......... .......... .......... .......... .......... 33%  359K 10m59s
 55500K .......... .......... .......... .......... .......... 33%  185K 10m59s
 55550K .......... .......... .......... .......... .......... 33%  384K 10m58s
 55600K .......... .......... .......... .......... .......... 33% 64.0K 10m59s
 55650K .......... .......... .......... .......... .......... 33%  122K 10m59s
 55700K .......... .......... .......... .......... .......... 33%  184K 10m58s
 55750K .......... .......... .......... .......... .......... 33%  230K 10m58s
 55800K .......... .......... .......... .......... .......... 33%  369K 10m57s
 55850K .......... .......... .......... .......... .......... 33%  424K 10m57s
 55900K .......... .......... .......... .......... .......... 33%  247K 10m56s
 55950K .......... .......... .......... .......... .......... 33%  128K 10m56s
 56000K .......... .......... .......... .......... .......... 33%  473K 10m55s
 56050K .......... .......... .......... .......... .......... 33%  230K 10m55s
 56100K .......... .......... .......... .......... .......... 33%  275K 10m54s
 56150K .......... .......... .......... .......... .......... 33%  262K 10m54s
 56200K .......... .......... .......... .......... .......... 33%  171K 10m54s
 56250K .......... .......... .......... .......... .......... 33%  443K 10m53s
 56300K .......... .......... .......... .......... .......... 33%  439K 10m52s
 56350K .......... .......... .......... .......... .......... 33%  388K 10m52s
 56400K .......... .......... .......... .......... .......... 33%  424K 10m51s
 56450K .......... .......... .......... .......... .......... 33%  449K 10m50s
 56500K .......... .......... .......... .......... .......... 34%  308K 10m50s
 56550K .......... .......... .......... .......... .......... 34%  371K 10m49s
 56600K .......... .......... .......... .......... .......... 34%  442K 10m48s
 56650K .......... .......... .......... .......... .......... 34%  174K 10m48s
 56700K .......... .......... .......... .......... .......... 34%  165K 10m48s
 56750K .......... .......... .......... .......... .......... 34%  145K 10m48s
 56800K .......... .......... .......... .......... .......... 34%  385K 10m47s
 56850K .......... .......... .......... .......... .......... 34%  110K 10m47s
 56900K .......... .......... .......... .......... .......... 34%  306K 10m47s
 56950K .......... .......... .......... .......... .......... 34%  209K 10m46s
 57000K .......... .......... .......... .......... .......... 34%  113K 10m46s
 57050K .......... .......... .......... .......... .......... 34%  510K 10m45s
 57100K .......... .......... .......... .......... .......... 34%  191K 10m45s
 57150K .......... .......... .......... .......... .......... 34%  363K 10m44s
 57200K .......... .......... .......... .......... .......... 34% 73.8K 10m45s
 57250K .......... .......... .......... .......... .......... 34%  330K 10m44s
 57300K .......... .......... .......... .......... .......... 34%  448K 10m44s
 57350K .......... .......... .......... .......... .......... 34%  530K 10m43s
 57400K .......... .......... .......... .......... .......... 34%  424K 10m42s
 57450K .......... .......... .......... .......... .......... 34%  262K 10m42s
 57500K .......... .......... .......... .......... .......... 34%  354K 10m41s
 57550K .......... .......... .......... .......... .......... 34%  425K 10m41s
 57600K .......... .......... .......... .......... .......... 34%  111K 10m41s
 57650K .......... .......... .......... .......... .......... 34%  750K 10m40s
 57700K .......... .......... .......... .......... .......... 34%  373K 10m39s
 57750K .......... .......... .......... .......... .......... 34%  524K 10m39s
 57800K .......... .......... .......... .......... .......... 34%  142K 10m38s
 57850K .......... .......... .......... .......... .......... 34%  275K 10m38s
 57900K .......... .......... .......... .......... .......... 34%  170K 10m38s
 57950K .......... .......... .......... .......... .......... 34%  162K 10m37s
 58000K .......... .......... .......... .......... .......... 34%  230K 10m37s
 58050K .......... .......... .......... .......... .......... 34% 78.2K 10m37s
 58100K .......... .......... .......... .......... .......... 34% 65.9K 10m38s
 58150K .......... .......... .......... .......... .......... 35%  123K 10m38s
 58200K .......... .......... .......... .......... .......... 35%  352K 10m37s
 58250K .......... .......... .......... .......... .......... 35%  267K 10m37s
 58300K .......... .......... .......... .......... .......... 35%  409K 10m36s
 58350K .......... .......... .......... .......... .......... 35%  115K 10m36s
 58400K .......... .......... .......... .......... .......... 35%  380K 10m35s
 58450K .......... .......... .......... .......... .......... 35% 40.7K 10m37s
 58500K .......... .......... .......... .......... .......... 35% 73.8K 10m37s
 58550K .......... .......... .......... .......... .......... 35%  120K 10m37s
 58600K .......... .......... .......... .......... .......... 35%  285K 10m37s
 58650K .......... .......... .......... .......... .......... 35%  692K 10m36s
 58700K .......... .......... .......... .......... .......... 35%  213K 10m36s
 58750K .......... .......... .......... .......... .......... 35%  444K 10m35s
 58800K .......... .......... .......... .......... .......... 35% 75.2K 10m35s
 58850K .......... .......... .......... .......... .......... 35%  252K 10m35s
 58900K .......... .......... .......... .......... .......... 35%  497K 10m34s
 58950K .......... .......... .......... .......... .......... 35%  354K 10m34s
 59000K .......... .......... .......... .......... .......... 35%  181K 10m33s
 59050K .......... .......... .......... .......... .......... 35%  136K 10m33s
 59100K .......... .......... .......... .......... .......... 35%  277K 10m33s
 59150K .......... .......... .......... .......... .......... 35%  147K 10m32s
 59200K .......... .......... .......... .......... .......... 35% 62.5K 10m33s
 59250K .......... .......... .......... .......... .......... 35% 48.3K 10m34s
 59300K .......... .......... .......... .......... .......... 35%  236K 10m34s
 59350K .......... .......... .......... .......... .......... 35%  312K 10m33s
 59400K .......... .......... .......... .......... .......... 35%  156K 10m33s
 59450K .......... .......... .......... .......... .......... 35% 56.1K 10m34s
 59500K .......... .......... .......... .......... .......... 35% 58.1K 10m34s
 59550K .......... .......... .......... .......... .......... 35%  151K 10m34s
 59600K .......... .......... .......... .......... .......... 35% 45.1K 10m35s
 59650K .......... .......... .......... .......... .......... 35%  112K 10m35s
 59700K .......... .......... .......... .......... .......... 35%  438K 10m35s
 59750K .......... .......... .......... .......... .......... 35%  273K 10m34s
 59800K .......... .......... .......... .......... .......... 35%  117K 10m34s
 59850K .......... .......... .......... .......... .......... 36% 57.4K 10m35s
 59900K .......... .......... .......... .......... .......... 36%  215K 10m34s
 59950K .......... .......... .......... .......... .......... 36% 82.9K 10m35s
 60000K .......... .......... .......... .......... .......... 36% 75.7K 10m35s
 60050K .......... .......... .......... .......... .......... 36%  313K 10m34s
 60100K .......... .......... .......... .......... .......... 36%  149K 10m34s
 60150K .......... .......... .......... .......... .......... 36%  322K 10m34s
 60200K .......... .......... .......... .......... .......... 36%  107K 10m34s
 60250K .......... .......... .......... .......... .......... 36%  149K 10m33s
 60300K .......... .......... .......... .......... .......... 36%  106K 10m33s
 60350K .......... .......... .......... .......... .......... 36%  118K 10m33s
 60400K .......... .......... .......... .......... .......... 36%  318K 10m33s
 60450K .......... .......... .......... .......... .......... 36%  115K 10m33s
 60500K .......... .......... .......... .......... .......... 36%  300K 10m32s
 60550K .......... .......... .......... .......... .......... 36%  187K 10m32s
 60600K .......... .......... .......... .......... .......... 36%  341K 10m31s
 60650K .......... .......... .......... .......... .......... 36%  128K 10m31s
 60700K .......... .......... .......... .......... .......... 36%  326K 10m31s
 60750K .......... .......... .......... .......... .......... 36%  226K 10m30s
 60800K .......... .......... .......... .......... .......... 36%  438K 10m30s
 60850K .......... .......... .......... .......... .......... 36% 67.8K 10m30s
 60900K .......... .......... .......... .......... .......... 36%  425K 10m29s
 60950K .......... .......... .......... .......... .......... 36%  274K 10m29s
 61000K .......... .......... .......... .......... .......... 36%  121K 10m29s
 61050K .......... .......... .......... .......... .......... 36% 74.7K 10m29s
 61100K .......... .......... .......... .......... .......... 36%  194K 10m29s
 61150K .......... .......... .......... .......... .......... 36%  451K 10m28s
 61200K .......... .......... .......... .......... .......... 36% 42.0K 10m29s
 61250K .......... .......... .......... .......... .......... 36% 58.8K 10m30s
 61300K .......... .......... .......... .......... .......... 36%  109K 10m30s
 61350K .......... .......... .......... .......... .......... 36%  309K 10m29s
 61400K .......... .......... .......... .......... .......... 36%  101K 10m29s
 61450K .......... .......... .......... .......... .......... 36%  228K 10m29s
 61500K .......... .......... .......... .......... .......... 37%  316K 10m28s
 61550K .......... .......... .......... .......... .......... 37%  182K 10m28s
 61600K .......... .......... .......... .......... .......... 37%  157K 10m28s
 61650K .......... .......... .......... .......... .......... 37%  644K 10m27s
 61700K .......... .......... .......... .......... .......... 37%  254K 10m27s
 61750K .......... .......... .......... .......... .......... 37% 55.6K 10m27s
 61800K .......... .......... .......... .......... .......... 37%  535K 10m27s
 61850K .......... .......... .......... .......... .......... 37%  139K 10m27s
 61900K .......... .......... .......... .......... .......... 37%  440K 10m26s
 61950K .......... .......... .......... .......... .......... 37%  194K 10m26s
 62000K .......... .......... .......... .......... .......... 37%  110K 10m26s
 62050K .......... .......... .......... .......... .......... 37%  404K 10m25s
 62100K .......... .......... .......... .......... .......... 37%  153K 10m25s
 62150K .......... .......... .......... .......... .......... 37%  272K 10m24s
 62200K .......... .......... .......... .......... .......... 37% 86.9K 10m24s
 62250K .......... .......... .......... .......... .......... 37%  124K 10m24s
 62300K .......... .......... .......... .......... .......... 37%  746K 10m24s
 62350K .......... .......... .......... .......... .......... 37%  193K 10m23s
 62400K .......... .......... .......... .......... .......... 37% 85.6K 10m23s
 62450K .......... .......... .......... .......... .......... 37%  156K 10m23s
 62500K .......... .......... .......... .......... .......... 37%  307K 10m23s
 62550K .......... .......... .......... .......... .......... 37%  192K 10m22s
 62600K .......... .......... .......... .......... .......... 37%  238K 10m22s
 62650K .......... .......... .......... .......... .......... 37%  123K 10m22s
 62700K .......... .......... .......... .......... .......... 37%  257K 10m21s
 62750K .......... .......... .......... .......... .......... 37%  226K 10m21s
 62800K .......... .......... .......... .......... .......... 37%  304K 10m20s
 62850K .......... .......... .......... .......... .......... 37% 86.3K 10m20s
 62900K .......... .......... .......... .......... .......... 37% 72.7K 10m21s
 62950K .......... .......... .......... .......... .......... 37%  126K 10m21s
 63000K .......... .......... .......... .......... .......... 37%  509K 10m20s
 63050K .......... .......... .......... .......... .......... 37%  269K 10m19s
 63100K .......... .......... .......... .......... .......... 37%  179K 10m19s
 63150K .......... .......... .......... .......... .......... 38%  236K 10m19s
 63200K .......... .......... .......... .......... .......... 38% 50.9K 10m19s
 63250K .......... .......... .......... .......... .......... 38% 85.8K 10m20s
 63300K .......... .......... .......... .......... .......... 38%  318K 10m19s
 63350K .......... .......... .......... .......... .......... 38%  141K 10m19s
 63400K .......... .......... .......... .......... .......... 38% 99.9K 10m19s
 63450K .......... .......... .......... .......... .......... 38%  197K 10m18s
 63500K .......... .......... .......... .......... .......... 38%  367K 10m18s
 63550K .......... .......... .......... .......... .......... 38% 83.0K 10m18s
 63600K .......... .......... .......... .......... .......... 38%  117K 10m18s
 63650K .......... .......... .......... .......... .......... 38%  153K 10m18s
 63700K .......... .......... .......... .......... .......... 38% 93.3K 10m18s
 63750K .......... .......... .......... .......... .......... 38%  105K 10m18s
 63800K .......... .......... .......... .......... .......... 38%  446K 10m17s
 63850K .......... .......... .......... .......... .......... 38%  149K 10m17s
 63900K .......... .......... .......... .......... .......... 38%  113K 10m17s
 63950K .......... .......... .......... .......... .......... 38% 44.4K 10m18s
 64000K .......... .......... .......... .......... .......... 38%  668K 10m17s
 64050K .......... .......... .......... .......... .......... 38%  102K 10m17s
 64100K .......... .......... .......... .......... .......... 38%  118K 10m17s
 64150K .......... .......... .......... .......... .......... 38%  483K 10m17s
 64200K .......... .......... .......... .......... .......... 38%  104K 10m16s
 64250K .......... .......... .......... .......... .......... 38%  164K 10m16s
 64300K .......... .......... .......... .......... .......... 38%  204K 10m16s
 64350K .......... .......... .......... .......... .......... 38% 90.7K 10m16s
 64400K .......... .......... .......... .......... .......... 38%  304K 10m15s
 64450K .......... .......... .......... .......... .......... 38% 62.2K 10m16s
 64500K .......... .......... .......... .......... .......... 38%  478K 10m15s
 64550K .......... .......... .......... .......... .......... 38%  189K 10m15s
 64600K .......... .......... .......... .......... .......... 38%  117K 10m15s
 64650K .......... .......... .......... .......... .......... 38%  198K 10m14s
 64700K .......... .......... .......... .......... .......... 38%  264K 10m14s
 64750K .......... .......... .......... .......... .......... 38%  159K 10m14s
 64800K .......... .......... .......... .......... .......... 39% 62.1K 10m14s
 64850K .......... .......... .......... .......... .......... 39% 52.6K 10m15s
 64900K .......... .......... .......... .......... .......... 39%  122K 10m15s
 64950K .......... .......... .......... .......... .......... 39% 89.9K 10m15s
 65000K .......... .......... .......... .......... .......... 39% 95.2K 10m15s
 65050K .......... .......... .......... .......... .......... 39%  101K 10m15s
 65100K .......... .......... .......... .......... .......... 39% 88.3K 10m15s
 65150K .......... .......... .......... .......... .......... 39%  139K 10m15s
 65200K .......... .......... .......... .......... .......... 39%  190K 10m14s
 65250K .......... .......... .......... .......... .......... 39%  203K 10m14s
 65300K .......... .......... .......... .......... .......... 39% 77.1K 10m14s
 65350K .......... .......... .......... .......... .......... 39% 79.7K 10m14s
 65400K .......... .......... .......... .......... .......... 39% 85.4K 10m14s
 65450K .......... .......... .......... .......... .......... 39%  254K 10m14s
 65500K .......... .......... .......... .......... .......... 39%  123K 10m14s
 65550K .......... .......... .......... .......... .......... 39%  537K 10m13s
 65600K .......... .......... .......... .......... .......... 39%  229K 10m13s
 65650K .......... .......... .......... .......... .......... 39%  194K 10m12s
 65700K .......... .......... .......... .......... .......... 39% 84.5K 10m13s
 65750K .......... .......... .......... .......... .......... 39%  312K 10m12s
 65800K .......... .......... .......... .......... .......... 39%  245K 10m12s
 65850K .......... .......... .......... .......... .......... 39%  202K 10m11s
 65900K .......... .......... .......... .......... .......... 39%  101K 10m11s
 65950K .......... .......... .......... .......... .......... 39%  160K 10m11s
 66000K .......... .......... .......... .......... .......... 39%  166K 10m11s
 66050K .......... .......... .......... .......... .......... 39%  612K 10m10s
 66100K .......... .......... .......... .......... .......... 39%  126K 10m10s
 66150K .......... .......... .......... .......... .......... 39% 86.7K 10m10s
 66200K .......... .......... .......... .......... .......... 39%  461K 10m9s
 66250K .......... .......... .......... .......... .......... 39% 98.9K 10m9s
 66300K .......... .......... .......... .......... .......... 39%  151K 10m9s
 66350K .......... .......... .......... .......... .......... 39%  156K 10m9s
 66400K .......... .......... .......... .......... .......... 39%  413K 10m8s
 66450K .......... .......... .......... .......... .......... 39% 59.7K 10m9s
 66500K .......... .......... .......... .......... .......... 40%  187K 10m8s
 66550K .......... .......... .......... .......... .......... 40%  129K 10m8s
 66600K .......... .......... .......... .......... .......... 40%  156K 10m8s
 66650K .......... .......... .......... .......... .......... 40%  199K 10m7s
 66700K .......... .......... .......... .......... .......... 40%  333K 10m7s
 66750K .......... .......... .......... .......... .......... 40%  173K 10m7s
 66800K .......... .......... .......... .......... .......... 40%  366K 10m6s
 66850K .......... .......... .......... .......... .......... 40% 98.9K 10m6s
 66900K .......... .......... .......... .......... .......... 40%  583K 10m5s
 66950K .......... .......... .......... .......... .......... 40%  110K 10m5s
 67000K .......... .......... .......... .......... .......... 40%  155K 10m5s
 67050K .......... .......... .......... .......... .......... 40%  123K 10m5s
 67100K .......... .......... .......... .......... .......... 40% 97.1K 10m5s
 67150K .......... .......... .......... .......... .......... 40%  164K 10m5s
 67200K .......... .......... .......... .......... .......... 40%  204K 10m4s
 67250K .......... .......... .......... .......... .......... 40%  416K 10m4s
 67300K .......... .......... .......... .......... .......... 40%  349K 10m3s
 67350K .......... .......... .......... .......... .......... 40%  163K 10m3s
 67400K .......... .......... .......... .......... .......... 40%  179K 10m2s
 67450K .......... .......... .......... .......... .......... 40%  227K 10m2s
 67500K .......... .......... .......... .......... .......... 40%  171K 10m2s
 67550K .......... .......... .......... .......... .......... 40%  480K 10m1s
 67600K .......... .......... .......... .......... .......... 40%  125K 10m1s
 67650K .......... .......... .......... .......... .......... 40% 77.7K 10m1s
 67700K .......... .......... .......... .......... .......... 40%  193K 10m1s
 67750K .......... .......... .......... .......... .......... 40%  159K 10m0s
 67800K .......... .......... .......... .......... .......... 40%  381K 10m0s
 67850K .......... .......... .......... .......... .......... 40%  206K 9m59s
 67900K .......... .......... .......... .......... .......... 40%  285K 9m59s
 67950K .......... .......... .......... .......... .......... 40%  200K 9m59s
 68000K .......... .......... .......... .......... .......... 40%  171K 9m58s
 68050K .......... .......... .......... .......... .......... 40%  530K 9m58s
 68100K .......... .......... .......... .......... .......... 40%  217K 9m57s
 68150K .......... .......... .......... .......... .......... 41%  145K 9m57s
 68200K .......... .......... .......... .......... .......... 41%  110K 9m57s
 68250K .......... .......... .......... .......... .......... 41%  195K 9m57s
 68300K .......... .......... .......... .......... .......... 41%  124K 9m56s
 68350K .......... .......... .......... .......... .......... 41%  451K 9m56s
 68400K .......... .......... .......... .......... .......... 41%  245K 9m55s
 68450K .......... .......... .......... .......... .......... 41% 85.2K 9m55s
 68500K .......... .......... .......... .......... .......... 41%  261K 9m55s
 68550K .......... .......... .......... .......... .......... 41% 85.8K 9m55s
 68600K .......... .......... .......... .......... .......... 41%  148K 9m55s
 68650K .......... .......... .......... .......... .......... 41%  240K 9m54s
 68700K .......... .......... .......... .......... .......... 41%  167K 9m54s
 68750K .......... .......... .......... .......... .......... 41%  463K 9m53s
 68800K .......... .......... .......... .......... .......... 41%  118K 9m53s
 68850K .......... .......... .......... .......... .......... 41%  164K 9m53s
 68900K .......... .......... .......... .......... .......... 41%  245K 9m53s
 68950K .......... .......... .......... .......... .......... 41%  234K 9m52s
 69000K .......... .......... .......... .......... .......... 41% 93.9K 9m52s
 69050K .......... .......... .......... .......... .......... 41%  529K 9m52s
 69100K .......... .......... .......... .......... .......... 41%  118K 9m51s
 69150K .......... .......... .......... .......... .......... 41%  193K 9m51s
 69200K .......... .......... .......... .......... .......... 41%  102K 9m51s
 69250K .......... .......... .......... .......... .......... 41%  141K 9m51s
 69300K .......... .......... .......... .......... .......... 41%  193K 9m50s
 69350K .......... .......... .......... .......... .......... 41%  132K 9m50s
 69400K .......... .......... .......... .......... .......... 41%  558K 9m50s
 69450K .......... .......... .......... .......... .......... 41% 89.0K 9m50s
 69500K .......... .......... .......... .......... .......... 41%  256K 9m49s
 69550K .......... .......... .......... .......... .......... 41%  145K 9m49s
 69600K .......... .......... .......... .......... .......... 41%  205K 9m49s
 69650K .......... .......... .......... .......... .......... 41%  330K 9m48s
 69700K .......... .......... .......... .......... .......... 41%  332K 9m48s
 69750K .......... .......... .......... .......... .......... 41%  370K 9m47s
 69800K .......... .......... .......... .......... .......... 42%  283K 9m47s
 69850K .......... .......... .......... .......... .......... 42%  172K 9m46s
 69900K .......... .......... .......... .......... .......... 42%  274K 9m46s
 69950K .......... .......... .......... .......... .......... 42%  456K 9m45s
 70000K .......... .......... .......... .......... .......... 42%  248K 9m45s
 70050K .......... .......... .......... .......... .......... 42%  343K 9m44s
 70100K .......... .......... .......... .......... .......... 42%  150K 9m44s
 70150K .......... .......... .......... .......... .......... 42%  263K 9m43s
 70200K .......... .......... .......... .......... .......... 42%  182K 9m43s
 70250K .......... .......... .......... .......... .......... 42% 67.6K 9m43s
 70300K .......... .......... .......... .......... .......... 42% 90.6K 9m43s
 70350K .......... .......... .......... .......... .......... 42%  170K 9m43s
 70400K .......... .......... .......... .......... .......... 42% 66.5K 9m43s
 70450K .......... .......... .......... .......... .......... 42% 76.1K 9m44s
 70500K .......... .......... .......... .......... .......... 42%  135K 9m43s
 70550K .......... .......... .......... .......... .......... 42%  487K 9m43s
 70600K .......... .......... .......... .......... .......... 42%  134K 9m43s
 70650K .......... .......... .......... .......... .......... 42%  181K 9m42s
 70700K .......... .......... .......... .......... .......... 42%  185K 9m42s
 70750K .......... .......... .......... .......... .......... 42%  190K 9m42s
 70800K .......... .......... .......... .......... .......... 42%  380K 9m41s
 70850K .......... .......... .......... .......... .......... 42%  150K 9m41s
 70900K .......... .......... .......... .......... .......... 42%  582K 9m40s
 70950K .......... .......... .......... .......... .......... 42% 90.7K 9m40s
 71000K .......... .......... .......... .......... .......... 42%  146K 9m40s
 71050K .......... .......... .......... .......... .......... 42%  336K 9m39s
 71100K .......... .......... .......... .......... .......... 42% 73.3K 9m40s
 71150K .......... .......... .......... .......... .......... 42%  107K 9m40s
 71200K .......... .......... .......... .......... .......... 42%  285K 9m39s
 71250K .......... .......... .......... .......... .......... 42%  213K 9m39s
 71300K .......... .......... .......... .......... .......... 42%  244K 9m38s
 71350K .......... .......... .......... .......... .......... 42% 65.0K 9m39s
 71400K .......... .......... .......... .......... .......... 42% 68.5K 9m39s
 71450K .......... .......... .......... .......... .......... 43%  388K 9m38s
 71500K .......... .......... .......... .......... .......... 43% 94.4K 9m38s
 71550K .......... .......... .......... .......... .......... 43% 71.0K 9m38s
 71600K .......... .......... .......... .......... .......... 43%  252K 9m38s
 71650K .......... .......... .......... .......... .......... 43%  386K 9m37s
 71700K .......... .......... .......... .......... .......... 43%  140K 9m37s
 71750K .......... .......... .......... .......... .......... 43%  125K 9m37s
 71800K .......... .......... .......... .......... .......... 43%  437K 9m36s
 71850K .......... .......... .......... .......... .......... 43% 52.8K 9m37s
 71900K .......... .......... .......... .......... .......... 43%  144K 9m37s
 71950K .......... .......... .......... .......... .......... 43%  287K 9m36s
 72000K .......... .......... .......... .......... .......... 43% 75.8K 9m36s
 72050K .......... .......... .......... .......... .......... 43% 81.2K 9m37s
 72100K .......... .......... .......... .......... .......... 43%  337K 9m36s
 72150K .......... .......... .......... .......... .......... 43%  585K 9m35s
 72200K .......... .......... .......... .......... .......... 43% 56.3K 9m36s
 72250K .......... .......... .......... .......... .......... 43%  224K 9m35s
 72300K .......... .......... .......... .......... .......... 43%  216K 9m35s
 72350K .......... .......... .......... .......... .......... 43%  266K 9m35s
 72400K .......... .......... .......... .......... .......... 43% 89.4K 9m35s
 72450K .......... .......... .......... .......... .......... 43% 97.9K 9m35s
 72500K .......... .......... .......... .......... .......... 43%  165K 9m34s
 72550K .......... .......... .......... .......... .......... 43%  132K 9m34s
 72600K .......... .......... .......... .......... .......... 43%  171K 9m34s
 72650K .......... .......... .......... .......... .......... 43%  362K 9m33s
 72700K .......... .......... .......... .......... .......... 43%  185K 9m33s
 72750K .......... .......... .......... .......... .......... 43%  323K 9m32s
 72800K .......... .......... .......... .......... .......... 43%  363K 9m32s
 72850K .......... .......... .......... .......... .......... 43%  424K 9m31s
 72900K .......... .......... .......... .......... .......... 43%  151K 9m31s
 72950K .......... .......... .......... .......... .......... 43%  223K 9m31s
 73000K .......... .......... .......... .......... .......... 43%  183K 9m30s
 73050K .......... .......... .......... .......... .......... 43%  143K 9m30s
 73100K .......... .......... .......... .......... .......... 43% 96.4K 9m30s
 73150K .......... .......... .......... .......... .......... 44%  304K 9m29s
 73200K .......... .......... .......... .......... .......... 44%  371K 9m29s
 73250K .......... .......... .......... .......... .......... 44%  202K 9m29s
 73300K .......... .......... .......... .......... .......... 44%  118K 9m28s
 73350K .......... .......... .......... .......... .......... 44%  107K 9m28s
 73400K .......... .......... .......... .......... .......... 44%  425K 9m28s
 73450K .......... .......... .......... .......... .......... 44% 71.6K 9m28s
 73500K .......... .......... .......... .......... .......... 44%  274K 9m28s
 73550K .......... .......... .......... .......... .......... 44%  106K 9m27s
 73600K .......... .......... .......... .......... .......... 44% 97.8K 9m27s
 73650K .......... .......... .......... .......... .......... 44% 70.6K 9m28s
 73700K .......... .......... .......... .......... .......... 44%  202K 9m27s
 73750K .......... .......... .......... .......... .......... 44%  838K 9m27s
 73800K .......... .......... .......... .......... .......... 44% 73.0K 9m27s
 73850K .......... .......... .......... .......... .......... 44%  228K 9m26s
 73900K .......... .......... .......... .......... .......... 44%  351K 9m26s
 73950K .......... .......... .......... .......... .......... 44%  345K 9m25s
 74000K .......... .......... .......... .......... .......... 44%  181K 9m25s
 74050K .......... .......... .......... .......... .......... 44%  464K 9m24s
 74100K .......... .......... .......... .......... .......... 44%  750K 9m24s
 74150K .......... .......... .......... .......... .......... 44%  278K 9m23s
 74200K .......... .......... .......... .......... .......... 44%  119K 9m23s
 74250K .......... .......... .......... .......... .......... 44%  347K 9m23s
 74300K .......... .......... .......... .......... .......... 44% 99.2K 9m23s
 74350K .......... .......... .......... .......... .......... 44% 72.2K 9m23s
 74400K .......... .......... .......... .......... .......... 44%  307K 9m22s
 74450K .......... .......... .......... .......... .......... 44% 78.0K 9m22s
 74500K .......... .......... .......... .......... .......... 44% 57.4K 9m23s
 74550K .......... .......... .......... .......... .......... 44%  135K 9m23s
 74600K .......... .......... .......... .......... .......... 44% 54.0K 9m23s
 74650K .......... .......... .......... .......... .......... 44%  365K 9m22s
 74700K .......... .......... .......... .......... .......... 44%  101K 9m22s
 74750K .......... .......... .......... .......... .......... 44%  499K 9m22s
 74800K .......... .......... .......... .......... .......... 45% 88.6K 9m22s
 74850K .......... .......... .......... .......... .......... 45%  214K 9m21s
 74900K .......... .......... .......... .......... .......... 45%  855K 9m21s
 74950K .......... .......... .......... .......... .......... 45% 93.4K 9m21s
 75000K .......... .......... .......... .......... .......... 45% 98.5K 9m21s
 75050K .......... .......... .......... .......... .......... 45%  174K 9m20s
 75100K .......... .......... .......... .......... .......... 45%  413K 9m20s
 75150K .......... .......... .......... .......... .......... 45%  157K 9m20s
 75200K .......... .......... .......... .......... .......... 45%  266K 9m19s
 75250K .......... .......... .......... .......... .......... 45%  103K 9m19s
 75300K .......... .......... .......... .......... .......... 45%  254K 9m19s
 75350K .......... .......... .......... .......... .......... 45% 63.2K 9m19s
 75400K .......... .......... .......... .......... .......... 45% 98.9K 9m19s
 75450K .......... .......... .......... .......... .......... 45% 91.7K 9m19s
 75500K .......... .......... .......... .......... .......... 45% 62.4K 9m19s
 75550K .......... .......... .......... .......... .......... 45%  168K 9m19s
 75600K .......... .......... .......... .......... .......... 45%  117K 9m19s
 75650K .......... .......... .......... .......... .......... 45%  136K 9m18s
 75700K .......... .......... .......... .......... .......... 45% 84.6K 9m18s
 75750K .......... .......... .......... .......... .......... 45%  215K 9m18s
 75800K .......... .......... .......... .......... .......... 45%  354K 9m17s
 75850K .......... .......... .......... .......... .......... 45%  324K 9m17s
 75900K .......... .......... .......... .......... .......... 45%  340K 9m17s
 75950K .......... .......... .......... .......... .......... 45% 95.0K 9m16s
 76000K .......... .......... .......... .......... .......... 45%  175K 9m16s
 76050K .......... .......... .......... .......... .......... 45% 60.7K 9m16s
 76100K .......... .......... .......... .......... .......... 45%  400K 9m16s
 76150K .......... .......... .......... .......... .......... 45%  532K 9m15s
 76200K .......... .......... .......... .......... .......... 45%  250K 9m15s
 76250K .......... .......... .......... .......... .......... 45%  324K 9m14s
 76300K .......... .......... .......... .......... .......... 45%  452K 9m14s
 76350K .......... .......... .......... .......... .......... 45%  211K 9m13s
 76400K .......... .......... .......... .......... .......... 45%  138K 9m13s
 76450K .......... .......... .......... .......... .......... 46%  133K 9m13s
 76500K .......... .......... .......... .......... .......... 46% 56.2K 9m13s
 76550K .......... .......... .......... .......... .......... 46%  391K 9m13s
 76600K .......... .......... .......... .......... .......... 46%  212K 9m12s
 76650K .......... .......... .......... .......... .......... 46%  173K 9m12s
 76700K .......... .......... .......... .......... .......... 46% 57.8K 9m12s
 76750K .......... .......... .......... .......... .......... 46%  278K 9m12s
 76800K .......... .......... .......... .......... .......... 46%  678K 9m11s
 76850K .......... .......... .......... .......... .......... 46%  306K 9m11s
 76900K .......... .......... .......... .......... .......... 46%  175K 9m11s
 76950K .......... .......... .......... .......... .......... 46%  128K 9m10s
 77000K .......... .......... .......... .......... .......... 46%  648K 9m10s
 77050K .......... .......... .......... .......... .......... 46%  147K 9m10s
 77100K .......... .......... .......... .......... .......... 46% 85.9K 9m10s
 77150K .......... .......... .......... .......... .......... 46%  447K 9m9s
 77200K .......... .......... .......... .......... .......... 46%  253K 9m9s
 77250K .......... .......... .......... .......... .......... 46%  643K 9m8s
 77300K .......... .......... .......... .......... .......... 46%  371K 9m8s
 77350K .......... .......... .......... .......... .......... 46%  162K 9m7s
 77400K .......... .......... .......... .......... .......... 46%  246K 9m7s
 77450K .......... .......... .......... .......... .......... 46%  195K 9m6s
 77500K .......... .......... .......... .......... .......... 46%  281K 9m6s
 77550K .......... .......... .......... .......... .......... 46%  174K 9m6s
 77600K .......... .......... .......... .......... .......... 46% 62.0K 9m6s
 77650K .......... .......... .......... .......... .......... 46%  343K 9m5s
 77700K .......... .......... .......... .......... .......... 46%  329K 9m5s
 77750K .......... .......... .......... .......... .......... 46%  445K 9m4s
 77800K .......... .......... .......... .......... .......... 46%  118K 9m4s
 77850K .......... .......... .......... .......... .......... 46%  418K 9m4s
 77900K .......... .......... .......... .......... .......... 46%  741K 9m3s
 77950K .......... .......... .......... .......... .......... 46%  281K 9m3s
 78000K .......... .......... .......... .......... .......... 46%  516K 9m2s
 78050K .......... .......... .......... .......... .......... 46%  458K 9m2s
 78100K .......... .......... .......... .......... .......... 47%  190K 9m1s
 78150K .......... .......... .......... .......... .......... 47%  514K 9m1s
 78200K .......... .......... .......... .......... .......... 47%  543K 9m0s
 78250K .......... .......... .......... .......... .......... 47%  113K 9m0s
 78300K .......... .......... .......... .......... .......... 47%  241K 9m0s
 78350K .......... .......... .......... .......... .......... 47%  322K 8m59s
 78400K .......... .......... .......... .......... .......... 47%  334K 8m59s
 78450K .......... .......... .......... .......... .......... 47%  348K 8m58s
 78500K .......... .......... .......... .......... .......... 47%  262K 8m58s
 78550K .......... .......... .......... .......... .......... 47%  398K 8m57s
 78600K .......... .......... .......... .......... .......... 47%  194K 8m57s
 78650K .......... .......... .......... .......... .......... 47%  300K 8m56s
 78700K .......... .......... .......... .......... .......... 47%  231K 8m56s
 78750K .......... .......... .......... .......... .......... 47%  158K 8m56s
 78800K .......... .......... .......... .......... .......... 47%  243K 8m55s
 78850K .......... .......... .......... .......... .......... 47%  254K 8m55s
 78900K .......... .......... .......... .......... .......... 47%  256K 8m54s
 78950K .......... .......... .......... .......... .......... 47%  105K 8m54s
 79000K .......... .......... .......... .......... .......... 47%  446K 8m54s
 79050K .......... .......... .......... .......... .......... 47%  203K 8m53s
 79100K .......... .......... .......... .......... .......... 47%  118K 8m53s
 79150K .......... .......... .......... .......... .......... 47%  421K 8m53s
 79200K .......... .......... .......... .......... .......... 47%  301K 8m52s
 79250K .......... .......... .......... .......... .......... 47%  110K 8m52s
 79300K .......... .......... .......... .......... .......... 47% 83.7K 8m52s
 79350K .......... .......... .......... .......... .......... 47%  465K 8m52s
 79400K .......... .......... .......... .......... .......... 47%  473K 8m51s
 79450K .......... .......... .......... .......... .......... 47%  406K 8m51s
 79500K .......... .......... .......... .......... .......... 47%  131K 8m50s
 79550K .......... .......... .......... .......... .......... 47% 97.2K 8m50s
 79600K .......... .......... .......... .......... .......... 47%  437K 8m50s
 79650K .......... .......... .......... .......... .......... 47%  344K 8m49s
 79700K .......... .......... .......... .......... .......... 47% 85.1K 8m49s
 79750K .......... .......... .......... .......... .......... 47%  220K 8m49s
 79800K .......... .......... .......... .......... .......... 48%  274K 8m48s
 79850K .......... .......... .......... .......... .......... 48%  209K 8m48s
 79900K .......... .......... .......... .......... .......... 48%  244K 8m48s
 79950K .......... .......... .......... .......... .......... 48%  593K 8m47s
 80000K .......... .......... .......... .......... .......... 48%  659K 8m47s
 80050K .......... .......... .......... .......... .......... 48%  262K 8m46s
 80100K .......... .......... .......... .......... .......... 48%  210K 8m46s
 80150K .......... .......... .......... .......... .......... 48%  610K 8m45s
 80200K .......... .......... .......... .......... .......... 48% 98.8K 8m45s
 80250K .......... .......... .......... .......... .......... 48%  467K 8m45s
 80300K .......... .......... .......... .......... .......... 48%  237K 8m44s
 80350K .......... .......... .......... .......... .......... 48%  186K 8m44s
 80400K .......... .......... .......... .......... .......... 48%  570K 8m43s
 80450K .......... .......... .......... .......... .......... 48% 87.9K 8m43s
 80500K .......... .......... .......... .......... .......... 48%  214K 8m43s
 80550K .......... .......... .......... .......... .......... 48% 80.3K 8m43s
 80600K .......... .......... .......... .......... .......... 48% 70.1K 8m43s
 80650K .......... .......... .......... .......... .......... 48%  454K 8m43s
 80700K .......... .......... .......... .......... .......... 48%  290K 8m42s
 80750K .......... .......... .......... .......... .......... 48%  191K 8m42s
 80800K .......... .......... .......... .......... .......... 48%  673K 8m41s
 80850K .......... .......... .......... .......... .......... 48%  120K 8m41s
 80900K .......... .......... .......... .......... .......... 48%  285K 8m41s
 80950K .......... .......... .......... .......... .......... 48%  445K 8m40s
 81000K .......... .......... .......... .......... .......... 48%  163K 8m40s
 81050K .......... .......... .......... .......... .......... 48%  670K 8m39s
 81100K .......... .......... .......... .......... .......... 48%  288K 8m39s
 81150K .......... .......... .......... .......... .......... 48%  411K 8m38s
 81200K .......... .......... .......... .......... .......... 48%  494K 8m38s
 81250K .......... .......... .......... .......... .......... 48%  132K 8m37s
 81300K .......... .......... .......... .......... .......... 48%  547K 8m37s
 81350K .......... .......... .......... .......... .......... 48%  322K 8m37s
 81400K .......... .......... .......... .......... .......... 48%  499K 8m36s
 81450K .......... .......... .......... .......... .......... 49%  227K 8m36s
 81500K .......... .......... .......... .......... .......... 49%  442K 8m35s
 81550K .......... .......... .......... .......... .......... 49% 49.4K 8m36s
 81600K .......... .......... .......... .......... .......... 49%  350K 8m35s
 81650K .......... .......... .......... .......... .......... 49%  425K 8m35s
 81700K .......... .......... .......... .......... .......... 49%  238K 8m34s
 81750K .......... .......... .......... .......... .......... 49%  121K 8m34s
 81800K .......... .......... .......... .......... .......... 49%  119K 8m34s
 81850K .......... .......... .......... .......... .......... 49%  329K 8m33s
 81900K .......... .......... .......... .......... .......... 49%  711K 8m33s
 81950K .......... .......... .......... .......... .......... 49%  582K 8m32s
 82000K .......... .......... .......... .......... .......... 49%  239K 8m32s
 82050K .......... .......... .......... .......... .......... 49%  525K 8m31s
 82100K .......... .......... .......... .......... .......... 49%  199K 8m31s
 82150K .......... .......... .......... .......... .......... 49%  368K 8m30s
 82200K .......... .......... .......... .......... .......... 49%  338K 8m30s
 82250K .......... .......... .......... .......... .......... 49%  369K 8m30s
 82300K .......... .......... .......... .......... .......... 49%  396K 8m29s
 82350K .......... .......... .......... .......... .......... 49%  307K 8m29s
 82400K .......... .......... .......... .......... .......... 49%  353K 8m28s
 82450K .......... .......... .......... .......... .......... 49%  202K 8m28s
 82500K .......... .......... .......... .......... .......... 49%  370K 8m27s
 82550K .......... .......... .......... .......... .......... 49%  392K 8m27s
 82600K .......... .......... .......... .......... .......... 49%  250K 8m26s
 82650K .......... .......... .......... .......... .......... 49%  357K 8m26s
 82700K .......... .......... .......... .......... .......... 49%  130K 8m26s
 82750K .......... .......... .......... .......... .......... 49%  385K 8m25s
 82800K .......... .......... .......... .......... .......... 49%  144K 8m25s
 82850K .......... .......... .......... .......... .......... 49%  176K 8m25s
 82900K .......... .......... .......... .......... .......... 49%  132K 8m24s
 82950K .......... .......... .......... .......... .......... 49% 91.2K 8m24s
 83000K .......... .......... .......... .......... .......... 49% 92.5K 8m24s
 83050K .......... .......... .......... .......... .......... 49%  363K 8m24s
 83100K .......... .......... .......... .......... .......... 50%  142K 8m24s
 83150K .......... .......... .......... .......... .......... 50%  116K 8m23s
 83200K .......... .......... .......... .......... .......... 50%  383K 8m23s
 83250K .......... .......... .......... .......... .......... 50%  292K 8m23s
 83300K .......... .......... .......... .......... .......... 50%  143K 8m22s
 83350K .......... .......... .......... .......... .......... 50%  228K 8m22s
 83400K .......... .......... .......... .......... .......... 50%  219K 8m22s
 83450K .......... .......... .......... .......... .......... 50%  241K 8m21s
 83500K .......... .......... .......... .......... .......... 50%  170K 8m21s
 83550K .......... .......... .......... .......... .......... 50% 50.8K 8m21s
 83600K .......... .......... .......... .......... .......... 50%  123K 8m21s
 83650K .......... .......... .......... .......... .......... 50%  378K 8m21s
 83700K .......... .......... .......... .......... .......... 50%  137K 8m20s
 83750K .......... .......... .......... .......... .......... 50%  217K 8m20s
 83800K .......... .......... .......... .......... .......... 50%  334K 8m19s
 83850K .......... .......... .......... .......... .......... 50% 62.8K 8m20s
 83900K .......... .......... .......... .......... .......... 50%  110K 8m19s
 83950K .......... .......... .......... .......... .......... 50%  437K 8m19s
 84000K .......... .......... .......... .......... .......... 50%  379K 8m19s
 84050K .......... .......... .......... .......... .......... 50%  224K 8m18s
 84100K .......... .......... .......... .......... .......... 50%  399K 8m18s
 84150K .......... .......... .......... .......... .......... 50% 86.0K 8m18s
 84200K .......... .......... .......... .......... .......... 50%  348K 8m17s
 84250K .......... .......... .......... .......... .......... 50%  347K 8m17s
 84300K .......... .......... .......... .......... .......... 50%  126K 8m16s
 84350K .......... .......... .......... .......... .......... 50%  572K 8m16s
 84400K .......... .......... .......... .......... .......... 50%  179K 8m16s
 84450K .......... .......... .......... .......... .......... 50%  132K 8m15s
 84500K .......... .......... .......... .......... .......... 50%  177K 8m15s
 84550K .......... .......... .......... .......... .......... 50% 84.0K 8m15s
 84600K .......... .......... .......... .......... .......... 50%  288K 8m15s
 84650K .......... .......... .......... .......... .......... 50% 73.6K 8m15s
 84700K .......... .......... .......... .......... .......... 50%  207K 8m14s
 84750K .......... .......... .......... .......... .......... 51%  145K 8m14s
 84800K .......... .......... .......... .......... .......... 51%  190K 8m14s
 84850K .......... .......... .......... .......... .......... 51%  139K 8m13s
 84900K .......... .......... .......... .......... .......... 51%  124K 8m13s
 84950K .......... .......... .......... .......... .......... 51%  127K 8m13s
 85000K .......... .......... .......... .......... .......... 51%  344K 8m13s
 85050K .......... .......... .......... .......... .......... 51%  111K 8m12s
 85100K .......... .......... .......... .......... .......... 51% 67.4K 8m13s
 85150K .......... .......... .......... .......... .......... 51%  395K 8m12s
 85200K .......... .......... .......... .......... .......... 51%  304K 8m12s
 85250K .......... .......... .......... .......... .......... 51%  145K 8m11s
 85300K .......... .......... .......... .......... .......... 51%  882K 8m11s
 85350K .......... .......... .......... .......... .......... 51%  395K 8m10s
 85400K .......... .......... .......... .......... .......... 51%  216K 8m10s
 85450K .......... .......... .......... .......... .......... 51%  333K 8m10s
 85500K .......... .......... .......... .......... .......... 51%  326K 8m9s
 85550K .......... .......... .......... .......... .......... 51%  325K 8m9s
 85600K .......... .......... .......... .......... .......... 51%  101K 8m9s
 85650K .......... .......... .......... .......... .......... 51%  313K 8m8s
 85700K .......... .......... .......... .......... .......... 51%  262K 8m8s
 85750K .......... .......... .......... .......... .......... 51%  439K 8m7s
 85800K .......... .......... .......... .......... .......... 51%  128K 8m7s
 85850K .......... .......... .......... .......... .......... 51%  145K 8m7s
 85900K .......... .......... .......... .......... .......... 51%  220K 8m6s
 85950K .......... .......... .......... .......... .......... 51%  164K 8m6s
 86000K .......... .......... .......... .......... .......... 51%  373K 8m6s
 86050K .......... .......... .......... .......... .......... 51%  206K 8m5s
 86100K .......... .......... .......... .......... .......... 51%  206K 8m5s
 86150K .......... .......... .......... .......... .......... 51%  476K 8m4s
 86200K .......... .......... .......... .......... .......... 51%  579K 8m4s
 86250K .......... .......... .......... .......... .......... 51%  473K 8m3s
 86300K .......... .......... .......... .......... .......... 51%  538K 8m3s
 86350K .......... .......... .......... .......... .......... 51%  465K 8m2s
 86400K .......... .......... .......... .......... .......... 51%  316K 8m2s
 86450K .......... .......... .......... .......... .......... 52%  280K 8m2s
 86500K .......... .......... .......... .......... .......... 52%  190K 8m1s
 86550K .......... .......... .......... .......... .......... 52%  395K 8m1s
 86600K .......... .......... .......... .......... .......... 52%  308K 8m0s
 86650K .......... .......... .......... .......... .......... 52%  402K 8m0s
 86700K .......... .......... .......... .......... .......... 52%  211K 8m0s
 86750K .......... .......... .......... .......... .......... 52%  333K 7m59s
 86800K .......... .......... .......... .......... .......... 52%  191K 7m59s
 86850K .......... .......... .......... .......... .......... 52%  354K 7m58s
 86900K .......... .......... .......... .......... .......... 52%  390K 7m58s
 86950K .......... .......... .......... .......... .......... 52%  254K 7m57s
 87000K .......... .......... .......... .......... .......... 52%  407K 7m57s
 87050K .......... .......... .......... .......... .......... 52%  356K 7m57s
 87100K .......... .......... .......... .......... .......... 52%  164K 7m56s
 87150K .......... .......... .......... .......... .......... 52%  294K 7m56s
 87200K .......... .......... .......... .......... .......... 52%  189K 7m55s
 87250K .......... .......... .......... .......... .......... 52%  471K 7m55s
 87300K .......... .......... .......... .......... .......... 52%  349K 7m55s
 87350K .......... .......... .......... .......... .......... 52%  397K 7m54s
 87400K .......... .......... .......... .......... .......... 52%  300K 7m54s
 87450K .......... .......... .......... .......... .......... 52%  438K 7m53s
 87500K .......... .......... .......... .......... .......... 52%  315K 7m53s
 87550K .......... .......... .......... .......... .......... 52%  433K 7m52s
 87600K .......... .......... .......... .......... .......... 52%  111K 7m52s
 87650K .......... .......... .......... .......... .......... 52%  861K 7m52s
 87700K .......... .......... .......... .......... .......... 52%  207K 7m51s
 87750K .......... .......... .......... .......... .......... 52%  237K 7m51s
 87800K .......... .......... .......... .......... .......... 52%  443K 7m50s
 87850K .......... .......... .......... .......... .......... 52% 92.0K 7m50s
 87900K .......... .......... .......... .......... .......... 52%  224K 7m50s
 87950K .......... .......... .......... .......... .......... 52%  243K 7m50s
 88000K .......... .......... .......... .......... .......... 52%  539K 7m49s
 88050K .......... .......... .......... .......... .......... 52%  201K 7m49s
 88100K .......... .......... .......... .......... .......... 53%  270K 7m48s
 88150K .......... .......... .......... .......... .......... 53%  365K 7m48s
 88200K .......... .......... .......... .......... .......... 53%  427K 7m47s
 88250K .......... .......... .......... .......... .......... 53%  395K 7m47s
 88300K .......... .......... .......... .......... .......... 53%  372K 7m47s
 88350K .......... .......... .......... .......... .......... 53%  356K 7m46s
 88400K .......... .......... .......... .......... .......... 53%  417K 7m46s
 88450K .......... .......... .......... .......... .......... 53%  130K 7m45s
 88500K .......... .......... .......... .......... .......... 53%  189K 7m45s
 88550K .......... .......... .......... .......... .......... 53%  255K 7m45s
 88600K .......... .......... .......... .......... .......... 53%  156K 7m44s
 88650K .......... .......... .......... .......... .......... 53%  219K 7m44s
 88700K .......... .......... .......... .......... .......... 53%  473K 7m44s
 88750K .......... .......... .......... .......... .......... 53%  390K 7m43s
 88800K .......... .......... .......... .......... .......... 53%  370K 7m43s
 88850K .......... .......... .......... .......... .......... 53%  312K 7m42s
 88900K .......... .......... .......... .......... .......... 53%  449K 7m42s
 88950K .......... .......... .......... .......... .......... 53%  108K 7m42s
 89000K .......... .......... .......... .......... .......... 53%  219K 7m41s
 89050K .......... .......... .......... .......... .......... 53%  601K 7m41s
 89100K .......... .......... .......... .......... .......... 53%  587K 7m40s
 89150K .......... .......... .......... .......... .......... 53%  614K 7m40s
 89200K .......... .......... .......... .......... .......... 53%  170K 7m40s
 89250K .......... .......... .......... .......... .......... 53%  464K 7m39s
 89300K .......... .......... .......... .......... .......... 53%  513K 7m39s
 89350K .......... .......... .......... .......... .......... 53%  151K 7m38s
 89400K .......... .......... .......... .......... .......... 53%  162K 7m38s
 89450K .......... .......... .......... .......... .......... 53%  272K 7m38s
 89500K .......... .......... .......... .......... .......... 53%  187K 7m37s
 89550K .......... .......... .......... .......... .......... 53%  260K 7m37s
 89600K .......... .......... .......... .......... .......... 53%  199K 7m37s
 89650K .......... .......... .......... .......... .......... 53%  399K 7m36s
 89700K .......... .......... .......... .......... .......... 53%  233K 7m36s
 89750K .......... .......... .......... .......... .......... 54%  384K 7m35s
 89800K .......... .......... .......... .......... .......... 54%  303K 7m35s
 89850K .......... .......... .......... .......... .......... 54%  313K 7m35s
 89900K .......... .......... .......... .......... .......... 54%  239K 7m34s
 89950K .......... .......... .......... .......... .......... 54%  397K 7m34s
 90000K .......... .......... .......... .......... .......... 54%  299K 7m33s
 90050K .......... .......... .......... .......... .......... 54%  415K 7m33s
 90100K .......... .......... .......... .......... .......... 54% 79.6K 7m33s
 90150K .......... .......... .......... .......... .......... 54%  316K 7m32s
 90200K .......... .......... .......... .......... .......... 54%  317K 7m32s
 90250K .......... .......... .......... .......... .......... 54%  399K 7m32s
 90300K .......... .......... .......... .......... .......... 54%  116K 7m31s
 90350K .......... .......... .......... .......... .......... 54%  158K 7m31s
 90400K .......... .......... .......... .......... .......... 54%  230K 7m31s
 90450K .......... .......... .......... .......... .......... 54%  163K 7m30s
 90500K .......... .......... .......... .......... .......... 54% 97.0K 7m30s
 90550K .......... .......... .......... .......... .......... 54%  202K 7m30s
 90600K .......... .......... .......... .......... .......... 54%  155K 7m30s
 90650K .......... .......... .......... .......... .......... 54%  159K 7m29s
 90700K .......... .......... .......... .......... .......... 54%  388K 7m29s
 90750K .......... .......... .......... .......... .......... 54%  280K 7m29s
 90800K .......... .......... .......... .......... .......... 54% 93.9K 7m29s
 90850K .......... .......... .......... .......... .......... 54%  171K 7m28s
 90900K .......... .......... .......... .......... .......... 54%  163K 7m28s
 90950K .......... .......... .......... .......... .......... 54%  132K 7m28s
 91000K .......... .......... .......... .......... .......... 54%  694K 7m27s
 91050K .......... .......... .......... .......... .......... 54%  406K 7m27s
 91100K .......... .......... .......... .......... .......... 54% 82.7K 7m27s
 91150K .......... .......... .......... .......... .......... 54%  136K 7m26s
 91200K .......... .......... .......... .......... .......... 54%  196K 7m26s
 91250K .......... .......... .......... .......... .......... 54%  363K 7m26s
 91300K .......... .......... .......... .......... .......... 54%  157K 7m25s
 91350K .......... .......... .......... .......... .......... 54%  118K 7m25s
 91400K .......... .......... .......... .......... .......... 55%  680K 7m25s
 91450K .......... .......... .......... .......... .......... 55%  112K 7m25s
 91500K .......... .......... .......... .......... .......... 55%  114K 7m24s
 91550K .......... .......... .......... .......... .......... 55%  455K 7m24s
 91600K .......... .......... .......... .......... .......... 55%  264K 7m24s
 91650K .......... .......... .......... .......... .......... 55% 82.6K 7m24s
 91700K .......... .......... .......... .......... .......... 55%  355K 7m23s
 91750K .......... .......... .......... .......... .......... 55%  875K 7m23s
 91800K .......... .......... .......... .......... .......... 55%  282K 7m22s
 91850K .......... .......... .......... .......... .......... 55%  297K 7m22s
 91900K .......... .......... .......... .......... .......... 55%  738K 7m21s
 91950K .......... .......... .......... .......... .......... 55%  153K 7m21s
 92000K .......... .......... .......... .......... .......... 55%  223K 7m21s
 92050K .......... .......... .......... .......... .......... 55%  572K 7m20s
 92100K .......... .......... .......... .......... .......... 55%  402K 7m20s
 92150K .......... .......... .......... .......... .......... 55%  180K 7m20s
 92200K .......... .......... .......... .......... .......... 55%  177K 7m19s
 92250K .......... .......... .......... .......... .......... 55% 96.5K 7m19s
 92300K .......... .......... .......... .......... .......... 55%  403K 7m19s
 92350K .......... .......... .......... .......... .......... 55%  213K 7m18s
 92400K .......... .......... .......... .......... .......... 55%  103K 7m18s
 92450K .......... .......... .......... .......... .......... 55%  161K 7m18s
 92500K .......... .......... .......... .......... .......... 55%  240K 7m17s
 92550K .......... .......... .......... .......... .......... 55%  130K 7m17s
 92600K .......... .......... .......... .......... .......... 55%  313K 7m17s
 92650K .......... .......... .......... .......... .......... 55%  334K 7m16s
 92700K .......... .......... .......... .......... .......... 55%  429K 7m16s
 92750K .......... .......... .......... .......... .......... 55%  221K 7m16s
 92800K .......... .......... .......... .......... .......... 55%  323K 7m15s
 92850K .......... .......... .......... .......... .......... 55%  137K 7m15s
 92900K .......... .......... .......... .......... .......... 55%  195K 7m15s
 92950K .......... .......... .......... .......... .......... 55%  395K 7m14s
 93000K .......... .......... .......... .......... .......... 55%  254K 7m14s
 93050K .......... .......... .......... .......... .......... 55% 74.7K 7m14s
 93100K .......... .......... .......... .......... .......... 56%  182K 7m14s
 93150K .......... .......... .......... .......... .......... 56%  493K 7m13s
 93200K .......... .......... .......... .......... .......... 56%  126K 7m13s
 93250K .......... .......... .......... .......... .......... 56%  436K 7m12s
 93300K .......... .......... .......... .......... .......... 56% 68.0K 7m12s
 93350K .......... .......... .......... .......... .......... 56%  204K 7m12s
 93400K .......... .......... .......... .......... .......... 56%  732K 7m12s
 93450K .......... .......... .......... .......... .......... 56% 96.4K 7m12s
 93500K .......... .......... .......... .......... .......... 56%  779K 7m11s
 93550K .......... .......... .......... .......... .......... 56%  237K 7m11s
 93600K .......... .......... .......... .......... .......... 56%  313K 7m10s
 93650K .......... .......... .......... .......... .......... 56%  435K 7m10s
 93700K .......... .......... .......... .......... .......... 56%  121K 7m10s
 93750K .......... .......... .......... .......... .......... 56%  300K 7m9s
 93800K .......... .......... .......... .......... .......... 56%  248K 7m9s
 93850K .......... .......... .......... .......... .......... 56%  409K 7m8s
 93900K .......... .......... .......... .......... .......... 56%  196K 7m8s
 93950K .......... .......... .......... .......... .......... 56%  139K 7m8s
 94000K .......... .......... .......... .......... .......... 56%  102K 7m8s
 94050K .......... .......... .......... .......... .......... 56%  124K 7m8s
 94100K .......... .......... .......... .......... .......... 56%  311K 7m7s
 94150K .......... .......... .......... .......... .......... 56%  159K 7m7s
 94200K .......... .......... .......... .......... .......... 56%  113K 7m7s
 94250K .......... .......... .......... .......... .......... 56% 95.8K 7m7s
 94300K .......... .......... .......... .......... .......... 56%  648K 7m6s
 94350K .......... .......... .......... .......... .......... 56%  418K 7m6s
 94400K .......... .......... .......... .......... .......... 56%  203K 7m5s
 94450K .......... .......... .......... .......... .......... 56%  678K 7m5s
 94500K .......... .......... .......... .......... .......... 56%  177K 7m5s
 94550K .......... .......... .......... .......... .......... 56%  550K 7m4s
 94600K .......... .......... .......... .......... .......... 56%  155K 7m4s
 94650K .......... .......... .......... .......... .......... 56%  144K 7m4s
 94700K .......... .......... .......... .......... .......... 56%  518K 7m3s
 94750K .......... .......... .......... .......... .......... 57%  174K 7m3s
 94800K .......... .......... .......... .......... .......... 57%  167K 7m3s
 94850K .......... .......... .......... .......... .......... 57%  153K 7m2s
 94900K .......... .......... .......... .......... .......... 57%  648K 7m2s
 94950K .......... .......... .......... .......... .......... 57%  196K 7m1s
 95000K .......... .......... .......... .......... .......... 57%  805K 7m1s
 95050K .......... .......... .......... .......... .......... 57%  337K 7m1s
 95100K .......... .......... .......... .......... .......... 57%  447K 7m0s
 95150K .......... .......... .......... .......... .......... 57%  399K 7m0s
 95200K .......... .......... .......... .......... .......... 57%  126K 7m0s
 95250K .......... .......... .......... .......... .......... 57%  529K 6m59s
 95300K .......... .......... .......... .......... .......... 57%  148K 6m59s
 95350K .......... .......... .......... .......... .......... 57%  127K 6m59s
 95400K .......... .......... .......... .......... .......... 57%  763K 6m58s
 95450K .......... .......... .......... .......... .......... 57%  147K 6m58s
 95500K .......... .......... .......... .......... .......... 57%  445K 6m57s
 95550K .......... .......... .......... .......... .......... 57%  510K 6m57s
 95600K .......... .......... .......... .......... .......... 57% 51.3K 6m57s
 95650K .......... .......... .......... .......... .......... 57%  432K 6m57s
 95700K .......... .......... .......... .......... .......... 57%  629K 6m56s
 95750K .......... .......... .......... .......... .......... 57%  116K 6m56s
 95800K .......... .......... .......... .......... .......... 57%  257K 6m56s
 95850K .......... .......... .......... .......... .......... 57%  285K 6m55s
 95900K .......... .......... .......... .......... .......... 57%  133K 6m55s
 95950K .......... .......... .......... .......... .......... 57%  121K 6m55s
 96000K .......... .......... .......... .......... .......... 57%  120K 6m55s
 96050K .......... .......... .......... .......... .......... 57%  658K 6m54s
 96100K .......... .......... .......... .......... .......... 57%  384K 6m54s
 96150K .......... .......... .......... .......... .......... 57%  317K 6m53s
 96200K .......... .......... .......... .......... .......... 57%  193K 6m53s
 96250K .......... .......... .......... .......... .......... 57%  170K 6m53s
 96300K .......... .......... .......... .......... .......... 57%  166K 6m53s
 96350K .......... .......... .......... .......... .......... 57%  131K 6m52s
 96400K .......... .......... .......... .......... .......... 58%  152K 6m52s
 96450K .......... .......... .......... .......... .......... 58%  526K 6m52s
 96500K .......... .......... .......... .......... .......... 58%  379K 6m51s
 96550K .......... .......... .......... .......... .......... 58%  463K 6m51s
 96600K .......... .......... .......... .......... .......... 58%  225K 6m50s
 96650K .......... .......... .......... .......... .......... 58%  121K 6m50s
 96700K .......... .......... .......... .......... .......... 58%  135K 6m50s
 96750K .......... .......... .......... .......... .......... 58%  172K 6m50s
 96800K .......... .......... .......... .......... .......... 58%  425K 6m49s
 96850K .......... .......... .......... .......... .......... 58% 95.6K 6m49s
 96900K .......... .......... .......... .......... .......... 58%  161K 6m49s
 96950K .......... .......... .......... .......... .......... 58%  138K 6m49s
 97000K .......... .......... .......... .......... .......... 58%  171K 6m48s
 97050K .......... .......... .......... .......... .......... 58%  781K 6m48s
 97100K .......... .......... .......... .......... .......... 58%  304K 6m47s
 97150K .......... .......... .......... .......... .......... 58%  157K 6m47s
 97200K .......... .......... .......... .......... .......... 58%  504K 6m47s
 97250K .......... .......... .......... .......... .......... 58% 72.5K 6m47s
 97300K .......... .......... .......... .......... .......... 58%  296K 6m46s
 97350K .......... .......... .......... .......... .......... 58%  200K 6m46s
 97400K .......... .......... .......... .......... .......... 58%  300K 6m46s
 97450K .......... .......... .......... .......... .......... 58%  209K 6m45s
 97500K .......... .......... .......... .......... .......... 58%  139K 6m45s
 97550K .......... .......... .......... .......... .......... 58%  587K 6m45s
 97600K .......... .......... .......... .......... .......... 58%  297K 6m44s
 97650K .......... .......... .......... .......... .......... 58%  191K 6m44s
 97700K .......... .......... .......... .......... .......... 58%  341K 6m43s
 97750K .......... .......... .......... .......... .......... 58%  225K 6m43s
 97800K .......... .......... .......... .......... .......... 58%  341K 6m43s
 97850K .......... .......... .......... .......... .......... 58%  125K 6m43s
 97900K .......... .......... .......... .......... .......... 58%  107K 6m42s
 97950K .......... .......... .......... .......... .......... 58%  129K 6m42s
 98000K .......... .......... .......... .......... .......... 58%  193K 6m42s
 98050K .......... .......... .......... .......... .......... 59% 87.5K 6m42s
 98100K .......... .......... .......... .......... .......... 59%  111K 6m41s
 98150K .......... .......... .......... .......... .......... 59% 92.7K 6m41s
 98200K .......... .......... .......... .......... .......... 59%  203K 6m41s
 98250K .......... .......... .......... .......... .......... 59%  481K 6m41s
 98300K .......... .......... .......... .......... .......... 59%  587K 6m40s
 98350K .......... .......... .......... .......... .......... 59%  313K 6m40s
 98400K .......... .......... .......... .......... .......... 59%  311K 6m39s
 98450K .......... .......... .......... .......... .......... 59%  590K 6m39s
 98500K .......... .......... .......... .......... .......... 59%  568K 6m39s
 98550K .......... .......... .......... .......... .......... 59%  147K 6m38s
 98600K .......... .......... .......... .......... .......... 59%  303K 6m38s
 98650K .......... .......... .......... .......... .......... 59%  298K 6m37s
 98700K .......... .......... .......... .......... .......... 59%  117K 6m37s
 98750K .......... .......... .......... .......... .......... 59%  377K 6m37s
 98800K .......... .......... .......... .......... .......... 59%  343K 6m36s
 98850K .......... .......... .......... .......... .......... 59%  472K 6m36s
 98900K .......... .......... .......... .......... .......... 59%  182K 6m36s
 98950K .......... .......... .......... .......... .......... 59%  114K 6m36s
 99000K .......... .......... .......... .......... .......... 59%  283K 6m35s
 99050K .......... .......... .......... .......... .......... 59%  259K 6m35s
 99100K .......... .......... .......... .......... .......... 59%  363K 6m34s
 99150K .......... .......... .......... .......... .......... 59%  335K 6m34s
 99200K .......... .......... .......... .......... .......... 59%  221K 6m34s
 99250K .......... .......... .......... .......... .......... 59%  108K 6m34s
 99300K .......... .......... .......... .......... .......... 59%  310K 6m33s
 99350K .......... .......... .......... .......... .......... 59%  218K 6m33s
 99400K .......... .......... .......... .......... .......... 59% 93.8K 6m33s
 99450K .......... .......... .......... .......... .......... 59%  497K 6m32s
 99500K .......... .......... .......... .......... .......... 59%  144K 6m32s
 99550K .......... .......... .......... .......... .......... 59%  409K 6m32s
 99600K .......... .......... .......... .......... .......... 59%  379K 6m31s
 99650K .......... .......... .......... .......... .......... 59%  162K 6m31s
 99700K .......... .......... .......... .......... .......... 59%  115K 6m31s
 99750K .......... .......... .......... .......... .......... 60%  172K 6m30s
 99800K .......... .......... .......... .......... .......... 60%  203K 6m30s
 99850K .......... .......... .......... .......... .......... 60%  298K 6m30s
 99900K .......... .......... .......... .......... .......... 60%  336K 6m29s
 99950K .......... .......... .......... .......... .......... 60%  295K 6m29s
100000K .......... .......... .......... .......... .......... 60%  323K 6m29s
100050K .......... .......... .......... .......... .......... 60% 90.0K 6m28s
100100K .......... .......... .......... .......... .......... 60%  306K 6m28s
100150K .......... .......... .......... .......... .......... 60%  290K 6m28s
100200K .......... .......... .......... .......... .......... 60%  170K 6m27s
100250K .......... .......... .......... .......... .......... 60%  114K 6m27s
100300K .......... .......... .......... .......... .......... 60%  495K 6m27s
100350K .......... .......... .......... .......... .......... 60%  273K 6m26s
100400K .......... .......... .......... .......... .......... 60%  312K 6m26s
100450K .......... .......... .......... .......... .......... 60%  197K 6m26s
100500K .......... .......... .......... .......... .......... 60%  496K 6m25s
100550K .......... .......... .......... .......... .......... 60%  361K 6m25s
100600K .......... .......... .......... .......... .......... 60%  324K 6m24s
100650K .......... .......... .......... .......... .......... 60%  344K 6m24s
100700K .......... .......... .......... .......... .......... 60%  208K 6m24s
100750K .......... .......... .......... .......... .......... 60%  344K 6m23s
100800K .......... .......... .......... .......... .......... 60%  313K 6m23s
100850K .......... .......... .......... .......... .......... 60%  209K 6m23s
100900K .......... .......... .......... .......... .......... 60%  244K 6m22s
100950K .......... .......... .......... .......... .......... 60%  240K 6m22s
101000K .......... .......... .......... .......... .......... 60%  475K 6m22s
101050K .......... .......... .......... .......... .......... 60%  186K 6m21s
101100K .......... .......... .......... .......... .......... 60%  277K 6m21s
101150K .......... .......... .......... .......... .......... 60%  753K 6m20s
101200K .......... .......... .......... .......... .......... 60%  136K 6m20s
101250K .......... .......... .......... .......... .......... 60%  590K 6m20s
101300K .......... .......... .......... .......... .......... 60%  130K 6m20s
101350K .......... .......... .......... .......... .......... 60%  126K 6m19s
101400K .......... .......... .......... .......... .......... 61%  329K 6m19s
101450K .......... .......... .......... .......... .......... 61%  212K 6m19s
101500K .......... .......... .......... .......... .......... 61%  224K 6m18s
101550K .......... .......... .......... .......... .......... 61%  295K 6m18s
101600K .......... .......... .......... .......... .......... 61%  325K 6m18s
101650K .......... .......... .......... .......... .......... 61%  306K 6m17s
101700K .......... .......... .......... .......... .......... 61%  651K 6m17s
101750K .......... .......... .......... .......... .......... 61%  130K 6m17s
101800K .......... .......... .......... .......... .......... 61%  437K 6m16s
101850K .......... .......... .......... .......... .......... 61%  211K 6m16s
101900K .......... .......... .......... .......... .......... 61%  296K 6m15s
101950K .......... .......... .......... .......... .......... 61%  186K 6m15s
102000K .......... .......... .......... .......... .......... 61%  221K 6m15s
102050K .......... .......... .......... .......... .......... 61% 88.6K 6m15s
102100K .......... .......... .......... .......... .......... 61%  131K 6m14s
102150K .......... .......... .......... .......... .......... 61%  114K 6m14s
102200K .......... .......... .......... .......... .......... 61%  547K 6m14s
102250K .......... .......... .......... .......... .......... 61%  129K 6m14s
102300K .......... .......... .......... .......... .......... 61%  688K 6m13s
102350K .......... .......... .......... .......... .......... 61%  430K 6m13s
102400K .......... .......... .......... .......... .......... 61%  465K 6m12s
102450K .......... .......... .......... .......... .......... 61%  356K 6m12s
102500K .......... .......... .......... .......... .......... 61%  140K 6m12s
102550K .......... .......... .......... .......... .......... 61%  159K 6m11s
102600K .......... .......... .......... .......... .......... 61%  124K 6m11s
102650K .......... .......... .......... .......... .......... 61%  534K 6m11s
102700K .......... .......... .......... .......... .......... 61%  165K 6m10s
102750K .......... .......... .......... .......... .......... 61%  361K 6m10s
102800K .......... .......... .......... .......... .......... 61%  414K 6m10s
102850K .......... .......... .......... .......... .......... 61%  241K 6m9s
102900K .......... .......... .......... .......... .......... 61%  396K 6m9s
102950K .......... .......... .......... .......... .......... 61%  105K 6m9s
103000K .......... .......... .......... .......... .......... 61%  231K 6m8s
103050K .......... .......... .......... .......... .......... 62%  137K 6m8s
103100K .......... .......... .......... .......... .......... 62%  249K 6m8s
103150K .......... .......... .......... .......... .......... 62%  263K 6m8s
103200K .......... .......... .......... .......... .......... 62%  175K 6m7s
103250K .......... .......... .......... .......... .......... 62%  390K 6m7s
103300K .......... .......... .......... .......... .......... 62%  523K 6m6s
103350K .......... .......... .......... .......... .......... 62% 86.6K 6m6s
103400K .......... .......... .......... .......... .......... 62%  220K 6m6s
103450K .......... .......... .......... .......... .......... 62%  196K 6m6s
103500K .......... .......... .......... .......... .......... 62%  272K 6m5s
103550K .......... .......... .......... .......... .......... 62%  702K 6m5s
103600K .......... .......... .......... .......... .......... 62%  138K 6m5s
103650K .......... .......... .......... .......... .......... 62%  453K 6m4s
103700K .......... .......... .......... .......... .......... 62%  101K 6m4s
103750K .......... .......... .......... .......... .......... 62%  475K 6m4s
103800K .......... .......... .......... .......... .......... 62%  137K 6m3s
103850K .......... .......... .......... .......... .......... 62%  231K 6m3s
103900K .......... .......... .......... .......... .......... 62%  310K 6m3s
103950K .......... .......... .......... .......... .......... 62%  214K 6m2s
104000K .......... .......... .......... .......... .......... 62%  177K 6m2s
104050K .......... .......... .......... .......... .......... 62%  436K 6m2s
104100K .......... .......... .......... .......... .......... 62%  174K 6m1s
104150K .......... .......... .......... .......... .......... 62%  489K 6m1s
104200K .......... .......... .......... .......... .......... 62% 47.4K 6m1s
104250K .......... .......... .......... .......... .......... 62%  105K 6m1s
104300K .......... .......... .......... .......... .......... 62% 94.5K 6m1s
104350K .......... .......... .......... .......... .......... 62%  317K 6m0s
104400K .......... .......... .......... .......... .......... 62%  172K 6m0s
104450K .......... .......... .......... .......... .......... 62%  254K 6m0s
104500K .......... .......... .......... .......... .......... 62%  258K 5m59s
104550K .......... .......... .......... .......... .......... 62%  141K 5m59s
104600K .......... .......... .......... .......... .......... 62%  391K 5m59s
104650K .......... .......... .......... .......... .......... 62%  385K 5m58s
104700K .......... .......... .......... .......... .......... 63%  324K 5m58s
104750K .......... .......... .......... .......... .......... 63%  246K 5m58s
104800K .......... .......... .......... .......... .......... 63%  416K 5m57s
104850K .......... .......... .......... .......... .......... 63%  137K 5m57s
104900K .......... .......... .......... .......... .......... 63%  168K 5m57s
104950K .......... .......... .......... .......... .......... 63%  117K 5m57s
105000K .......... .......... .......... .......... .......... 63%  177K 5m56s
105050K .......... .......... .......... .......... .......... 63%  335K 5m56s
105100K .......... .......... .......... .......... .......... 63%  144K 5m56s
105150K .......... .......... .......... .......... .......... 63% 93.5K 5m55s
105200K .......... .......... .......... .......... .......... 63%  339K 5m55s
105250K .......... .......... .......... .......... .......... 63%  264K 5m55s
105300K .......... .......... .......... .......... .......... 63% 97.1K 5m55s
105350K .......... .......... .......... .......... .......... 63% 71.0K 5m55s
105400K .......... .......... .......... .......... .......... 63% 55.0K 5m55s
105450K .......... .......... .......... .......... .......... 63%  152K 5m54s
105500K .......... .......... .......... .......... .......... 63%  426K 5m54s
105550K .......... .......... .......... .......... .......... 63%  200K 5m54s
105600K .......... .......... .......... .......... .......... 63% 87.1K 5m54s
105650K .......... .......... .......... .......... .......... 63%  101K 5m53s
105700K .......... .......... .......... .......... .......... 63%  136K 5m53s
105750K .......... .......... .......... .......... .......... 63%  173K 5m53s
105800K .......... .......... .......... .......... .......... 63%  188K 5m52s
105850K .......... .......... .......... .......... .......... 63%  201K 5m52s
105900K .......... .......... .......... .......... .......... 63%  143K 5m52s
105950K .......... .......... .......... .......... .......... 63%  160K 5m52s
106000K .......... .......... .......... .......... .......... 63%  152K 5m51s
106050K .......... .......... .......... .......... .......... 63% 91.9K 5m51s
106100K .......... .......... .......... .......... .......... 63%  188K 5m51s
106150K .......... .......... .......... .......... .......... 63%  175K 5m51s
106200K .......... .......... .......... .......... .......... 63%  142K 5m50s
106250K .......... .......... .......... .......... .......... 63% 83.4K 5m50s
106300K .......... .......... .......... .......... .......... 63%  186K 5m50s
106350K .......... .......... .......... .......... .......... 63% 88.2K 5m50s
106400K .......... .......... .......... .......... .......... 64%  166K 5m50s
106450K .......... .......... .......... .......... .......... 64%  143K 5m49s
106500K .......... .......... .......... .......... .......... 64% 1.04M 5m49s
106550K .......... .......... .......... .......... .......... 64%  506K 5m48s
106600K .......... .......... .......... .......... .......... 64%  449K 5m48s
106650K .......... .......... .......... .......... .......... 64%  510K 5m48s
106700K .......... .......... .......... .......... .......... 64%  588K 5m47s
106750K .......... .......... .......... .......... .......... 64%  440K 5m47s
106800K .......... .......... .......... .......... .......... 64%  597K 5m46s
106850K .......... .......... .......... .......... .......... 64%  279K 5m46s
106900K .......... .......... .......... .......... .......... 64%  580K 5m46s
106950K .......... .......... .......... .......... .......... 64%  620K 5m45s
107000K .......... .......... .......... .......... .......... 64%  343K 5m45s
107050K .......... .......... .......... .......... .......... 64%  397K 5m44s
107100K .......... .......... .......... .......... .......... 64%  410K 5m44s
107150K .......... .......... .......... .......... .......... 64%  193K 5m44s
107200K .......... .......... .......... .......... .......... 64%  125K 5m44s
107250K .......... .......... .......... .......... .......... 64%  531K 5m43s
107300K .......... .......... .......... .......... .......... 64%  158K 5m43s
107350K .......... .......... .......... .......... .......... 64%  192K 5m43s
107400K .......... .......... .......... .......... .......... 64%  151K 5m42s
107450K .......... .......... .......... .......... .......... 64%  132K 5m42s
107500K .......... .......... .......... .......... .......... 64%  304K 5m42s
107550K .......... .......... .......... .......... .......... 64%  138K 5m41s
107600K .......... .......... .......... .......... .......... 64%  811K 5m41s
107650K .......... .......... .......... .......... .......... 64%  332K 5m41s
107700K .......... .......... .......... .......... .......... 64%  357K 5m40s
107750K .......... .......... .......... .......... .......... 64%  250K 5m40s
107800K .......... .......... .......... .......... .......... 64%  310K 5m40s
107850K .......... .......... .......... .......... .......... 64%  395K 5m39s
107900K .......... .......... .......... .......... .......... 64%  425K 5m39s
107950K .......... .......... .......... .......... .......... 64%  247K 5m39s
108000K .......... .......... .......... .......... .......... 64%  294K 5m38s
108050K .......... .......... .......... .......... .......... 65%  352K 5m38s
108100K .......... .......... .......... .......... .......... 65%  214K 5m37s
108150K .......... .......... .......... .......... .......... 65%  131K 5m37s
108200K .......... .......... .......... .......... .......... 65%  283K 5m37s
108250K .......... .......... .......... .......... .......... 65%  391K 5m36s
108300K .......... .......... .......... .......... .......... 65%  554K 5m36s
108350K .......... .......... .......... .......... .......... 65%  282K 5m36s
108400K .......... .......... .......... .......... .......... 65%  250K 5m35s
108450K .......... .......... .......... .......... .......... 65%  174K 5m35s
108500K .......... .......... .......... .......... .......... 65%  715K 5m35s
108550K .......... .......... .......... .......... .......... 65% 99.3K 5m35s
108600K .......... .......... .......... .......... .......... 65%  198K 5m34s
108650K .......... .......... .......... .......... .......... 65%  265K 5m34s
108700K .......... .......... .......... .......... .......... 65%  329K 5m34s
108750K .......... .......... .......... .......... .......... 65%  582K 5m33s
108800K .......... .......... .......... .......... .......... 65%  438K 5m33s
108850K .......... .......... .......... .......... .......... 65%  162K 5m32s
108900K .......... .......... .......... .......... .......... 65%  759K 5m32s
108950K .......... .......... .......... .......... .......... 65%  344K 5m32s
109000K .......... .......... .......... .......... .......... 65%  459K 5m31s
109050K .......... .......... .......... .......... .......... 65%  236K 5m31s
109100K .......... .......... .......... .......... .......... 65%  241K 5m31s
109150K .......... .......... .......... .......... .......... 65%  338K 5m30s
109200K .......... .......... .......... .......... .......... 65%  471K 5m30s
109250K .......... .......... .......... .......... .......... 65%  103K 5m30s
109300K .......... .......... .......... .......... .......... 65%  182K 5m29s
109350K .......... .......... .......... .......... .......... 65%  322K 5m29s
109400K .......... .......... .......... .......... .......... 65%  164K 5m29s
109450K .......... .......... .......... .......... .......... 65%  157K 5m28s
109500K .......... .......... .......... .......... .......... 65%  459K 5m28s
109550K .......... .......... .......... .......... .......... 65%  200K 5m28s
109600K .......... .......... .......... .......... .......... 65%  326K 5m27s
109650K .......... .......... .......... .......... .......... 65%  551K 5m27s
109700K .......... .......... .......... .......... .......... 66%  308K 5m27s
109750K .......... .......... .......... .......... .......... 66%  889K 5m26s
109800K .......... .......... .......... .......... .......... 66%  394K 5m26s
109850K .......... .......... .......... .......... .......... 66%  132K 5m26s
109900K .......... .......... .......... .......... .......... 66%  637K 5m25s
109950K .......... .......... .......... .......... .......... 66%  154K 5m25s
110000K .......... .......... .......... .......... .......... 66%  307K 5m25s
110050K .......... .......... .......... .......... .......... 66%  219K 5m24s
110100K .......... .......... .......... .......... .......... 66%  290K 5m24s
110150K .......... .......... .......... .......... .......... 66%  640K 5m24s
110200K .......... .......... .......... .......... .......... 66%  118K 5m23s
110250K .......... .......... .......... .......... .......... 66%  655K 5m23s
110300K .......... .......... .......... .......... .......... 66%  167K 5m23s
110350K .......... .......... .......... .......... .......... 66%  182K 5m22s
110400K .......... .......... .......... .......... .......... 66%  698K 5m22s
110450K .......... .......... .......... .......... .......... 66%  212K 5m22s
110500K .......... .......... .......... .......... .......... 66%  393K 5m21s
110550K .......... .......... .......... .......... .......... 66%  171K 5m21s
110600K .......... .......... .......... .......... .......... 66% 64.4K 5m21s
110650K .......... .......... .......... .......... .......... 66%  251K 5m21s
110700K .......... .......... .......... .......... .......... 66%  466K 5m20s
110750K .......... .......... .......... .......... .......... 66%  561K 5m20s
110800K .......... .......... .......... .......... .......... 66%  244K 5m20s
110850K .......... .......... .......... .......... .......... 66%  370K 5m19s
110900K .......... .......... .......... .......... .......... 66%  390K 5m19s
110950K .......... .......... .......... .......... .......... 66%  133K 5m19s
111000K .......... .......... .......... .......... .......... 66% 43.4K 5m19s
111050K .......... .......... .......... .......... .......... 66%  592K 5m18s
111100K .......... .......... .......... .......... .......... 66%  104K 5m18s
111150K .......... .......... .......... .......... .......... 66%  113K 5m18s
111200K .......... .......... .......... .......... .......... 66%  243K 5m18s
111250K .......... .......... .......... .......... .......... 66% 99.5K 5m17s
111300K .......... .......... .......... .......... .......... 66%  386K 5m17s
111350K .......... .......... .......... .......... .......... 67% 83.9K 5m17s
111400K .......... .......... .......... .......... .......... 67% 41.4K 5m17s
111450K .......... .......... .......... .......... .......... 67%  189K 5m17s
111500K .......... .......... .......... .......... .......... 67% 74.5K 5m17s
111550K .......... .......... .......... .......... .......... 67%  100K 5m16s
111600K .......... .......... .......... .......... .......... 67% 80.6K 5m16s
111650K .......... .......... .......... .......... .......... 67%  533K 5m16s
111700K .......... .......... .......... .......... .......... 67% 73.2K 5m16s
111750K .......... .......... .......... .......... .......... 67%  137K 5m16s
111800K .......... .......... .......... .......... .......... 67%  446K 5m15s
111850K .......... .......... .......... .......... .......... 67% 25.5K 5m16s
111900K .......... .......... .......... .......... .......... 67%  601K 5m15s
111950K .......... .......... .......... .......... .......... 67%  105K 5m15s
112000K .......... .......... .......... .......... .......... 67% 75.1K 5m15s
112050K .......... .......... .......... .......... .......... 67% 84.1K 5m15s
112100K .......... .......... .......... .......... .......... 67%  630K 5m15s
112150K .......... .......... .......... .......... .......... 67%  341K 5m14s
112200K .......... .......... .......... .......... .......... 67%  229K 5m14s
112250K .......... .......... .......... .......... .......... 67%  482K 5m13s
112300K .......... .......... .......... .......... .......... 67% 83.8K 5m13s
112350K .......... .......... .......... .......... .......... 67%  372K 5m13s
112400K .......... .......... .......... .......... .......... 67% 69.2K 5m13s
112450K .......... .......... .......... .......... .......... 67%  107K 5m13s
112500K .......... .......... .......... .......... .......... 67% 54.6K 5m13s
112550K .......... .......... .......... .......... .......... 67% 60.0K 5m13s
112600K .......... .......... .......... .......... .......... 67% 81.5K 5m12s
112650K .......... .......... .......... .......... .......... 67% 69.2K 5m12s
112700K .......... .......... .......... .......... .......... 67%  399K 5m12s
112750K .......... .......... .......... .......... .......... 67%  562K 5m12s
112800K .......... .......... .......... .......... .......... 67% 52.9K 5m12s
112850K .......... .......... .......... .......... .......... 67%  131K 5m11s
112900K .......... .......... .......... .......... .......... 67%  115K 5m11s
112950K .......... .......... .......... .......... .......... 67%  349K 5m11s
113000K .......... .......... .......... .......... .......... 67%  317K 5m10s
113050K .......... .......... .......... .......... .......... 68% 46.4K 5m11s
113100K .......... .......... .......... .......... .......... 68%  436K 5m10s
113150K .......... .......... .......... .......... .......... 68%  621K 5m10s
113200K .......... .......... .......... .......... .......... 68%  339K 5m9s
113250K .......... .......... .......... .......... .......... 68% 92.0K 5m9s
113300K .......... .......... .......... .......... .......... 68%  111K 5m9s
113350K .......... .......... .......... .......... .......... 68% 45.5K 5m9s
113400K .......... .......... .......... .......... .......... 68%  182K 5m9s
113450K .......... .......... .......... .......... .......... 68% 39.7K 5m9s
113500K .......... .......... .......... .......... .......... 68%  153K 5m9s
113550K .......... .......... .......... .......... .......... 68% 47.0K 5m9s
113600K .......... .......... .......... .......... .......... 68%  565K 5m8s
113650K .......... .......... .......... .......... .......... 68% 62.3K 5m8s
113700K .......... .......... .......... .......... .......... 68%  513K 5m8s
113750K .......... .......... .......... .......... .......... 68%  159K 5m8s
113800K .......... .......... .......... .......... .......... 68%  515K 5m7s
113850K .......... .......... .......... .......... .......... 68% 43.3K 5m7s
113900K .......... .......... .......... .......... .......... 68% 69.3K 5m7s
113950K .......... .......... .......... .......... .......... 68%  548K 5m7s
114000K .......... .......... .......... .......... .......... 68% 83.4K 5m7s
114050K .......... .......... .......... .......... .......... 68%  424K 5m6s
114100K .......... .......... .......... .......... .......... 68% 94.0K 5m6s
114150K .......... .......... .......... .......... .......... 68% 66.4K 5m6s
114200K .......... .......... .......... .......... .......... 68%  129K 5m6s
114250K .......... .......... .......... .......... .......... 68%  148K 5m6s
114300K .......... .......... .......... .......... .......... 68% 45.1K 5m6s
114350K .......... .......... .......... .......... .......... 68%  146K 5m5s
114400K .......... .......... .......... .......... .......... 68%  207K 5m5s
114450K .......... .......... .......... .......... .......... 68% 67.5K 5m5s
114500K .......... .......... .......... .......... .......... 68%  711K 5m5s
114550K .......... .......... .......... .......... .......... 68% 50.1K 5m5s
114600K .......... .......... .......... .......... .......... 68% 68.5K 5m4s
114650K .......... .......... .......... .......... .......... 68%  415K 5m4s
114700K .......... .......... .......... .......... .......... 69%  217K 5m4s
114750K .......... .......... .......... .......... .......... 69%  780K 5m3s
114800K .......... .......... .......... .......... .......... 69%  137K 5m3s
114850K .......... .......... .......... .......... .......... 69%  123K 5m3s
114900K .......... .......... .......... .......... .......... 69%  748K 5m2s
114950K .......... .......... .......... .......... .......... 69%  150K 5m2s
115000K .......... .......... .......... .......... .......... 69%  432K 5m2s
115050K .......... .......... .......... .......... .......... 69%  168K 5m2s
115100K .......... .......... .......... .......... .......... 69%  150K 5m1s
115150K .......... .......... .......... .......... .......... 69% 80.5K 5m1s
115200K .......... .......... .......... .......... .......... 69%  440K 5m1s
115250K .......... .......... .......... .......... .......... 69%  466K 5m0s
115300K .......... .......... .......... .......... .......... 69%  197K 5m0s
115350K .......... .......... .......... .......... .......... 69%  217K 5m0s
115400K .......... .......... .......... .......... .......... 69%  426K 4m59s
115450K .......... .......... .......... .......... .......... 69%  297K 4m59s
115500K .......... .......... .......... .......... .......... 69%  172K 4m59s
115550K .......... .......... .......... .......... .......... 69%  121K 4m58s
115600K .......... .......... .......... .......... .......... 69%  193K 4m58s
115650K .......... .......... .......... .......... .......... 69%  352K 4m58s
115700K .......... .......... .......... .......... .......... 69% 84.3K 4m58s
115750K .......... .......... .......... .......... .......... 69%  133K 4m57s
115800K .......... .......... .......... .......... .......... 69%  212K 4m57s
115850K .......... .......... .......... .......... .......... 69%  258K 4m57s
115900K .......... .......... .......... .......... .......... 69%  575K 4m56s
115950K .......... .......... .......... .......... .......... 69%  153K 4m56s
116000K .......... .......... .......... .......... .......... 69%  179K 4m56s
116050K .......... .......... .......... .......... .......... 69% 93.4K 4m56s
116100K .......... .......... .......... .......... .......... 69%  147K 4m55s
116150K .......... .......... .......... .......... .......... 69%  282K 4m55s
116200K .......... .......... .......... .......... .......... 69%  153K 4m55s
116250K .......... .......... .......... .......... .......... 69%  313K 4m54s
116300K .......... .......... .......... .......... .......... 69%  362K 4m54s
116350K .......... .......... .......... .......... .......... 70%  163K 4m54s
116400K .......... .......... .......... .......... .......... 70%  107K 4m53s
116450K .......... .......... .......... .......... .......... 70%  286K 4m53s
116500K .......... .......... .......... .......... .......... 70%  152K 4m53s
116550K .......... .......... .......... .......... .......... 70%  256K 4m52s
116600K .......... .......... .......... .......... .......... 70%  557K 4m52s
116650K .......... .......... .......... .......... .......... 70% 85.6K 4m52s
116700K .......... .......... .......... .......... .......... 70%  191K 4m52s
116750K .......... .......... .......... .......... .......... 70%  940K 4m51s
116800K .......... .......... .......... .......... .......... 70%  475K 4m51s
116850K .......... .......... .......... .......... .......... 70%  347K 4m50s
116900K .......... .......... .......... .......... .......... 70%  151K 4m50s
116950K .......... .......... .......... .......... .......... 70% 70.5K 4m50s
117000K .......... .......... .......... .......... .......... 70%  322K 4m50s
117050K .......... .......... .......... .......... .......... 70%  286K 4m49s
117100K .......... .......... .......... .......... .......... 70% 96.3K 4m49s
117150K .......... .......... .......... .......... .......... 70%  531K 4m49s
117200K .......... .......... .......... .......... .......... 70%  260K 4m48s
117250K .......... .......... .......... .......... .......... 70%  488K 4m48s
117300K .......... .......... .......... .......... .......... 70%  336K 4m48s
117350K .......... .......... .......... .......... .......... 70%  126K 4m47s
117400K .......... .......... .......... .......... .......... 70%  464K 4m47s
117450K .......... .......... .......... .......... .......... 70%  215K 4m47s
117500K .......... .......... .......... .......... .......... 70%  168K 4m46s
117550K .......... .......... .......... .......... .......... 70%  105K 4m46s
117600K .......... .......... .......... .......... .......... 70%  115K 4m46s
117650K .......... .......... .......... .......... .......... 70% 82.7K 4m46s
117700K .......... .......... .......... .......... .......... 70%  369K 4m45s
117750K .......... .......... .......... .......... .......... 70%  340K 4m45s
117800K .......... .......... .......... .......... .......... 70%  324K 4m45s
117850K .......... .......... .......... .......... .......... 70%  118K 4m45s
117900K .......... .......... .......... .......... .......... 70%  147K 4m44s
117950K .......... .......... .......... .......... .......... 70% 90.0K 4m44s
118000K .......... .......... .......... .......... .......... 71%  143K 4m44s
118050K .......... .......... .......... .......... .......... 71% 78.6K 4m44s
118100K .......... .......... .......... .......... .......... 71%  168K 4m43s
118150K .......... .......... .......... .......... .......... 71%  418K 4m43s
118200K .......... .......... .......... .......... .......... 71%  164K 4m43s
118250K .......... .......... .......... .......... .......... 71% 55.9K 4m43s
118300K .......... .......... .......... .......... .......... 71%  125K 4m42s
118350K .......... .......... .......... .......... .......... 71%  299K 4m42s
118400K .......... .......... .......... .......... .......... 71% 71.4K 4m42s
118450K .......... .......... .......... .......... .......... 71%  259K 4m42s
118500K .......... .......... .......... .......... .......... 71%  193K 4m41s
118550K .......... .......... .......... .......... .......... 71% 60.5K 4m41s
118600K .......... .......... .......... .......... .......... 71%  299K 4m41s
118650K .......... .......... .......... .......... .......... 71%  120K 4m41s
118700K .......... .......... .......... .......... .......... 71%  248K 4m40s
118750K .......... .......... .......... .......... .......... 71%  471K 4m40s
118800K .......... .......... .......... .......... .......... 71%  640K 4m40s
118850K .......... .......... .......... .......... .......... 71%  238K 4m39s
118900K .......... .......... .......... .......... .......... 71%  252K 4m39s
118950K .......... .......... .......... .......... .......... 71%  159K 4m39s
119000K .......... .......... .......... .......... .......... 71%  619K 4m38s
119050K .......... .......... .......... .......... .......... 71%  604K 4m38s
119100K .......... .......... .......... .......... .......... 71%  135K 4m38s
119150K .......... .......... .......... .......... .......... 71%  606K 4m37s
119200K .......... .......... .......... .......... .......... 71%  307K 4m37s
119250K .......... .......... .......... .......... .......... 71%  358K 4m36s
119300K .......... .......... .......... .......... .......... 71%  506K 4m36s
119350K .......... .......... .......... .......... .......... 71%  119K 4m36s
119400K .......... .......... .......... .......... .......... 71%  396K 4m35s
119450K .......... .......... .......... .......... .......... 71%  201K 4m35s
119500K .......... .......... .......... .......... .......... 71%  341K 4m35s
119550K .......... .......... .......... .......... .......... 71%  134K 4m35s
119600K .......... .......... .......... .......... .......... 71%  143K 4m34s
119650K .......... .......... .......... .......... .......... 71%  129K 4m34s
119700K .......... .......... .......... .......... .......... 72%  128K 4m34s
119750K .......... .......... .......... .......... .......... 72%  482K 4m33s
119800K .......... .......... .......... .......... .......... 72%  175K 4m33s
119850K .......... .......... .......... .......... .......... 72%  258K 4m33s
119900K .......... .......... .......... .......... .......... 72%  461K 4m32s
119950K .......... .......... .......... .......... .......... 72%  382K 4m32s
120000K .......... .......... .......... .......... .......... 72%  344K 4m32s
120050K .......... .......... .......... .......... .......... 72%  525K 4m31s
120100K .......... .......... .......... .......... .......... 72%  595K 4m31s
120150K .......... .......... .......... .......... .......... 72%  315K 4m31s
120200K .......... .......... .......... .......... .......... 72%  162K 4m30s
120250K .......... .......... .......... .......... .......... 72%  215K 4m30s
120300K .......... .......... .......... .......... .......... 72%  179K 4m30s
120350K .......... .......... .......... .......... .......... 72%  583K 4m29s
120400K .......... .......... .......... .......... .......... 72%  162K 4m29s
120450K .......... .......... .......... .......... .......... 72%  304K 4m29s
120500K .......... .......... .......... .......... .......... 72%  163K 4m28s
120550K .......... .......... .......... .......... .......... 72%  221K 4m28s
120600K .......... .......... .......... .......... .......... 72%  137K 4m28s
120650K .......... .......... .......... .......... .......... 72%  257K 4m28s
120700K .......... .......... .......... .......... .......... 72%  301K 4m27s
120750K .......... .......... .......... .......... .......... 72%  234K 4m27s
120800K .......... .......... .......... .......... .......... 72%  332K 4m26s
120850K .......... .......... .......... .......... .......... 72%  104K 4m26s
120900K .......... .......... .......... .......... .......... 72%  333K 4m26s
120950K .......... .......... .......... .......... .......... 72%  249K 4m26s
121000K .......... .......... .......... .......... .......... 72%  185K 4m25s
121050K .......... .......... .......... .......... .......... 72%  387K 4m25s
121100K .......... .......... .......... .......... .......... 72%  195K 4m25s
121150K .......... .......... .......... .......... .......... 72%  300K 4m24s
121200K .......... .......... .......... .......... .......... 72%  309K 4m24s
121250K .......... .......... .......... .......... .......... 72%  191K 4m24s
121300K .......... .......... .......... .......... .......... 72%  571K 4m23s
121350K .......... .......... .......... .......... .......... 73%  218K 4m23s
121400K .......... .......... .......... .......... .......... 73%  298K 4m23s
121450K .......... .......... .......... .......... .......... 73%  449K 4m22s
121500K .......... .......... .......... .......... .......... 73%  498K 4m22s
121550K .......... .......... .......... .......... .......... 73%  226K 4m22s
121600K .......... .......... .......... .......... .......... 73%  327K 4m21s
121650K .......... .......... .......... .......... .......... 73%  270K 4m21s
121700K .......... .......... .......... .......... .......... 73%  255K 4m21s
121750K .......... .......... .......... .......... .......... 73%  594K 4m20s
121800K .......... .......... .......... .......... .......... 73%  305K 4m20s
121850K .......... .......... .......... .......... .......... 73%  251K 4m20s
121900K .......... .......... .......... .......... .......... 73%  251K 4m19s
121950K .......... .......... .......... .......... .......... 73%  118K 4m19s
122000K .......... .......... .......... .......... .......... 73%  439K 4m19s
122050K .......... .......... .......... .......... .......... 73%  716K 4m18s
122100K .......... .......... .......... .......... .......... 73%  288K 4m18s
122150K .......... .......... .......... .......... .......... 73%  250K 4m18s
122200K .......... .......... .......... .......... .......... 73%  357K 4m17s
122250K .......... .......... .......... .......... .......... 73%  541K 4m17s
122300K .......... .......... .......... .......... .......... 73%  359K 4m17s
122350K .......... .......... .......... .......... .......... 73%  409K 4m16s
122400K .......... .......... .......... .......... .......... 73%  197K 4m16s
122450K .......... .......... .......... .......... .......... 73%  369K 4m16s
122500K .......... .......... .......... .......... .......... 73%  395K 4m15s
122550K .......... .......... .......... .......... .......... 73%  140K 4m15s
122600K .......... .......... .......... .......... .......... 73%  319K 4m15s
122650K .......... .......... .......... .......... .......... 73%  121K 4m14s
122700K .......... .......... .......... .......... .......... 73%  151K 4m14s
122750K .......... .......... .......... .......... .......... 73%  369K 4m14s
122800K .......... .......... .......... .......... .......... 73%  156K 4m13s
122850K .......... .......... .......... .......... .......... 73%  308K 4m13s
122900K .......... .......... .......... .......... .......... 73%  582K 4m13s
122950K .......... .......... .......... .......... .......... 73%  648K 4m12s
123000K .......... .......... .......... .......... .......... 74%  164K 4m12s
123050K .......... .......... .......... .......... .......... 74%  904K 4m12s
123100K .......... .......... .......... .......... .......... 74%  515K 4m11s
123150K .......... .......... .......... .......... .......... 74%  226K 4m11s
123200K .......... .......... .......... .......... .......... 74%  456K 4m11s
123250K .......... .......... .......... .......... .......... 74%  292K 4m10s
123300K .......... .......... .......... .......... .......... 74%  173K 4m10s
123350K .......... .......... .......... .......... .......... 74%  468K 4m10s
123400K .......... .......... .......... .......... .......... 74% 87.9K 4m9s
123450K .......... .......... .......... .......... .......... 74%  300K 4m9s
123500K .......... .......... .......... .......... .......... 74%  133K 4m9s
123550K .......... .......... .......... .......... .......... 74%  134K 4m9s
123600K .......... .......... .......... .......... .......... 74%  251K 4m8s
123650K .......... .......... .......... .......... .......... 74%  371K 4m8s
123700K .......... .......... .......... .......... .......... 74%  132K 4m8s
123750K .......... .......... .......... .......... .......... 74%  315K 4m7s
123800K .......... .......... .......... .......... .......... 74%  360K 4m7s
123850K .......... .......... .......... .......... .......... 74%  128K 4m7s
123900K .......... .......... .......... .......... .......... 74%  517K 4m6s
123950K .......... .......... .......... .......... .......... 74%  307K 4m6s
124000K .......... .......... .......... .......... .......... 74%  270K 4m6s
124050K .......... .......... .......... .......... .......... 74%  122K 4m5s
124100K .......... .......... .......... .......... .......... 74%  171K 4m5s
124150K .......... .......... .......... .......... .......... 74%  124K 4m5s
124200K .......... .......... .......... .......... .......... 74%  206K 4m5s
124250K .......... .......... .......... .......... .......... 74%  113K 4m4s
124300K .......... .......... .......... .......... .......... 74%  439K 4m4s
124350K .......... .......... .......... .......... .......... 74%  258K 4m4s
124400K .......... .......... .......... .......... .......... 74%  439K 4m3s
124450K .......... .......... .......... .......... .......... 74%  106K 4m3s
124500K .......... .......... .......... .......... .......... 74%  120K 4m3s
124550K .......... .......... .......... .......... .......... 74%  184K 4m3s
124600K .......... .......... .......... .......... .......... 74% 62.1K 4m2s
124650K .......... .......... .......... .......... .......... 75%  253K 4m2s
124700K .......... .......... .......... .......... .......... 75%  156K 4m2s
124750K .......... .......... .......... .......... .......... 75%  213K 4m2s
124800K .......... .......... .......... .......... .......... 75%  302K 4m1s
124850K .......... .......... .......... .......... .......... 75%  236K 4m1s
124900K .......... .......... .......... .......... .......... 75%  350K 4m1s
124950K .......... .......... .......... .......... .......... 75%  109K 4m0s
125000K .......... .......... .......... .......... .......... 75%  289K 4m0s
125050K .......... .......... .......... .......... .......... 75%  133K 4m0s
125100K .......... .......... .......... .......... .......... 75%  162K 3m59s
125150K .......... .......... .......... .......... .......... 75%  532K 3m59s
125200K .......... .......... .......... .......... .......... 75%  251K 3m59s
125250K .......... .......... .......... .......... .......... 75% 70.9K 3m59s
125300K .......... .......... .......... .......... .......... 75%  291K 3m58s
125350K .......... .......... .......... .......... .......... 75%  252K 3m58s
125400K .......... .......... .......... .......... .......... 75%  404K 3m58s
125450K .......... .......... .......... .......... .......... 75%  201K 3m57s
125500K .......... .......... .......... .......... .......... 75%  237K 3m57s
125550K .......... .......... .......... .......... .......... 75%  111K 3m57s
125600K .......... .......... .......... .......... .......... 75%  166K 3m56s
125650K .......... .......... .......... .......... .......... 75%  446K 3m56s
125700K .......... .......... .......... .......... .......... 75% 43.0K 3m56s
125750K .......... .......... .......... .......... .......... 75%  267K 3m56s
125800K .......... .......... .......... .......... .......... 75%  117K 3m56s
125850K .......... .......... .......... .......... .......... 75%  494K 3m55s
125900K .......... .......... .......... .......... .......... 75% 78.8K 3m55s
125950K .......... .......... .......... .......... .......... 75%  172K 3m55s
126000K .......... .......... .......... .......... .......... 75%  157K 3m54s
126050K .......... .......... .......... .......... .......... 75%  133K 3m54s
126100K .......... .......... .......... .......... .......... 75%  296K 3m54s
126150K .......... .......... .......... .......... .......... 75%  439K 3m53s
126200K .......... .......... .......... .......... .......... 75%  306K 3m53s
126250K .......... .......... .......... .......... .......... 75%  515K 3m53s
126300K .......... .......... .......... .......... .......... 75%  135K 3m53s
126350K .......... .......... .......... .......... .......... 76%  125K 3m52s
126400K .......... .......... .......... .......... .......... 76%  681K 3m52s
126450K .......... .......... .......... .......... .......... 76%  236K 3m52s
126500K .......... .......... .......... .......... .......... 76%  298K 3m51s
126550K .......... .......... .......... .......... .......... 76%  191K 3m51s
126600K .......... .......... .......... .......... .......... 76%  293K 3m51s
126650K .......... .......... .......... .......... .......... 76%  100K 3m50s
126700K .......... .......... .......... .......... .......... 76%  208K 3m50s
126750K .......... .......... .......... .......... .......... 76%  105K 3m50s
126800K .......... .......... .......... .......... .......... 76%  164K 3m50s
126850K .......... .......... .......... .......... .......... 76%  179K 3m49s
126900K .......... .......... .......... .......... .......... 76%  218K 3m49s
126950K .......... .......... .......... .......... .......... 76%  370K 3m49s
127000K .......... .......... .......... .......... .......... 76%  635K 3m48s
127050K .......... .......... .......... .......... .......... 76%  264K 3m48s
127100K .......... .......... .......... .......... .......... 76%  390K 3m48s
127150K .......... .......... .......... .......... .......... 76%  472K 3m47s
127200K .......... .......... .......... .......... .......... 76%  438K 3m47s
127250K .......... .......... .......... .......... .......... 76%  452K 3m47s
127300K .......... .......... .......... .......... .......... 76%  424K 3m46s
127350K .......... .......... .......... .......... .......... 76%  343K 3m46s
127400K .......... .......... .......... .......... .......... 76%  334K 3m46s
127450K .......... .......... .......... .......... .......... 76%  383K 3m45s
127500K .......... .......... .......... .......... .......... 76%  420K 3m45s
127550K .......... .......... .......... .......... .......... 76%  611K 3m45s
127600K .......... .......... .......... .......... .......... 76%  282K 3m44s
127650K .......... .......... .......... .......... .......... 76%  306K 3m44s
127700K .......... .......... .......... .......... .......... 76%  380K 3m44s
127750K .......... .......... .......... .......... .......... 76%  151K 3m43s
127800K .......... .......... .......... .......... .......... 76%  324K 3m43s
127850K .......... .......... .......... .......... .......... 76%  520K 3m43s
127900K .......... .......... .......... .......... .......... 76%  443K 3m42s
127950K .......... .......... .......... .......... .......... 76%  199K 3m42s
128000K .......... .......... .......... .......... .......... 77%  631K 3m42s
128050K .......... .......... .......... .......... .......... 77%  109K 3m41s
128100K .......... .......... .......... .......... .......... 77%  429K 3m41s
128150K .......... .......... .......... .......... .......... 77%  328K 3m41s
128200K .......... .......... .......... .......... .......... 77%  272K 3m40s
128250K .......... .......... .......... .......... .......... 77%  336K 3m40s
128300K .......... .......... .......... .......... .......... 77%  389K 3m40s
128350K .......... .......... .......... .......... .......... 77%  163K 3m39s
128400K .......... .......... .......... .......... .......... 77%  278K 3m39s
128450K .......... .......... .......... .......... .......... 77%  290K 3m39s
128500K .......... .......... .......... .......... .......... 77%  364K 3m38s
128550K .......... .......... .......... .......... .......... 77%  353K 3m38s
128600K .......... .......... .......... .......... .......... 77%  351K 3m38s
128650K .......... .......... .......... .......... .......... 77%  431K 3m37s
128700K .......... .......... .......... .......... .......... 77%  291K 3m37s
128750K .......... .......... .......... .......... .......... 77%  412K 3m37s
128800K .......... .......... .......... .......... .......... 77%  237K 3m36s
128850K .......... .......... .......... .......... .......... 77%  250K 3m36s
128900K .......... .......... .......... .......... .......... 77%  189K 3m36s
128950K .......... .......... .......... .......... .......... 77%  385K 3m35s
129000K .......... .......... .......... .......... .......... 77%  154K 3m35s
129050K .......... .......... .......... .......... .......... 77%  759K 3m35s
129100K .......... .......... .......... .......... .......... 77%  106K 3m35s
129150K .......... .......... .......... .......... .......... 77%  158K 3m34s
129200K .......... .......... .......... .......... .......... 77%  566K 3m34s
129250K .......... .......... .......... .......... .......... 77%  153K 3m34s
129300K .......... .......... .......... .......... .......... 77%  565K 3m33s
129350K .......... .......... .......... .......... .......... 77%  174K 3m33s
129400K .......... .......... .......... .......... .......... 77%  153K 3m33s
129450K .......... .......... .......... .......... .......... 77%  515K 3m32s
129500K .......... .......... .......... .......... .......... 77%  176K 3m32s
129550K .......... .......... .......... .......... .......... 77%  372K 3m32s
129600K .......... .......... .......... .......... .......... 77%  195K 3m32s
129650K .......... .......... .......... .......... .......... 78%  147K 3m31s
129700K .......... .......... .......... .......... .......... 78%  269K 3m31s
129750K .......... .......... .......... .......... .......... 78%  239K 3m31s
129800K .......... .......... .......... .......... .......... 78%  127K 3m30s
129850K .......... .......... .......... .......... .......... 78%  468K 3m30s
129900K .......... .......... .......... .......... .......... 78%  363K 3m30s
129950K .......... .......... .......... .......... .......... 78%  211K 3m29s
130000K .......... .......... .......... .......... .......... 78%  148K 3m29s
130050K .......... .......... .......... .......... .......... 78%  286K 3m29s
130100K .......... .......... .......... .......... .......... 78%  126K 3m29s
130150K .......... .......... .......... .......... .......... 78%  315K 3m28s
130200K .......... .......... .......... .......... .......... 78%  157K 3m28s
130250K .......... .......... .......... .......... .......... 78%  548K 3m28s
130300K .......... .......... .......... .......... .......... 78%  148K 3m27s
130350K .......... .......... .......... .......... .......... 78%  333K 3m27s
130400K .......... .......... .......... .......... .......... 78%  188K 3m27s
130450K .......... .......... .......... .......... .......... 78%  273K 3m26s
130500K .......... .......... .......... .......... .......... 78%  501K 3m26s
130550K .......... .......... .......... .......... .......... 78%  424K 3m26s
130600K .......... .......... .......... .......... .......... 78%  124K 3m25s
130650K .......... .......... .......... .......... .......... 78%  365K 3m25s
130700K .......... .......... .......... .......... .......... 78%  123K 3m25s
130750K .......... .......... .......... .......... .......... 78%  385K 3m25s
130800K .......... .......... .......... .......... .......... 78%  283K 3m24s
130850K .......... .......... .......... .......... .......... 78%  135K 3m24s
130900K .......... .......... .......... .......... .......... 78%  489K 3m24s
130950K .......... .......... .......... .......... .......... 78%  299K 3m23s
131000K .......... .......... .......... .......... .......... 78%  399K 3m23s
131050K .......... .......... .......... .......... .......... 78%  412K 3m23s
131100K .......... .......... .......... .......... .......... 78%  455K 3m22s
131150K .......... .......... .......... .......... .......... 78%  197K 3m22s
131200K .......... .......... .......... .......... .......... 78%  323K 3m22s
131250K .......... .......... .......... .......... .......... 78%  475K 3m21s
131300K .......... .......... .......... .......... .......... 79%  554K 3m21s
131350K .......... .......... .......... .......... .......... 79%  372K 3m21s
131400K .......... .......... .......... .......... .......... 79%  700K 3m20s
131450K .......... .......... .......... .......... .......... 79%  305K 3m20s
131500K .......... .......... .......... .......... .......... 79%  399K 3m20s
131550K .......... .......... .......... .......... .......... 79%  539K 3m19s
131600K .......... .......... .......... .......... .......... 79%  292K 3m19s
131650K .......... .......... .......... .......... .......... 79%  174K 3m19s
131700K .......... .......... .......... .......... .......... 79%  191K 3m18s
131750K .......... .......... .......... .......... .......... 79%  246K 3m18s
131800K .......... .......... .......... .......... .......... 79%  698K 3m18s
131850K .......... .......... .......... .......... .......... 79%  150K 3m17s
131900K .......... .......... .......... .......... .......... 79%  412K 3m17s
131950K .......... .......... .......... .......... .......... 79%  313K 3m17s
132000K .......... .......... .......... .......... .......... 79%  316K 3m17s
132050K .......... .......... .......... .......... .......... 79%  328K 3m16s
132100K .......... .......... .......... .......... .......... 79%  380K 3m16s
132150K .......... .......... .......... .......... .......... 79%  165K 3m16s
132200K .......... .......... .......... .......... .......... 79%  324K 3m15s
132250K .......... .......... .......... .......... .......... 79%  585K 3m15s
132300K .......... .......... .......... .......... .......... 79%  246K 3m15s
132350K .......... .......... .......... .......... .......... 79%  531K 3m14s
132400K .......... .......... .......... .......... .......... 79%  475K 3m14s
132450K .......... .......... .......... .......... .......... 79%  169K 3m14s
132500K .......... .......... .......... .......... .......... 79%  376K 3m13s
132550K .......... .......... .......... .......... .......... 79%  198K 3m13s
132600K .......... .......... .......... .......... .......... 79%  546K 3m13s
132650K .......... .......... .......... .......... .......... 79%  278K 3m12s
132700K .......... .......... .......... .......... .......... 79%  275K 3m12s
132750K .......... .......... .......... .......... .......... 79%  248K 3m12s
132800K .......... .......... .......... .......... .......... 79%  423K 3m11s
132850K .......... .......... .......... .......... .......... 79%  226K 3m11s
132900K .......... .......... .......... .......... .......... 79%  212K 3m11s
132950K .......... .......... .......... .......... .......... 79%  134K 3m11s
133000K .......... .......... .......... .......... .......... 80%  450K 3m10s
133050K .......... .......... .......... .......... .......... 80%  195K 3m10s
133100K .......... .......... .......... .......... .......... 80%  365K 3m10s
133150K .......... .......... .......... .......... .......... 80%  129K 3m9s
133200K .......... .......... .......... .......... .......... 80%  382K 3m9s
133250K .......... .......... .......... .......... .......... 80%  605K 3m9s
133300K .......... .......... .......... .......... .......... 80%  359K 3m8s
133350K .......... .......... .......... .......... .......... 80%  365K 3m8s
133400K .......... .......... .......... .......... .......... 80%  556K 3m8s
133450K .......... .......... .......... .......... .......... 80%  328K 3m7s
133500K .......... .......... .......... .......... .......... 80%  416K 3m7s
133550K .......... .......... .......... .......... .......... 80%  301K 3m7s
133600K .......... .......... .......... .......... .......... 80%  250K 3m6s
133650K .......... .......... .......... .......... .......... 80%  417K 3m6s
133700K .......... .......... .......... .......... .......... 80%  193K 3m6s
133750K .......... .......... .......... .......... .......... 80%  173K 3m6s
133800K .......... .......... .......... .......... .......... 80% 49.0K 3m5s
133850K .......... .......... .......... .......... .......... 80%  479K 3m5s
133900K .......... .......... .......... .......... .......... 80%  437K 3m5s
133950K .......... .......... .......... .......... .......... 80%  167K 3m4s
134000K .......... .......... .......... .......... .......... 80%  394K 3m4s
134050K .......... .......... .......... .......... .......... 80%  270K 3m4s
134100K .......... .......... .......... .......... .......... 80%  287K 3m4s
134150K .......... .......... .......... .......... .......... 80%  727K 3m3s
134200K .......... .......... .......... .......... .......... 80%  249K 3m3s
134250K .......... .......... .......... .......... .......... 80%  348K 3m3s
134300K .......... .......... .......... .......... .......... 80%  326K 3m2s
134350K .......... .......... .......... .......... .......... 80%  323K 3m2s
134400K .......... .......... .......... .......... .......... 80%  379K 3m2s
134450K .......... .......... .......... .......... .......... 80%  453K 3m1s
134500K .......... .......... .......... .......... .......... 80%  266K 3m1s
134550K .......... .......... .......... .......... .......... 80% 49.1K 3m1s
134600K .......... .......... .......... .......... .......... 80%  172K 3m1s
134650K .......... .......... .......... .......... .......... 81%  271K 3m0s
134700K .......... .......... .......... .......... .......... 81%  231K 3m0s
134750K .......... .......... .......... .......... .......... 81%  374K 3m0s
134800K .......... .......... .......... .......... .......... 81% 97.8K 2m59s
134850K .......... .......... .......... .......... .......... 81%  786K 2m59s
134900K .......... .......... .......... .......... .......... 81%  370K 2m59s
134950K .......... .......... .......... .......... .......... 81%  204K 2m58s
135000K .......... .......... .......... .......... .......... 81%  799K 2m58s
135050K .......... .......... .......... .......... .......... 81%  126K 2m58s
135100K .......... .......... .......... .......... .......... 81%  327K 2m58s
135150K .......... .......... .......... .......... .......... 81%  795K 2m57s
135200K .......... .......... .......... .......... .......... 81%  192K 2m57s
135250K .......... .......... .......... .......... .......... 81%  507K 2m57s
135300K .......... .......... .......... .......... .......... 81%  340K 2m56s
135350K .......... .......... .......... .......... .......... 81% 94.6K 2m56s
135400K .......... .......... .......... .......... .......... 81% 27.4K 2m56s
135450K .......... .......... .......... .......... .......... 81% 93.0K 2m56s
135500K .......... .......... .......... .......... .......... 81%  193K 2m56s
135550K .......... .......... .......... .......... .......... 81%  172K 2m55s
135600K .......... .......... .......... .......... .......... 81% 80.7K 2m55s
135650K .......... .......... .......... .......... .......... 81%  183K 2m55s
135700K .......... .......... .......... .......... .......... 81%  370K 2m54s
135750K .......... .......... .......... .......... .......... 81%  184K 2m54s
135800K .......... .......... .......... .......... .......... 81%  114K 2m54s
135850K .......... .......... .......... .......... .......... 81% 36.5K 2m54s
135900K .......... .......... .......... .......... .......... 81%  292K 2m54s
135950K .......... .......... .......... .......... .......... 81% 83.5K 2m53s
136000K .......... .......... .......... .......... .......... 81%  240K 2m53s
136050K .......... .......... .......... .......... .......... 81%  231K 2m53s
136100K .......... .......... .......... .......... .......... 81%  160K 2m52s
136150K .......... .......... .......... .......... .......... 81% 52.7K 2m52s
136200K .......... .......... .......... .......... .......... 81%  410K 2m52s
136250K .......... .......... .......... .......... .......... 81%  322K 2m52s
136300K .......... .......... .......... .......... .......... 82%  362K 2m51s
136350K .......... .......... .......... .......... .......... 82%  116K 2m51s
136400K .......... .......... .......... .......... .......... 82%  258K 2m51s
136450K .......... .......... .......... .......... .......... 82%  227K 2m51s
136500K .......... .......... .......... .......... .......... 82%  386K 2m50s
136550K .......... .......... .......... .......... .......... 82% 85.0K 2m50s
136600K .......... .......... .......... .......... .......... 82% 79.8K 2m50s
136650K .......... .......... .......... .......... .......... 82%  293K 2m49s
136700K .......... .......... .......... .......... .......... 82%  297K 2m49s
136750K .......... .......... .......... .......... .......... 82% 77.8K 2m49s
136800K .......... .......... .......... .......... .......... 82%  112K 2m49s
136850K .......... .......... .......... .......... .......... 82%  126K 2m48s
136900K .......... .......... .......... .......... .......... 82% 77.6K 2m48s
136950K .......... .......... .......... .......... .......... 82%  237K 2m48s
137000K .......... .......... .......... .......... .......... 82% 87.4K 2m48s
137050K .......... .......... .......... .......... .......... 82%  375K 2m47s
137100K .......... .......... .......... .......... .......... 82% 37.8K 2m47s
137150K .......... .......... .......... .......... .......... 82%  313K 2m47s
137200K .......... .......... .......... .......... .......... 82%  265K 2m47s
137250K .......... .......... .......... .......... .......... 82% 42.5K 2m47s
137300K .......... .......... .......... .......... .......... 82% 46.8K 2m46s
137350K .......... .......... .......... .......... .......... 82% 29.7K 2m46s
137400K .......... .......... .......... .......... .......... 82% 77.3K 2m46s
137450K .......... .......... .......... .......... .......... 82%  270K 2m46s
137500K .......... .......... .......... .......... .......... 82% 54.7K 2m46s
137550K .......... .......... .......... .......... .......... 82%  113K 2m46s
137600K .......... .......... .......... .......... .......... 82% 65.0K 2m45s
137650K .......... .......... .......... .......... .......... 82%  432K 2m45s
137700K .......... .......... .......... .......... .......... 82%  254K 2m45s
137750K .......... .......... .......... .......... .......... 82%  297K 2m44s
137800K .......... .......... .......... .......... .......... 82% 37.0K 2m44s
137850K .......... .......... .......... .......... .......... 82%  284K 2m44s
137900K .......... .......... .......... .......... .......... 82%  264K 2m44s
137950K .......... .......... .......... .......... .......... 83%  102K 2m43s
138000K .......... .......... .......... .......... .......... 83% 62.6K 2m43s
138050K .......... .......... .......... .......... .......... 83%  387K 2m43s
138100K .......... .......... .......... .......... .......... 83% 36.7K 2m43s
138150K .......... .......... .......... .......... .......... 83% 82.6K 2m43s
138200K .......... .......... .......... .......... .......... 83% 53.0K 2m42s
138250K .......... .......... .......... .......... .......... 83%  103K 2m42s
138300K .......... .......... .......... .......... .......... 83%  284K 2m42s
138350K .......... .......... .......... .......... .......... 83%  220K 2m42s
138400K .......... .......... .......... .......... .......... 83%  469K 2m41s
138450K .......... .......... .......... .......... .......... 83%  310K 2m41s
138500K .......... .......... .......... .......... .......... 83% 23.0K 2m41s
138550K .......... .......... .......... .......... .......... 83%  625K 2m41s
138600K .......... .......... .......... .......... .......... 83%  443K 2m40s
138650K .......... .......... .......... .......... .......... 83%  289K 2m40s
138700K .......... .......... .......... .......... .......... 83%  238K 2m40s
138750K .......... .......... .......... .......... .......... 83%  134K 2m40s
138800K .......... .......... .......... .......... .......... 83%  276K 2m39s
138850K .......... .......... .......... .......... .......... 83% 62.0K 2m39s
138900K .......... .......... .......... .......... .......... 83%  275K 2m39s
138950K .......... .......... .......... .......... .......... 83% 29.3K 2m39s
139000K .......... .......... .......... .......... .......... 83% 85.2K 2m38s
139050K .......... .......... .......... .......... .......... 83%  161K 2m38s
139100K .......... .......... .......... .......... .......... 83% 47.6K 2m38s
139150K .......... .......... .......... .......... .......... 83%  190K 2m38s
139200K .......... .......... .......... .......... .......... 83%  192K 2m37s
139250K .......... .......... .......... .......... .......... 83%  920K 2m37s
139300K .......... .......... .......... .......... .......... 83%  281K 2m37s
139350K .......... .......... .......... .......... .......... 83%  437K 2m36s
139400K .......... .......... .......... .......... .......... 83%  225K 2m36s
139450K .......... .......... .......... .......... .......... 83%  249K 2m36s
139500K .......... .......... .......... .......... .......... 83%  602K 2m36s
139550K .......... .......... .......... .......... .......... 83%  480K 2m35s
139600K .......... .......... .......... .......... .......... 83%  469K 2m35s
139650K .......... .......... .......... .......... .......... 84%  656K 2m35s
139700K .......... .......... .......... .......... .......... 84%  185K 2m34s
139750K .......... .......... .......... .......... .......... 84%  122K 2m34s
139800K .......... .......... .......... .......... .......... 84%  194K 2m34s
139850K .......... .......... .......... .......... .......... 84%  202K 2m33s
139900K .......... .......... .......... .......... .......... 84%  187K 2m33s
139950K .......... .......... .......... .......... .......... 84%  125K 2m33s
140000K .......... .......... .......... .......... .......... 84%  463K 2m32s
140050K .......... .......... .......... .......... .......... 84%  298K 2m32s
140100K .......... .......... .......... .......... .......... 84%  238K 2m32s
140150K .......... .......... .......... .......... .......... 84%  168K 2m32s
140200K .......... .......... .......... .......... .......... 84%  323K 2m31s
140250K .......... .......... .......... .......... .......... 84%  666K 2m31s
140300K .......... .......... .......... .......... .......... 84%  335K 2m31s
140350K .......... .......... .......... .......... .......... 84%  111K 2m30s
140400K .......... .......... .......... .......... .......... 84%  599K 2m30s
140450K .......... .......... .......... .......... .......... 84%  281K 2m30s
140500K .......... .......... .......... .......... .......... 84%  247K 2m29s
140550K .......... .......... .......... .......... .......... 84%  454K 2m29s
140600K .......... .......... .......... .......... .......... 84%  368K 2m29s
140650K .......... .......... .......... .......... .......... 84%  210K 2m28s
140700K .......... .......... .......... .......... .......... 84%  165K 2m28s
140750K .......... .......... .......... .......... .......... 84%  176K 2m28s
140800K .......... .......... .......... .......... .......... 84%  563K 2m28s
140850K .......... .......... .......... .......... .......... 84%  160K 2m27s
140900K .......... .......... .......... .......... .......... 84%  372K 2m27s
140950K .......... .......... .......... .......... .......... 84%  336K 2m27s
141000K .......... .......... .......... .......... .......... 84%  206K 2m26s
141050K .......... .......... .......... .......... .......... 84%  843K 2m26s
141100K .......... .......... .......... .......... .......... 84%  133K 2m26s
141150K .......... .......... .......... .......... .......... 84%  236K 2m25s
141200K .......... .......... .......... .......... .......... 84%  644K 2m25s
141250K .......... .......... .......... .......... .......... 84%  117K 2m25s
141300K .......... .......... .......... .......... .......... 85%  774K 2m24s
141350K .......... .......... .......... .......... .......... 85%  408K 2m24s
141400K .......... .......... .......... .......... .......... 85%  857K 2m24s
141450K .......... .......... .......... .......... .......... 85%  278K 2m24s
141500K .......... .......... .......... .......... .......... 85%  110K 2m23s
141550K .......... .......... .......... .......... .......... 85%  281K 2m23s
141600K .......... .......... .......... .......... .......... 85%  234K 2m23s
141650K .......... .......... .......... .......... .......... 85%  666K 2m22s
141700K .......... .......... .......... .......... .......... 85%  238K 2m22s
141750K .......... .......... .......... .......... .......... 85%  769K 2m22s
141800K .......... .......... .......... .......... .......... 85%  218K 2m21s
141850K .......... .......... .......... .......... .......... 85%  156K 2m21s
141900K .......... .......... .......... .......... .......... 85%  197K 2m21s
141950K .......... .......... .......... .......... .......... 85%  403K 2m20s
142000K .......... .......... .......... .......... .......... 85%  428K 2m20s
142050K .......... .......... .......... .......... .......... 85%  206K 2m20s
142100K .......... .......... .......... .......... .......... 85%  211K 2m20s
142150K .......... .......... .......... .......... .......... 85%  281K 2m19s
142200K .......... .......... .......... .......... .......... 85%  193K 2m19s
142250K .......... .......... .......... .......... .......... 85%  337K 2m19s
142300K .......... .......... .......... .......... .......... 85%  625K 2m18s
142350K .......... .......... .......... .......... .......... 85%  213K 2m18s
142400K .......... .......... .......... .......... .......... 85%  309K 2m18s
142450K .......... .......... .......... .......... .......... 85%  247K 2m17s
142500K .......... .......... .......... .......... .......... 85%  433K 2m17s
142550K .......... .......... .......... .......... .......... 85%  271K 2m17s
142600K .......... .......... .......... .......... .......... 85%  427K 2m16s
142650K .......... .......... .......... .......... .......... 85%  643K 2m16s
142700K .......... .......... .......... .......... .......... 85%  246K 2m16s
142750K .......... .......... .......... .......... .......... 85%  529K 2m16s
142800K .......... .......... .......... .......... .......... 85%  197K 2m15s
142850K .......... .......... .......... .......... .......... 85%  224K 2m15s
142900K .......... .......... .......... .......... .......... 85%  275K 2m15s
142950K .......... .......... .......... .......... .......... 86%  240K 2m14s
143000K .......... .......... .......... .......... .......... 86%  554K 2m14s
143050K .......... .......... .......... .......... .......... 86%  649K 2m14s
143100K .......... .......... .......... .......... .......... 86%  165K 2m13s
143150K .......... .......... .......... .......... .......... 86%  317K 2m13s
143200K .......... .......... .......... .......... .......... 86%  226K 2m13s
143250K .......... .......... .......... .......... .......... 86%  480K 2m12s
143300K .......... .......... .......... .......... .......... 86%  406K 2m12s
143350K .......... .......... .......... .......... .......... 86%  163K 2m12s
143400K .......... .......... .......... .......... .......... 86%  469K 2m12s
143450K .......... .......... .......... .......... .......... 86%  485K 2m11s
143500K .......... .......... .......... .......... .......... 86%  467K 2m11s
143550K .......... .......... .......... .......... .......... 86%  124K 2m11s
143600K .......... .......... .......... .......... .......... 86%  143K 2m10s
143650K .......... .......... .......... .......... .......... 86%  441K 2m10s
143700K .......... .......... .......... .......... .......... 86%  327K 2m10s
143750K .......... .......... .......... .......... .......... 86%  300K 2m9s
143800K .......... .......... .......... .......... .......... 86%  130K 2m9s
143850K .......... .......... .......... .......... .......... 86%  294K 2m9s
143900K .......... .......... .......... .......... .......... 86%  151K 2m9s
143950K .......... .......... .......... .......... .......... 86%  427K 2m8s
144000K .......... .......... .......... .......... .......... 86%  180K 2m8s
144050K .......... .......... .......... .......... .......... 86%  401K 2m8s
144100K .......... .......... .......... .......... .......... 86%  441K 2m7s
144150K .......... .......... .......... .......... .......... 86%  494K 2m7s
144200K .......... .......... .......... .......... .......... 86%  266K 2m7s
144250K .......... .......... .......... .......... .......... 86%  127K 2m6s
144300K .......... .......... .......... .......... .......... 86%  130K 2m6s
144350K .......... .......... .......... .......... .......... 86%  386K 2m6s
144400K .......... .......... .......... .......... .......... 86%  200K 2m6s
144450K .......... .......... .......... .......... .......... 86%  197K 2m5s
144500K .......... .......... .......... .......... .......... 86%  167K 2m5s
144550K .......... .......... .......... .......... .......... 86%  164K 2m5s
144600K .......... .......... .......... .......... .......... 87%  212K 2m4s
144650K .......... .......... .......... .......... .......... 87%  194K 2m4s
144700K .......... .......... .......... .......... .......... 87%  185K 2m4s
144750K .......... .......... .......... .......... .......... 87%  359K 2m4s
144800K .......... .......... .......... .......... .......... 87%  314K 2m3s
144850K .......... .......... .......... .......... .......... 87%  204K 2m3s
144900K .......... .......... .......... .......... .......... 87%  254K 2m3s
144950K .......... .......... .......... .......... .......... 87%  163K 2m2s
145000K .......... .......... .......... .......... .......... 87% 93.3K 2m2s
145050K .......... .......... .......... .......... .......... 87%  179K 2m2s
145100K .......... .......... .......... .......... .......... 87%  158K 2m2s
145150K .......... .......... .......... .......... .......... 87%  385K 2m1s
145200K .......... .......... .......... .......... .......... 87%  258K 2m1s
145250K .......... .......... .......... .......... .......... 87%  176K 2m1s
145300K .......... .......... .......... .......... .......... 87%  339K 2m0s
145350K .......... .......... .......... .......... .......... 87% 75.3K 2m0s
145400K .......... .......... .......... .......... .......... 87%  735K 2m0s
145450K .......... .......... .......... .......... .......... 87%  196K 1m59s
145500K .......... .......... .......... .......... .......... 87%  208K 1m59s
145550K .......... .......... .......... .......... .......... 87%  626K 1m59s
145600K .......... .......... .......... .......... .......... 87%  266K 1m59s
145650K .......... .......... .......... .......... .......... 87%  410K 1m58s
145700K .......... .......... .......... .......... .......... 87%  322K 1m58s
145750K .......... .......... .......... .......... .......... 87%  359K 1m58s
145800K .......... .......... .......... .......... .......... 87%  186K 1m57s
145850K .......... .......... .......... .......... .......... 87%  446K 1m57s
145900K .......... .......... .......... .......... .......... 87%  465K 1m57s
145950K .......... .......... .......... .......... .......... 87%  198K 1m56s
146000K .......... .......... .......... .......... .......... 87% 97.3K 1m56s
146050K .......... .......... .......... .......... .......... 87%  459K 1m56s
146100K .......... .......... .......... .......... .......... 87%  270K 1m56s
146150K .......... .......... .......... .......... .......... 87% 73.7K 1m55s
146200K .......... .......... .......... .......... .......... 87%  191K 1m55s
146250K .......... .......... .......... .......... .......... 87%  589K 1m55s
146300K .......... .......... .......... .......... .......... 88%  261K 1m54s
146350K .......... .......... .......... .......... .......... 88%  127K 1m54s
146400K .......... .......... .......... .......... .......... 88%  162K 1m54s
146450K .......... .......... .......... .......... .......... 88%  272K 1m54s
146500K .......... .......... .......... .......... .......... 88%  547K 1m53s
146550K .......... .......... .......... .......... .......... 88%  104K 1m53s
146600K .......... .......... .......... .......... .......... 88%  359K 1m53s
146650K .......... .......... .......... .......... .......... 88%  283K 1m52s
146700K .......... .......... .......... .......... .......... 88%  175K 1m52s
146750K .......... .......... .......... .......... .......... 88%  287K 1m52s
146800K .......... .......... .......... .......... .......... 88%  188K 1m51s
146850K .......... .......... .......... .......... .......... 88%  325K 1m51s
146900K .......... .......... .......... .......... .......... 88%  125K 1m51s
146950K .......... .......... .......... .......... .......... 88% 80.5K 1m51s
147000K .......... .......... .......... .......... .......... 88%  408K 1m50s
147050K .......... .......... .......... .......... .......... 88%  180K 1m50s
147100K .......... .......... .......... .......... .......... 88%  573K 1m50s
147150K .......... .......... .......... .......... .......... 88%  368K 1m49s
147200K .......... .......... .......... .......... .......... 88%  292K 1m49s
147250K .......... .......... .......... .......... .......... 88%  574K 1m49s
147300K .......... .......... .......... .......... .......... 88%  141K 1m49s
147350K .......... .......... .......... .......... .......... 88%  238K 1m48s
147400K .......... .......... .......... .......... .......... 88%  282K 1m48s
147450K .......... .......... .......... .......... .......... 88%  466K 1m48s
147500K .......... .......... .......... .......... .......... 88%  625K 1m47s
147550K .......... .......... .......... .......... .......... 88%  597K 1m47s
147600K .......... .......... .......... .......... .......... 88%  298K 1m47s
147650K .......... .......... .......... .......... .......... 88% 1017K 1m46s
147700K .......... .......... .......... .......... .......... 88%  310K 1m46s
147750K .......... .......... .......... .......... .......... 88%  635K 1m46s
147800K .......... .......... .......... .......... .......... 88%  616K 1m45s
147850K .......... .......... .......... .......... .......... 88%  226K 1m45s
147900K .......... .......... .......... .......... .......... 88%  371K 1m45s
147950K .......... .......... .......... .......... .......... 89%  264K 1m45s
148000K .......... .......... .......... .......... .......... 89%  376K 1m44s
148050K .......... .......... .......... .......... .......... 89%  602K 1m44s
148100K .......... .......... .......... .......... .......... 89%  335K 1m44s
148150K .......... .......... .......... .......... .......... 89%  141K 1m43s
148200K .......... .......... .......... .......... .......... 89%  489K 1m43s
148250K .......... .......... .......... .......... .......... 89%  206K 1m43s
148300K .......... .......... .......... .......... .......... 89%  142K 1m42s
148350K .......... .......... .......... .......... .......... 89%  414K 1m42s
148400K .......... .......... .......... .......... .......... 89%  475K 1m42s
148450K .......... .......... .......... .......... .......... 89%  187K 1m42s
148500K .......... .......... .......... .......... .......... 89%  612K 1m41s
148550K .......... .......... .......... .......... .......... 89%  168K 1m41s
148600K .......... .......... .......... .......... .......... 89%  328K 1m41s
148650K .......... .......... .......... .......... .......... 89%  157K 1m40s
148700K .......... .......... .......... .......... .......... 89%  294K 1m40s
148750K .......... .......... .......... .......... .......... 89%  358K 1m40s
148800K .......... .......... .......... .......... .......... 89%  487K 99s
148850K .......... .......... .......... .......... .......... 89%  171K 99s
148900K .......... .......... .......... .......... .......... 89%  151K 99s
148950K .......... .......... .......... .......... .......... 89%  186K 99s
149000K .......... .......... .......... .......... .......... 89%  292K 98s
149050K .......... .......... .......... .......... .......... 89%  192K 98s
149100K .......... .......... .......... .......... .......... 89%  599K 98s
149150K .......... .......... .......... .......... .......... 89%  134K 97s
149200K .......... .......... .......... .......... .......... 89%  378K 97s
149250K .......... .......... .......... .......... .......... 89%  260K 97s
149300K .......... .......... .......... .......... .......... 89%  376K 97s
149350K .......... .......... .......... .......... .......... 89%  297K 96s
149400K .......... .......... .......... .......... .......... 89%  250K 96s
149450K .......... .......... .......... .......... .......... 89%  265K 96s
149500K .......... .......... .......... .......... .......... 89%  397K 95s
149550K .......... .......... .......... .......... .......... 89%  452K 95s
149600K .......... .......... .......... .......... .......... 90%  187K 95s
149650K .......... .......... .......... .......... .......... 90%  400K 94s
149700K .......... .......... .......... .......... .......... 90%  366K 94s
149750K .......... .......... .......... .......... .......... 90%  201K 94s
149800K .......... .......... .......... .......... .......... 90%  227K 94s
149850K .......... .......... .......... .......... .......... 90%  536K 93s
149900K .......... .......... .......... .......... .......... 90%  307K 93s
149950K .......... .......... .......... .......... .......... 90%  125K 93s
150000K .......... .......... .......... .......... .......... 90%  156K 92s
150050K .......... .......... .......... .......... .......... 90%  314K 92s
150100K .......... .......... .......... .......... .......... 90%  278K 92s
150150K .......... .......... .......... .......... .......... 90%  487K 92s
150200K .......... .......... .......... .......... .......... 90%  456K 91s
150250K .......... .......... .......... .......... .......... 90%  108K 91s
150300K .......... .......... .......... .......... .......... 90%  189K 91s
150350K .......... .......... .......... .......... .......... 90%  298K 90s
150400K .......... .......... .......... .......... .......... 90%  265K 90s
150450K .......... .......... .......... .......... .......... 90%  321K 90s
150500K .......... .......... .......... .......... .......... 90%  436K 89s
150550K .......... .......... .......... .......... .......... 90%  321K 89s
150600K .......... .......... .......... .......... .......... 90%  326K 89s
150650K .......... .......... .......... .......... .......... 90%  451K 89s
150700K .......... .......... .......... .......... .......... 90%  370K 88s
150750K .......... .......... .......... .......... .......... 90%  479K 88s
150800K .......... .......... .......... .......... .......... 90%  214K 88s
150850K .......... .......... .......... .......... .......... 90%  336K 87s
150900K .......... .......... .......... .......... .......... 90%  174K 87s
150950K .......... .......... .......... .......... .......... 90%  345K 87s
151000K .......... .......... .......... .......... .......... 90%  531K 87s
151050K .......... .......... .......... .......... .......... 90%  321K 86s
151100K .......... .......... .......... .......... .......... 90%  137K 86s
151150K .......... .......... .......... .......... .......... 90%  398K 86s
151200K .......... .......... .......... .......... .......... 90%  420K 85s
151250K .......... .......... .......... .......... .......... 91%  778K 85s
151300K .......... .......... .......... .......... .......... 91%  210K 85s
151350K .......... .......... .......... .......... .......... 91%  417K 84s
151400K .......... .......... .......... .......... .......... 91%  407K 84s
151450K .......... .......... .......... .......... .......... 91%  188K 84s
151500K .......... .......... .......... .......... .......... 91%  386K 84s
151550K .......... .......... .......... .......... .......... 91%  178K 83s
151600K .......... .......... .......... .......... .......... 91%  467K 83s
151650K .......... .......... .......... .......... .......... 91%  715K 83s
151700K .......... .......... .......... .......... .......... 91%  209K 82s
151750K .......... .......... .......... .......... .......... 91%  402K 82s
151800K .......... .......... .......... .......... .......... 91%  162K 82s
151850K .......... .......... .......... .......... .......... 91%  403K 81s
151900K .......... .......... .......... .......... .......... 91% 1.07M 81s
151950K .......... .......... .......... .......... .......... 91%  265K 81s
152000K .......... .......... .......... .......... .......... 91%  600K 81s
152050K .......... .......... .......... .......... .......... 91%  390K 80s
152100K .......... .......... .......... .......... .......... 91%  307K 80s
152150K .......... .......... .......... .......... .......... 91%  307K 80s
152200K .......... .......... .......... .......... .......... 91%  272K 79s
152250K .......... .......... .......... .......... .......... 91%  405K 79s
152300K .......... .......... .......... .......... .......... 91%  422K 79s
152350K .......... .......... .......... .......... .......... 91%  267K 79s
152400K .......... .......... .......... .......... .......... 91%  188K 78s
152450K .......... .......... .......... .......... .......... 91%  261K 78s
152500K .......... .......... .......... .......... .......... 91%  440K 78s
152550K .......... .......... .......... .......... .......... 91%  343K 77s
152600K .......... .......... .......... .......... .......... 91%  352K 77s
152650K .......... .......... .......... .......... .......... 91%  278K 77s
152700K .......... .......... .......... .......... .......... 91%  424K 76s
152750K .......... .......... .......... .......... .......... 91%  478K 76s
152800K .......... .......... .......... .......... .......... 91%  468K 76s
152850K .......... .......... .......... .......... .......... 91%  225K 76s
152900K .......... .......... .......... .......... .......... 91%  252K 75s
152950K .......... .......... .......... .......... .......... 92%  281K 75s
153000K .......... .......... .......... .......... .......... 92%  293K 75s
153050K .......... .......... .......... .......... .......... 92%  268K 74s
153100K .......... .......... .......... .......... .......... 92%  159K 74s
153150K .......... .......... .......... .......... .......... 92%  319K 74s
153200K .......... .......... .......... .......... .......... 92%  577K 74s
153250K .......... .......... .......... .......... .......... 92%  251K 73s
153300K .......... .......... .......... .......... .......... 92%  267K 73s
153350K .......... .......... .......... .......... .......... 92%  329K 73s
153400K .......... .......... .......... .......... .......... 92%  201K 72s
153450K .......... .......... .......... .......... .......... 92%  226K 72s
153500K .......... .......... .......... .......... .......... 92%  125K 72s
153550K .......... .......... .......... .......... .......... 92%  291K 72s
153600K .......... .......... .......... .......... .......... 92%  576K 71s
153650K .......... .......... .......... .......... .......... 92%  497K 71s
153700K .......... .......... .......... .......... .......... 92%  216K 71s
153750K .......... .......... .......... .......... .......... 92%  558K 70s
153800K .......... .......... .......... .......... .......... 92%  476K 70s
153850K .......... .......... .......... .......... .......... 92%  208K 70s
153900K .......... .......... .......... .......... .......... 92%  273K 69s
153950K .......... .......... .......... .......... .......... 92%  719K 69s
154000K .......... .......... .......... .......... .......... 92%  272K 69s
154050K .......... .......... .......... .......... .......... 92%  593K 69s
154100K .......... .......... .......... .......... .......... 92%  411K 68s
154150K .......... .......... .......... .......... .......... 92%  129K 68s
154200K .......... .......... .......... .......... .......... 92%  221K 68s
154250K .......... .......... .......... .......... .......... 92%  484K 67s
154300K .......... .......... .......... .......... .......... 92%  165K 67s
154350K .......... .......... .......... .......... .......... 92%  132K 67s
154400K .......... .......... .......... .......... .......... 92%  170K 67s
154450K .......... .......... .......... .......... .......... 92%  235K 66s
154500K .......... .......... .......... .......... .......... 92%  348K 66s
154550K .......... .......... .......... .......... .......... 92%  314K 66s
154600K .......... .......... .......... .......... .......... 93%  217K 65s
154650K .......... .......... .......... .......... .......... 93%  556K 65s
154700K .......... .......... .......... .......... .......... 93%  284K 65s
154750K .......... .......... .......... .......... .......... 93%  581K 65s
154800K .......... .......... .......... .......... .......... 93%  463K 64s
154850K .......... .......... .......... .......... .......... 93%  116K 64s
154900K .......... .......... .......... .......... .......... 93%  402K 64s
154950K .......... .......... .......... .......... .......... 93%  253K 63s
155000K .......... .......... .......... .......... .......... 93% 94.8K 63s
155050K .......... .......... .......... .......... .......... 93%  418K 63s
155100K .......... .......... .......... .......... .......... 93%  353K 63s
155150K .......... .......... .......... .......... .......... 93%  478K 62s
155200K .......... .......... .......... .......... .......... 93%  236K 62s
155250K .......... .......... .......... .......... .......... 93%  227K 62s
155300K .......... .......... .......... .......... .......... 93%  616K 61s
155350K .......... .......... .......... .......... .......... 93%  195K 61s
155400K .......... .......... .......... .......... .......... 93%  182K 61s
155450K .......... .......... .......... .......... .......... 93%  271K 61s
155500K .......... .......... .......... .......... .......... 93%  474K 60s
155550K .......... .......... .......... .......... .......... 93%  268K 60s
155600K .......... .......... .......... .......... .......... 93%  342K 60s
155650K .......... .......... .......... .......... .......... 93% 1.06M 59s
155700K .......... .......... .......... .......... .......... 93%  383K 59s
155750K .......... .......... .......... .......... .......... 93%  178K 59s
155800K .......... .......... .......... .......... .......... 93%  630K 59s
155850K .......... .......... .......... .......... .......... 93%  505K 58s
155900K .......... .......... .......... .......... .......... 93%  373K 58s
155950K .......... .......... .......... .......... .......... 93%  226K 58s
156000K .......... .......... .......... .......... .......... 93%  508K 57s
156050K .......... .......... .......... .......... .......... 93%  284K 57s
156100K .......... .......... .......... .......... .......... 93%  261K 57s
156150K .......... .......... .......... .......... .......... 93%  289K 56s
156200K .......... .......... .......... .......... .......... 93%  262K 56s
156250K .......... .......... .......... .......... .......... 94%  128K 56s
156300K .......... .......... .......... .......... .......... 94%  293K 56s
156350K .......... .......... .......... .......... .......... 94%  190K 55s
156400K .......... .......... .......... .......... .......... 94%  338K 55s
156450K .......... .......... .......... .......... .......... 94%  212K 55s
156500K .......... .......... .......... .......... .......... 94%  546K 54s
156550K .......... .......... .......... .......... .......... 94%  113K 54s
156600K .......... .......... .......... .......... .......... 94%  236K 54s
156650K .......... .......... .......... .......... .......... 94%  389K 54s
156700K .......... .......... .......... .......... .......... 94%  226K 53s
156750K .......... .......... .......... .......... .......... 94%  152K 53s
156800K .......... .......... .......... .......... .......... 94%  398K 53s
156850K .......... .......... .......... .......... .......... 94%  147K 53s
156900K .......... .......... .......... .......... .......... 94%  264K 52s
156950K .......... .......... .......... .......... .......... 94%  539K 52s
157000K .......... .......... .......... .......... .......... 94%  241K 52s
157050K .......... .......... .......... .......... .......... 94%  850K 51s
157100K .......... .......... .......... .......... .......... 94%  175K 51s
157150K .......... .......... .......... .......... .......... 94%  416K 51s
157200K .......... .......... .......... .......... .......... 94%  113K 51s
157250K .......... .......... .......... .......... .......... 94%  328K 50s
157300K .......... .......... .......... .......... .......... 94%  212K 50s
157350K .......... .......... .......... .......... .......... 94%  194K 50s
157400K .......... .......... .......... .......... .......... 94%  821K 49s
157450K .......... .......... .......... .......... .......... 94%  233K 49s
157500K .......... .......... .......... .......... .......... 94%  499K 49s
157550K .......... .......... .......... .......... .......... 94%  154K 49s
157600K .......... .......... .......... .......... .......... 94%  171K 48s
157650K .......... .......... .......... .......... .......... 94%  789K 48s
157700K .......... .......... .......... .......... .......... 94%  173K 48s
157750K .......... .......... .......... .......... .......... 94%  197K 47s
157800K .......... .......... .......... .......... .......... 94%  523K 47s
157850K .......... .......... .......... .......... .......... 94%  230K 47s
157900K .......... .......... .......... .......... .......... 95%  365K 47s
157950K .......... .......... .......... .......... .......... 95%  477K 46s
158000K .......... .......... .......... .......... .......... 95%  261K 46s
158050K .......... .......... .......... .......... .......... 95%  410K 46s
158100K .......... .......... .......... .......... .......... 95%  215K 45s
158150K .......... .......... .......... .......... .......... 95%  439K 45s
158200K .......... .......... .......... .......... .......... 95%  342K 45s
158250K .......... .......... .......... .......... .......... 95%  214K 45s
158300K .......... .......... .......... .......... .......... 95%  326K 44s
158350K .......... .......... .......... .......... .......... 95%  202K 44s
158400K .......... .......... .......... .......... .......... 95%  323K 44s
158450K .......... .......... .......... .......... .......... 95%  309K 43s
158500K .......... .......... .......... .......... .......... 95%  190K 43s
158550K .......... .......... .......... .......... .......... 95%  183K 43s
158600K .......... .......... .......... .......... .......... 95%  264K 43s
158650K .......... .......... .......... .......... .......... 95%  349K 42s
158700K .......... .......... .......... .......... .......... 95%  145K 42s
158750K .......... .......... .......... .......... .......... 95%  260K 42s
158800K .......... .......... .......... .......... .......... 95%  162K 41s
158850K .......... .......... .......... .......... .......... 95%  330K 41s
158900K .......... .......... .......... .......... .......... 95%  621K 41s
158950K .......... .......... .......... .......... .......... 95%  244K 41s
159000K .......... .......... .......... .......... .......... 95%  796K 40s
159050K .......... .......... .......... .......... .......... 95%  293K 40s
159100K .......... .......... .......... .......... .......... 95%  304K 40s
159150K .......... .......... .......... .......... .......... 95%  152K 39s
159200K .......... .......... .......... .......... .......... 95%  345K 39s
159250K .......... .......... .......... .......... .......... 95%  272K 39s
159300K .......... .......... .......... .......... .......... 95%  416K 39s
159350K .......... .......... .......... .......... .......... 95%  289K 38s
159400K .......... .......... .......... .......... .......... 95%  253K 38s
159450K .......... .......... .......... .......... .......... 95%  166K 38s
159500K .......... .......... .......... .......... .......... 95%  151K 37s
159550K .......... .......... .......... .......... .......... 95%  452K 37s
159600K .......... .......... .......... .......... .......... 96%  155K 37s
159650K .......... .......... .......... .......... .......... 96%  245K 37s
159700K .......... .......... .......... .......... .......... 96%  179K 36s
159750K .......... .......... .......... .......... .......... 96%  562K 36s
159800K .......... .......... .......... .......... .......... 96%  610K 36s
159850K .......... .......... .......... .......... .......... 96%  192K 35s
159900K .......... .......... .......... .......... .......... 96%  350K 35s
159950K .......... .......... .......... .......... .......... 96%  566K 35s
160000K .......... .......... .......... .......... .......... 96%  178K 35s
160050K .......... .......... .......... .......... .......... 96%  576K 34s
160100K .......... .......... .......... .......... .......... 96%  230K 34s
160150K .......... .......... .......... .......... .......... 96%  535K 34s
160200K .......... .......... .......... .......... .......... 96%  550K 33s
160250K .......... .......... .......... .......... .......... 96%  336K 33s
160300K .......... .......... .......... .......... .......... 96%  325K 33s
160350K .......... .......... .......... .......... .......... 96%  392K 33s
160400K .......... .......... .......... .......... .......... 96%  437K 32s
160450K .......... .......... .......... .......... .......... 96%  248K 32s
160500K .......... .......... .......... .......... .......... 96%  216K 32s
160550K .......... .......... .......... .......... .......... 96%  242K 31s
160600K .......... .......... .......... .......... .......... 96%  338K 31s
160650K .......... .......... .......... .......... .......... 96%  232K 31s
160700K .......... .......... .......... .......... .......... 96%  307K 31s
160750K .......... .......... .......... .......... .......... 96%  392K 30s
160800K .......... .......... .......... .......... .......... 96%  270K 30s
160850K .......... .......... .......... .......... .......... 96%  187K 30s
160900K .......... .......... .......... .......... .......... 96%  427K 30s
160950K .......... .......... .......... .......... .......... 96%  406K 29s
161000K .......... .......... .......... .......... .......... 96%  649K 29s
161050K .......... .......... .......... .......... .......... 96%  335K 29s
161100K .......... .......... .......... .......... .......... 96%  138K 28s
161150K .......... .......... .......... .......... .......... 96%  313K 28s
161200K .......... .......... .......... .......... .......... 96%  196K 28s
161250K .......... .......... .......... .......... .......... 97%  344K 28s
161300K .......... .......... .......... .......... .......... 97%  367K 27s
161350K .......... .......... .......... .......... .......... 97%  366K 27s
161400K .......... .......... .......... .......... .......... 97%  690K 27s
161450K .......... .......... .......... .......... .......... 97%  292K 26s
161500K .......... .......... .......... .......... .......... 97%  130K 26s
161550K .......... .......... .......... .......... .......... 97%  239K 26s
161600K .......... .......... .......... .......... .......... 97%  220K 26s
161650K .......... .......... .......... .......... .......... 97%  206K 25s
161700K .......... .......... .......... .......... .......... 97%  257K 25s
161750K .......... .......... .......... .......... .......... 97%  160K 25s
161800K .......... .......... .......... .......... .......... 97%  297K 24s
161850K .......... .......... .......... .......... .......... 97%  343K 24s
161900K .......... .......... .......... .......... .......... 97%  187K 24s
161950K .......... .......... .......... .......... .......... 97%  206K 24s
162000K .......... .......... .......... .......... .......... 97%  584K 23s
162050K .......... .......... .......... .......... .......... 97%  367K 23s
162100K .......... .......... .......... .......... .......... 97%  496K 23s
162150K .......... .......... .......... .......... .......... 97%  361K 23s
162200K .......... .......... .......... .......... .......... 97%  121K 22s
162250K .......... .......... .......... .......... .......... 97%  298K 22s
162300K .......... .......... .......... .......... .......... 97%  251K 22s
162350K .......... .......... .......... .......... .......... 97%  115K 21s
162400K .......... .......... .......... .......... .......... 97%  354K 21s
162450K .......... .......... .......... .......... .......... 97%  209K 21s
162500K .......... .......... .......... .......... .......... 97%  227K 21s
162550K .......... .......... .......... .......... .......... 97%  139K 20s
162600K .......... .......... .......... .......... .......... 97%  120K 20s
162650K .......... .......... .......... .......... .......... 97%  151K 20s
162700K .......... .......... .......... .......... .......... 97% 57.8K 19s
162750K .......... .......... .......... .......... .......... 97%  364K 19s
162800K .......... .......... .......... .......... .......... 97%  620K 19s
162850K .......... .......... .......... .......... .......... 97%  153K 19s
162900K .......... .......... .......... .......... .......... 98%  316K 18s
162950K .......... .......... .......... .......... .......... 98%  229K 18s
163000K .......... .......... .......... .......... .......... 98%  610K 18s
163050K .......... .......... .......... .......... .......... 98%  507K 18s
163100K .......... .......... .......... .......... .......... 98%  356K 17s
163150K .......... .......... .......... .......... .......... 98%  872K 17s
163200K .......... .......... .......... .......... .......... 98%  338K 17s
163250K .......... .......... .......... .......... .......... 98%  451K 16s
163300K .......... .......... .......... .......... .......... 98%  340K 16s
163350K .......... .......... .......... .......... .......... 98%  184K 16s
163400K .......... .......... .......... .......... .......... 98%  411K 16s
163450K .......... .......... .......... .......... .......... 98%  302K 15s
163500K .......... .......... .......... .......... .......... 98%  213K 15s
163550K .......... .......... .......... .......... .......... 98%  383K 15s
163600K .......... .......... .......... .......... .......... 98%  234K 14s
163650K .......... .......... .......... .......... .......... 98%  126K 14s
163700K .......... .......... .......... .......... .......... 98%  277K 14s
163750K .......... .......... .......... .......... .......... 98%  115K 14s
163800K .......... .......... .......... .......... .......... 98% 97.4K 13s
163850K .......... .......... .......... .......... .......... 98%  187K 13s
163900K .......... .......... .......... .......... .......... 98% 1011K 13s
163950K .......... .......... .......... .......... .......... 98%  493K 12s
164000K .......... .......... .......... .......... .......... 98%  411K 12s
164050K .......... .......... .......... .......... .......... 98%  562K 12s
164100K .......... .......... .......... .......... .......... 98%  503K 12s
164150K .......... .......... .......... .......... .......... 98%  380K 11s
164200K .......... .......... .......... .......... .......... 98%  531K 11s
164250K .......... .......... .......... .......... .......... 98%  377K 11s
164300K .......... .......... .......... .......... .......... 98%  185K 11s
164350K .......... .......... .......... .......... .......... 98%  103K 10s
164400K .......... .......... .......... .......... .......... 98%  357K 10s
164450K .......... .......... .......... .......... .......... 98%  354K 10s
164500K .......... .......... .......... .......... .......... 98%  210K 9s
164550K .......... .......... .......... .......... .......... 99%  213K 9s
164600K .......... .......... .......... .......... .......... 99%  271K 9s
164650K .......... .......... .......... .......... .......... 99%  235K 9s
164700K .......... .......... .......... .......... .......... 99%  588K 8s
164750K .......... .......... .......... .......... .......... 99%  124K 8s
164800K .......... .......... .......... .......... .......... 99%  581K 8s
164850K .......... .......... .......... .......... .......... 99%  553K 7s
164900K .......... .......... .......... .......... .......... 99%  340K 7s
164950K .......... .......... .......... .......... .......... 99%  448K 7s
165000K .......... .......... .......... .......... .......... 99%  476K 7s
165050K .......... .......... .......... .......... .......... 99%  150K 6s
165100K .......... .......... .......... .......... .......... 99%  393K 6s
165150K .......... .......... .......... .......... .......... 99%  331K 6s
165200K .......... .......... .......... .......... .......... 99%  516K 6s
165250K .......... .......... .......... .......... .......... 99%  516K 5s
165300K .......... .......... .......... .......... .......... 99%  404K 5s
165350K .......... .......... .......... .......... .......... 99%  645K 5s
165400K .......... .......... .......... .......... .......... 99%  531K 4s
165450K .......... .......... .......... .......... .......... 99%  109K 4s
165500K .......... .......... .......... .......... .......... 99%  500K 4s
165550K .......... .......... .......... .......... .......... 99%  112K 4s
165600K .......... .......... .......... .......... .......... 99%  361K 3s
165650K .......... .......... .......... .......... .......... 99%  243K 3s
165700K .......... .......... .......... .......... .......... 99%  301K 3s
165750K .......... .......... .......... .......... .......... 99%  244K 3s
165800K .......... .......... .......... .......... .......... 99%  161K 2s
165850K .......... .......... .......... .......... .......... 99%  440K 2s
165900K .......... .......... .......... .......... .......... 99%  406K 2s
165950K .......... .......... .......... .......... .......... 99%  396K 1s
166000K .......... .......... .......... .......... .......... 99%  408K 1s
166050K .......... .......... .......... .......... .......... 99%  554K 1s
166100K .......... .......... .......... .......... .......... 99%  242K 1s
166150K .......... .......... .......... .......... .......... 99%  363K 0s
166200K .......... .......... .......... .......... .......... 99%  329K 0s
166250K ...                                                   100% 6.01T=15m17s

